"Full Name",Position,BMI,"Draft Pick","Draft Year","Height (Inches)","Arm Length","Hand Size"
"A.J. Brown",WR,30.6,2.19,2019,72,"32 7/8","9 3/4"
"A.J. Green",WR,25.7,1.04,2011,76,"34 3/8","9 1/4"
"A.J. Jenkins",WR,26.0,1.30,2012,72,"32 3/4","9 1/2"
"A.J. Richardson",WR,28.2,Undrafted,2019,71,"30 1/8","9 1/2"
"Aaron Burbridge",WR,27.9,6.38,2016,72,"31 5/8","8 1/4"
"Aaron Dobson",WR,26.2,2.27,2013,75,"33    ","9    "
"Aaron Mellette",WR,27.9,7.32,2013,74,"33 1/8","9 5/8"
"Ace Sanders",WR,27.1,4.04,2013,67,"29 1/2","8 7/8"
"Adam Humphries",WR,27.2,Undrafted,2015,71,"30    ","9 1/4"
"Adam Thielen",WR,25.0,Undrafted,2013,75,-,-
"Adrian Coxson",WR,28.4,Undrafted,2015,73,"31 3/4","9 3/4"
"Ahmad Fulwood",WR,24.6,Undrafted,2017,76,"32    ","9 1/4"
"Alan Bonner",WR,27.7,6.27,2013,70,"30 1/4","9 3/8"
"Albert Wilson",WR,29.8,Undrafted,2014,69,"30 3/8","9 1/8"
"Aldrick Robinson",WR,26.4,6.13,2011,70,"29 1/2","8 3/4"
"Alex Erickson",WR,26.4,Undrafted,2016,72,"30    ","9    "
"Alex Neutz",WR,26.7,Undrafted,2014,75,"32 1/2","9 1/4"
"Alex Wesley",WR,25.8,Undrafted,2019,72,"31 1/4","9    "
"Allen Hurns",WR,27.0,Undrafted,2014,73,"32    ","9 1/4"
"Allen Lazard",WR,28.1,Undrafted,2018,75,"32 1/4","9 3/4"
"Allen Robinson",WR,28.2,2.29,2014,74,"32    ","9 1/2"
"Allenzae Staggers",WR,24.5,Undrafted,2018,72,"31 7/8","8 7/8"
"Alonzo Moore",WR,27.0,Undrafted,2017,72,"31 5/8","9 7/8"
"Alonzo Russell",WR,25.1,Undrafted,2016,76,"33 7/8","9 1/2"
"Alshon Jeffery",WR,27.0,2.13,2012,75,"33    ","10 1/4"
"Amara Darboh",WR,27.5,3.42,2017,74,"32 5/8","9 7/8"
"Amari Cooper",WR,27.8,1.04,2015,73,"31 1/2","10    "
"Amba Etta-Tawo",WR,27.4,Undrafted,2017,73,"32    ","9 1/8"
"Anas Hasic",WR,29.6,Undrafted,2017,71,"31    ","9 1/4"
"Andre Caldwell",WR,27.1,3.34,2008,72,"32 1/4","9    "
"Andre Davis",WR,27.0,Undrafted,2015,73,"33 1/4","9 1/4"
"Andre Debose",WR,26.4,7.04,2015,72,"32 1/4","8 5/8"
"Andre Holmes",WR,27.1,Undrafted,2011,76,"34    ","8 5/8"
"Andre Johnson",WR,28.9,1.03,2003,74,"34    ","9 1/8"
"Andre Levrone",WR,27.0,Undrafted,2018,75,"32    ","9 1/2"
"Andre Patton",WR,25.4,Undrafted,2017,74,"31 7/8","9 3/4"
"Andre Roberts",WR,27.2,3.24,2010,71,"31 1/2","9 1/2"
"Andrew Hawkins",WR,27.4,Undrafted,2011,67,-,-
"Andy Cruse",WR,26.5,Undrafted,2013,75,-,-
"Andy Isabella",WR,27.8,2.30,2019,69,"29 3/4","8 3/8"
"Andy Jones",WR,28.6,Undrafted,2016,73,"32    ","9 3/8"
"Anquan Boldin",WR,29.0,2.22,2003,73,"30    ","9 7/8"
"Anthony Dable",WR,25.5,Undrafted,2016,77,-,-
"Anthony Johnson",WR,26.8,Undrafted,2019,74,"31 3/8","9 3/8"
"Anthony Miller",WR,28.0,2.19,2018,71,"31 5/8","10 5/8"
"Anthony Ratliff-Williams",WR,27.8,Undrafted,2019,72,"30 3/4","9 1/2"
"Anthony Warrum",WR,25.8,Undrafted,2017,72,"30 1/8","9    "
"Antoine Wesley",WR,25.1,Undrafted,2019,76,"34    ","9 3/4"
"Antonio Brown",WR,26.7,6.26,2010,70,"31    ","9    "
"Antonio Callaway",WR,27.9,4.05,2018,71,"31 1/2","9 1/2"
"Antwan Goodley",WR,30.0,Undrafted,2015,70,"30 3/4","9 1/4"
"Antwane Grant",WR,27.4,Undrafted,2016,72,"31    ","9 1/4"
"ArDarius Stewart",WR,28.4,3.15,2017,71,"32 1/2","9 3/8"
"Armon Binns",WR,26.1,Undrafted,2011,75,"32 1/2","9 1/2"
"Arrelious Benn",WR,23.2,Undrafted,2014,74,"33 7/8","7 7/8"
"Artavis Scott",WR,27.7,Undrafted,2017,70,"31 3/8","9 3/8"
"Ashton Dulin",WR,28.4,Undrafted,2019,73,"33 3/8","9    "
"Auden Tate",WR,27.0,7.35,2018,77,"33 3/4","9 3/8"
"Austin Carr",WR,27.4,Undrafted,2017,72,"30    ","9    "
"Austin Collie",WR,27.1,4.27,2009,72,"31    ","9    "
"Austin Duke",WR,25.1,Undrafted,2017,69,"28 5/8","8 5/8"
"Austin Franklin",WR,26.4,Undrafted,2014,71,"31 1/4","10    "
"Austin Hill",WR,27.0,Undrafted,2015,74,"31 5/8","9 1/8"
"Austin Pettis",WR,26.1,3.14,2011,75,"31 3/4","9 3/4"
"Austin Proehl",WR,26.9,7.37,2018,69,"28 7/8","8 1/2"
"Austin Willis",WR,26.0,Undrafted,2015,69,"29 3/8","9 3/8"
"B.J. Cunningham",WR,28.4,6.13,2012,73,"33    ","8 1/8"
"Ben Edwards",WR,28.3,Undrafted,2014,70,"29 3/4","8 1/4"
"Bennie Fowler",WR,28.6,Undrafted,2014,73,"32    ","9 1/2"
"Bernard Reedy",WR,25.8,Undrafted,2014,69,"30    ","9 1/8"
"Blake Jackson",WR,28.6,Undrafted,2017,71,-,-
"Bobo Wilson",WR,27.9,Undrafted,2017,69,"31 3/8","9 3/8"
"Bra'lon Cherry",WR,26.2,Undrafted,2017,71,"30 7/8","8 1/2"
"Brad Smith",WR,27.2,4.06,2006,74,-,-
"Bradley Marquez",WR,28.0,Undrafted,2015,71,"30 1/2","9    "
"Braelon Roberts",WR,25.2,Undrafted,2018,75,"33    ","8 3/8"
"Brandin Cooks",WR,27.1,1.20,2014,70,"30 3/4","9 5/8"
"Brandon Coleman",WR,26.0,Undrafted,2014,78,"34    ","9 1/4"
"Brandon Gibson",WR,28.5,6.21,2009,72,"32    ",-
"Brandon LaFell",WR,27.1,3.14,2010,74,"32 3/4","8 3/4"
"Brandon Lloyd",WR,27.1,4.25,2003,72,"31 1/4","9    "
"Brandon Marshall",WR,28.0,4.22,2006,76,"32 5/8","8 7/8"
"Brandon Powell",WR,27.5,Undrafted,2018,68,"29 1/4","8 7/8"
"Brandon Reilly",WR,25.9,Undrafted,2017,74,"29 1/4","8 7/8"
"Brandon Shippen",WR,27.2,Undrafted,2016,71,"30 3/8","9    "
"Brandon Tate",WR,25.7,3.19,2009,73,"30 3/4",-
"Brandon Zylstra",WR,27.5,Undrafted,2016,74,"31 1/4","9 1/4"
"Braxton Berrios",WR,27.2,6.36,2018,69,"28    ","9 1/4"
"Braxton Miller",WR,26.5,3.22,2016,73,"31 3/4","9 1/8"
"Brelan Chancellor",WR,27.8,Undrafted,2014,69,"30    ","9 5/8"
"Brenton Bersin",WR,26.4,Undrafted,2012,75,"31 1/4",-
"Breshad Perriman",WR,27.2,1.26,2015,74,"32    ","9 1/4"
"Brian Brown",WR,26.9,Undrafted,2017,73,"31 1/8","9    "
"Brian Hartline",WR,25.5,4.08,2009,74,"32    ","10    "
"Brian Quick",WR,27.5,2.01,2012,75,"34 1/4","9 3/4"
"Brian Tyms",WR,25.5,Undrafted,2012,75,"32 2/3",-
"Brice Butler",WR,26.6,7.03,2013,75,"34 1/2","9 3/8"
"Brisly Estime",WR,28.3,Undrafted,2017,68,"29 3/4","8    "
"Brittan Golden",WR,25.9,Undrafted,2012,71,-,-
"Brody Oliver",WR,26.4,Undrafted,2019,75,"31 5/8","9 7/8"
"Bruce Ellington",WR,29.1,4.06,2014,69,"31    ","9 5/8"
"Bryan Walters",WR,25.8,Undrafted,2010,72,-,-
"Bryant Mitchell",WR,24.4,Undrafted,2015,73,"32 3/8","9 1/2"
"Bryce Bobo",WR,26.2,Undrafted,2018,74,"32 7/8","10    "
"Bryce Treggs",WR,26.5,Undrafted,2016,70,"30 7/8","9 1/8"
"Bud Sasser",WR,27.7,6.25,2015,74,"33    ","10 1/8"
"Bug Howard",WR,26.9,Undrafted,2017,76,"33 1/8","10 3/8"
"Byron Pringle",WR,27.0,Undrafted,2018,73,"32    ","9 1/4"
"C.J. Board",WR,23.9,Undrafted,2017,73,"31 1/2","9 1/4"
"Caleb Holley",WR,25.7,Undrafted,2014,74,"31 5/8","9 3/4"
"Caleb Scott",WR,26.1,Undrafted,2018,74,"30 5/8","9    "
"Calvin Johnson",WR,28.0,1.02,2007,77,"33 3/8","9 7/8"
"Calvin Ridley",WR,24.9,1.26,2018,73,"31 5/8","9 1/8"
"Cam Phillips",WR,27.0,Undrafted,2018,72,"30 1/2","8 7/8"
"Cam Sims",WR,25.8,Undrafted,2018,76,"33 1/4","9 5/8"
"Cam Worthy",WR,27.1,Undrafted,2015,74,"33 1/2","10 1/8"
"Cameron Batson",WR,26.6,Undrafted,2018,68,"28 7/8","9    "
"Cameron Meredith",WR,25.0,Undrafted,2015,75,"32 1/8","9 1/4"
"Canaan Severin",WR,27.2,Undrafted,2016,74,"33 1/8","9 3/4"
"Carlos Henderson",WR,27.8,3.18,2017,71,"31 3/8","9 1/8"
"Carlton Agudosi",WR,25.7,Undrafted,2017,77,"35 1/2","9 1/2"
"Cayleb Jones",WR,26.1,Undrafted,2016,75,"32 3/4","9 1/4"
"Cecil Shorts",WR,27.8,4.17,2011,72,"31 5/8","9 1/4"
"Cedrick Wilson",WR,24.1,6.34,2018,74,"31 1/2","9 3/4"
"Chad Beebe",WR,25.5,Undrafted,2018,70,"27 7/8","9 1/8"
"Chad Hansen",WR,25.9,4.35,2017,74,"32 1/8","10 1/8"
"Chad Williams",WR,28.1,3.34,2017,72,"32    ","9 3/4"
"Chance Allen",WR,27.3,Undrafted,2017,73,"32 7/8","9 1/2"
"Chandler Jones",WR,24.3,Undrafted,2014,71,"29 1/2","8 1/2"
"Charles Johnson",WR,27.6,7.10,2013,74,"30 1/2","9 1/4"
"Charone Peake",WR,26.8,7.20,2016,74,"34    ","9 1/4"
"Chester Rogers",WR,25.1,Undrafted,2016,72,"30 1/8","7 1/2"
"Chris Boyd",WR,25.1,Undrafted,2014,76,"32 5/8","9 5/8"
"Chris Brown",WR,24.9,Undrafted,2016,74,"32 1/4","9    "
"Chris Conley",WR,27.3,3.12,2015,74,"33 3/4","9 7/8"
"Chris D. Harper",WR,30.2,4.26,2013,73,"32 3/4","9 3/4"
"Chris Fields",WR,26.9,Undrafted,2014,72,"31    ","8 7/8"
"Chris Givens",WR,27.6,4.01,2012,71,"31 1/4","8 1/4"
"Chris Godwin",WR,27.6,3.20,2017,73,"31 5/8","9 1/8"
"Chris Harper",WR,24.4,Undrafted,2015,72,"31 7/8","9 1/8"
"Chris Hogan",WR,29.0,Undrafted,2012,73,-,-
"Chris Lacy",WR,25.6,Undrafted,2018,75,"31 1/4","9 3/4"
"Chris Matthews",WR,25.8,Undrafted,2011,77,-,-
"Chris Moore",WR,27.2,4.09,2016,73,"33 3/8","9 3/8"
"Chris Owusu",WR,27.1,Undrafted,2012,72,"31 3/4","8 1/2"
"Chris Summers",WR,25.3,Undrafted,2012,77,"32 3/4",-
"Chris Thompson",WR,23.8,Undrafted,2017,71,"31 1/8","9 1/4"
"Chris Williams",WR,26.6,Undrafted,2009,68,-,-
"Christian Blake",WR,24.3,Undrafted,2018,72,"31 5/8","9 3/8"
"Christian Kirk",WR,28.8,2.15,2018,70,"30 3/8","9 7/8"
"Christion Jones",WR,26.1,Undrafted,2015,70,"30    ","9    "
"Chuck Jacobs",WR,24.1,Undrafted,2013,72,"30 3/4","8 1/2"
"Clyde Gates",WR,25.8,Undrafted,2011,72,"30 1/2","9 1/4"
"Cobi Hamilton",WR,27.2,6.29,2013,74,"32 1/2","8 3/4"
"Cody Core",WR,25.6,6.24,2016,75,"32    ","10 3/8"
"Cody Hoffman",WR,27.1,Undrafted,2014,76,"33 1/4","9 3/4"
"Cody Hollister",WR,26.7,Undrafted,2017,75,"31 3/4","9 5/8"
"Cody Latimer",WR,27.6,2.24,2014,74,"32 5/8","9 5/8"
"Cody Thompson",WR,27.0,Undrafted,2019,73,"31    ","9 3/8"
"Colby Pearson",WR,26.3,Undrafted,2017,72,"31 3/8","9 3/8"
"Cole Beasley",WR,26.9,Undrafted,2012,68,"28 7/8",-
"Colin Lockett",WR,26.2,Undrafted,2014,71,"30 1/8","8 1/2"
"Cooper Kupp",WR,26.2,3.05,2017,74,"31 1/2","9 1/2"
"Cordarrelle Patterson",WR,27.7,1.29,2013,74,"31 3/4","9    "
"Corey Brown",WR,24.8,Undrafted,2014,71,"31 3/4","9 3/8"
"Corey Coleman",WR,27.1,1.15,2016,71,"30 1/4","9    "
"Corey Davis",WR,26.1,1.05,2017,75,"33    ","9 1/8"
"Corey Fuller",WR,26.2,6.03,2013,74,"33 1/4","9 1/2"
"Corey Smith",WR,24.8,Undrafted,2017,72,"30 5/8","9 1/8"
"Corey Washington",WR,26.0,Undrafted,2014,76,"33    ","9 1/4"
"Corey Willis",WR,26.1,Undrafted,2018,70,"29 1/2","9 1/8"
"Cortrelle Simpson",WR,27.6,Undrafted,2019,69,"30 3/8","8 3/4"
"Courtland Sutton",WR,27.2,2.08,2018,75,"32 3/8","9 3/4"
"Courtney Roby",WR,25.6,3.04,2005,72,"31 3/8","9 5/8"
"Curtis Samuel",WR,27.3,2.08,2017,71,"31 1/4","9 1/2"
"Cyril Grayson",WR,27.0,Undrafted,2017,69,-,-
"D.J. Chark",WR,24.9,2.29,2018,75,"32 3/8","9 1/4"
"D.J. Coles",WR,28.1,Undrafted,2014,75,"33 1/4","10    "
"D.J. Moore",WR,28.5,1.24,2018,72,"31 5/8","9 5/8"
"D.K. Metcalf",WR,28.5,2.32,2019,75,"34 7/8","9 7/8"
"Da'Mari Scott",WR,27.8,Undrafted,2018,72,"31 3/4","9    "
"Da'Rick Rogers",WR,27.9,Undrafted,2013,74,"32 3/4","9 1/2"
"Da'Ron Brown",WR,27.8,7.16,2015,72,"32    ","10 1/4"
"DaMarkus Lodge",WR,25.9,Undrafted,2019,74,"33 1/8","9 1/2"
"DaVaris Daniels",WR,26.5,Undrafted,2015,73,"31 1/4","9    "
"DaeSean Hamilton",WR,26.8,4.13,2018,73,"31    ","9 3/8"
"Daikiel Shorts",WR,26.6,Undrafted,2017,72,"31    ","9 1/4"
"Damaris Johnson",WR,26.6,Undrafted,2012,68,"27 3/8",-
"Damarr Aultman",WR,27.6,Undrafted,2015,71,"30 1/8","9 1/2"
"Damian Copeland",WR,25.7,Undrafted,2014,71,"31 3/8","9    "
"Damian Williams",WR,26.3,3.13,2010,73,"31 3/4","9 1/4"
"Damiere Byrd",WR,23.9,Undrafted,2015,69,"29 7/8","8    "
"Damion Ratley",WR,25.2,6.01,2018,74,"31    ","9 1/2"
"Damion Willis",WR,25.5,Undrafted,2019,75,"33 1/4","8 7/8"
"Damond Powell",WR,24.8,Undrafted,2015,71,"30 3/8","8 7/8"
"Damore'ea Stringfellow",WR,28.0,Undrafted,2017,74,"33 1/4","10 5/8"
"Damoun Patterson",WR,26.0,Undrafted,2018,72,"30 3/8","8 5/8"
"Danario Alexander",WR,26.2,Undrafted,2010,77,"34 3/4","10    "
"Dane Sanzenbacher",WR,25.1,Undrafted,2011,71,"30 1/2","8 1/4"
"Daniel Braverman",WR,25.1,7.09,2016,70,"28 3/4","9 1/8"
"Daniel Williams",WR,30.0,Undrafted,2017,74,"32 1/2","9 1/2"
"Danny Amendola",WR,26.7,Undrafted,2009,70,-,-
"Danny Coale",WR,25.8,5.17,2012,72,"30 5/8","9 1/8"
"Dante Pettis",WR,24.5,2.12,2018,73,"32 1/4","9 1/2"
"Darius Davis",WR,29.6,Undrafted,2015,71,"30 5/8","9 3/8"
"Darius Jennings",WR,24.2,Undrafted,2015,70,"28 1/2","8 3/8"
"Darius Johnson",WR,26.4,Undrafted,2013,69,"30 1/4","9 1/8"
"Darius Powe",WR,27.5,Undrafted,2016,75,"31 5/8","9 1/8"
"Darius Slayton",WR,25.1,5.33,2019,73,"32 3/4","10    "
"Darren Andrews",WR,28.3,Undrafted,2018,70,"29 3/4","9 1/8"
"Darren Carrington",WR,25.5,Undrafted,2018,74,"32 3/4","10 3/8"
"Darreus Rogers",WR,28.5,Undrafted,2017,73,"32    ","10 1/8"
"Darrius Heyward-Bey",WR,27.0,1.07,2009,74,"33 5/8","9    "
"Darrius Shepherd",WR,25.9,Undrafted,2019,71,"30    ","10    "
"Darryl Surgent",WR,26.5,Undrafted,2014,71,"31 3/4","9 1/4"
"Darvin Kidsy",WR,24.4,Undrafted,2018,72,-,-
"Daurice Fountain",WR,27.2,5.22,2018,73,"34    ","10 1/8"
"Davante Adams",WR,28.0,2.21,2014,73,"32 5/8","9    "
"David Gettis",WR,27.1,6.29,2010,75,"34    ","10    "
"David Moore",WR,28.9,7.08,2017,73,"30 5/8","9 1/2"
"David Nelson",WR,25.4,Undrafted,2010,77,-,-
"David Reed",WR,25.8,5.25,2010,72,"31 3/4","9 3/8"
"David Richards",WR,25.6,Undrafted,2016,75,"31 1/2","9 3/8"
"David Sills",WR,26.4,Undrafted,2019,75,"32    ","9    "
"Davon Grayson",WR,26.3,Undrafted,2018,73,"31 3/8","9 3/8"
"Davonte Allen",WR,27.4,Undrafted,2016,73,"32 3/8","8 1/2"
"De'Anthony Thomas",WR,25.7,4.24,2014,69,"29 7/8","8 1/8"
"De'Mornay Pierson-El",WR,28.6,Undrafted,2018,69,"30 7/8","9 5/8"
"DeAndre Carter",WR,28.1,Undrafted,2015,68,"30 5/8","8 3/4"
"DeAndre Hopkins",WR,28.2,1.27,2013,73,"33 3/8","10    "
"DeAndre Reaves",WR,25.7,Undrafted,2016,70,"29 3/8","8    "
"DeAndre Smelter",WR,29.0,4.33,2015,74,"32 5/8","11    "
"DeAndrew White",WR,26.9,Undrafted,2015,71,"31    ","9 1/8"
"DeAngelo Yancey",WR,28.2,5.32,2017,74,"32 7/8","9 3/4"
"DeMario Bennett",WR,23.2,Undrafted,2014,74,"33 7/8","7 7/8"
"DeSean Jackson",WR,25.1,2.18,2008,70,"31 1/4","9 3/8"
"DeVante Parker",WR,26.1,1.14,2015,75,"33 1/4","9 1/4"
"DeVier Posey",WR,27.0,3.05,2012,74,"31 5/8","9 5/8"
"Deante' Gray",WR,28.0,Undrafted,2017,68,"30 1/4","7 7/8"
"Dede Westbrook",WR,24.1,4.03,2017,72,"30 5/8","9    "
"Deebo Samuel",WR,29.8,2.04,2019,71,"31 3/8","10    "
"Demarcus Ayers",WR,26.9,7.08,2016,69,"31 1/4","9 1/4"
"Demarcus Robinson",WR,26.8,4.28,2016,73,"33    ","9 1/2"
"Demaryius Thomas",WR,28.6,1.22,2010,75,"33    ","10 1/2"
"Denarius Moore",WR,26.3,5.17,2011,72,"33    ","9 1/2"
"Dennis Parks",WR,26.5,Undrafted,2016,73,"33 5/8","8 7/8"
"Deon Cain",WR,25.9,6.11,2018,74,"33    ","8 3/4"
"Deon Long",WR,26.0,Undrafted,2015,72,"31    ","9 1/2"
"Deon-Tay McManus",WR,30.6,Undrafted,2017,72,"29 3/4","9 1/4"
"Deondre Douglas",WR,27.2,Undrafted,2019,73,"31 5/8","8 7/8"
"Deontay Burnett",WR,25.2,Undrafted,2018,72,"31 1/2","8 5/8"
"Deonte Greenberry",WR,27.8,Undrafted,2015,73,"31 1/4","9 1/2"
"Deonte Thompson",WR,27.5,Undrafted,2012,72,"32 1/2",-
"Deontez Alexander",WR,25.9,Undrafted,2018,73,"32    ","8 5/8"
"Derel Walker",WR,24.8,Undrafted,2014,73,"32 1/4","9    "
"Derrick Johnson",WR,26.5,Undrafted,2014,71,"31 1/8","9 1/2"
"Derrick Willies",WR,25.2,Undrafted,2018,76,"33    ","9 3/4"
"Devante Davis",WR,27.5,Undrafted,2015,75,"32 3/8","9 1/2"
"Devin Fuller",WR,26.3,7.17,2016,72,"30 3/4","9 1/4"
"Devin Funchess",WR,28.2,2.09,2015,76,"33 1/2","9 3/4"
"Devin Gray",WR,25.5,Undrafted,2018,71,"30 3/4","9 3/8"
"Devin Hester",WR,26.5,2.25,2006,71,-,-
"Devin Lucien",WR,29.3,7.04,2016,73,"31 7/8","10 1/8"
"Devin Ross",WR,28.4,Undrafted,2018,69,"30 7/8","9 1/4"
"Devin Smith",WR,26.6,2.05,2015,72,"31    ","9    "
"Devin Street",WR,24.7,5.06,2014,75,"33 3/8","9 1/4"
"Devon Wylie",WR,27.5,4.12,2012,69,"30 1/4","9 1/2"
"Devonte Boyd",WR,25.5,Undrafted,2018,73,"31 1/4","10    "
"Dez Bryant",WR,28.2,1.24,2010,74,"34    ","9 3/4"
"Dezmin Lewis",WR,26.0,7.17,2015,76,"32 1/2","9 7/8"
"Dillon Mitchell",WR,26.0,7.25,2019,73,"31 1/2","9    "
"Diontae Johnson",WR,26.3,3.02,2019,70,"30 3/4","9    "
"Diontae Spencer",WR,26.3,Undrafted,2014,68,"29 7/8","9 7/8"
"Dom Williams",WR,25.4,Undrafted,2016,74,"32    ","9    "
"Domenik Hixon",WR,25.3,4.33,2006,74,-,-
"Domonique Young",WR,28.1,Undrafted,2017,74,"33 3/4","10 1/2"
"Donnie Avery",WR,25.5,2.02,2008,71,"30 1/4","9 3/4"
"Donte Foster",WR,25.5,Undrafted,2014,73,"31 3/4","9    "
"Donte Moncrief",WR,28.4,3.26,2014,74,"32 3/8","9 1/8"
"Donteea Dye",WR,26.4,Undrafted,2015,72,"30 1/2","9 1/4"
"Dontez Ford",WR,28.0,Undrafted,2017,73,"33 3/8","9 3/4"
"Dontre Wilson",WR,26.3,Undrafted,2017,70,"30 5/8","8 1/2"
"Dontrelle Inman",WR,25.6,Undrafted,2011,75,-,-
"Dorial Green-Beckham",WR,28.1,2.08,2015,77,"32 1/2","9    "
"Dorren Miller",WR,25.0,Undrafted,2018,74,-,-
"Doug Baldwin",WR,27.1,Undrafted,2011,70,"27    ",-
"Douglas McNeil",WR,25.0,Undrafted,2013,75,-,-
"Dredrick Snelson",WR,26.4,Undrafted,2019,71,"30 5/8","8 3/4"
"Dres Anderson",WR,24.7,Undrafted,2015,73,"31 5/8","9 3/8"
"Drew Davis",WR,27.0,Undrafted,2012,73,-,-
"Drew Morgan",WR,25.8,Undrafted,2017,72,"30 3/8","9 1/2"
"Duke Williams",WR,29.4,Undrafted,2016,74,"32 1/2","9 1/4"
"Duron Carter",WR,25.0,Undrafted,2013,76,"32 1/2","9 5/8"
"Durron Neal",WR,27.8,Undrafted,2016,71,"30 1/2","9 1/4"
"Dwayne Bowe",WR,28.4,1.23,2007,74,"33 5/8","9 7/8"
"Dwayne Harris",WR,28.7,6.11,2011,70,"31 1/8","10 1/8"
"Dwayne Stanford",WR,26.6,Undrafted,2017,75,"33 1/2","10 5/8"
"Dylan Cantrell",WR,28.2,6.17,2018,75,"31 3/8","9 1/4"
"Earl Bennett",WR,28.4,3.07,2008,71,"32 1/4","9 5/8"
"Ed Eagan",WR,27.5,Undrafted,2016,70,"28 7/8","9 3/8"
"Ed Williams",WR,26.6,Undrafted,2014,72,"31 7/8",-
"Eddie Royal",WR,26.5,2.11,2008,70,"31    ","8 5/8"
"Eli Rogers",WR,25.8,Undrafted,2015,70,"29 7/8","9 1/4"
"Emanuel Hall",WR,25.8,Undrafted,2019,74,"33 1/4","9 3/4"
"Emmanuel Butler",WR,27.1,Undrafted,2019,75,"33    ","10 1/8"
"Emmanuel Sanders",WR,25.1,3.18,2010,71,"32    ","9 1/4"
"Emory Blake",WR,26.6,Undrafted,2013,72,"32 3/4","9 1/2"
"Equanimeous St. Brown",WR,25.4,6.33,2018,77,"33    ","9 3/4"
"Eric Decker",WR,26.9,3.23,2010,75,"31    ","9 1/8"
"Eric Page",WR,25.8,Undrafted,2012,70,"29    ","9    "
"Eric Rogers",WR,26.2,Undrafted,2013,75,"33 7/8","9 3/8"
"Eric Ward",WR,27.8,Undrafted,2014,72,"31 3/8","9 1/4"
"Eric Weems",WR,28.8,Undrafted,2007,69,-,-
"Evan Spencer",WR,27.4,6.11,2015,73,"31 7/8","10 1/8"
"Ezell Ruffin",WR,29.6,Undrafted,2015,72,"31 1/8","8 3/4"
"Felton Davis",WR,26.4,Undrafted,2019,75,"32 3/4","10 1/4"
"Francis Owusu",WR,28.4,Undrafted,2017,74,"32    ","9    "
"Frank Stephens",WR,26.0,Undrafted,2018,69,"30 1/2","9 1/8"
"Frankie Hammond",WR,24.3,Undrafted,2013,73,"31 1/2","9 1/4"
"Fred Brown",WR,26.3,Undrafted,2017,73,"32 1/2","9 1/4"
"Fred Ross",WR,28.1,Undrafted,2017,73,"31 1/4","9 1/4"
"Freddie Martino",WR,26.4,Undrafted,2014,72,"30 3/8","9    "
"Gabe Marks",WR,26.4,Undrafted,2017,71,"30 3/8","8 3/4"
"Garrett Johnson",WR,24.2,Undrafted,2018,70,"30 3/8","8 3/4"
"Garry Brown",WR,27.9,Undrafted,2017,72,"33    ","9    "
"Gary Jennings",WR,28.2,4.18,2019,73,"32 1/2","9 5/8"
"Gavin Lutman",WR,24.5,Undrafted,2015,76,"31 1/4","10    "
"Gehrig Dieter",WR,26.7,Undrafted,2017,74,"31 1/2","9 1/2"
"Geraldo Boldewijn",WR,26.9,Undrafted,2014,75,"34 1/8","9 1/2"
"Geremy Davis",WR,27.7,6.10,2015,74,"32 1/4","9 1/2"
"Geronimo Allison",WR,24.5,Undrafted,2016,75,"32 7/8","9 1/2"
"Gerrard Sheppard",WR,27.1,Undrafted,2013,74,-,-
"Golden Tate",WR,29.0,2.28,2010,70,"30 1/2","9 1/4"
"Grant Perry",WR,25.8,Undrafted,2019,71,"30 1/2","9 1/8"
"Greg Dortch",WR,27.1,Undrafted,2019,67,"29 1/4","9 1/4"
"Greg Hardin",WR,24.5,Undrafted,2014,70,"31 1/4","8 1/4"
"Greg Jenkins",WR,27.4,Undrafted,2013,73,"32 1/8","9 1/2"
"Greg Jennings",WR,27.6,2.20,2006,71,"30    ","9    "
"Greg Little",WR,28.2,2.27,2011,74,"33 1/4","9 1/8"
"Greg Salas",WR,27.7,4.15,2011,73,"32    ","9 1/4"
"Greg Ward",WR,25.9,Undrafted,2017,71,"31 1/8","9 7/8"
"Griff Whalen",WR,24.4,Undrafted,2012,73,-,-
"Hakeem Butler",WR,26.9,4.01,2019,77,"35 1/4","10 3/4"
"Hakeem Nicks",WR,27.4,1.29,2009,73,"33 1/2","10 1/2"
"Harry Douglas",WR,25.4,3.21,2008,71,"31 1/8","7 3/4"
"Hunter Renfrow",WR,26.4,5.11,2019,70,"29 1/8","7 7/8"
"Hunter Sharp",WR,27.6,Undrafted,2016,71,"31 5/8","9 3/8"
"Isaac Whitney",WR,26.2,Undrafted,2017,74,"32 1/8","8 3/4"
"Isaiah Burse",WR,27.0,Undrafted,2014,70,"30 1/4","8 3/8"
"Isaiah Ford",WR,25.6,7.19,2017,73,"32 5/8","9 1/4"
"Isaiah McKenzie",WR,27.1,5.29,2017,67,"28 7/8","8 7/8"
"Ishmael Adams",WR,28.3,Undrafted,2017,68,"29 3/4","9    "
"Ishmael Zamora",WR,27.3,Undrafted,2017,76,"33    ","8 3/8"
"Issac Blakeney",WR,26.0,Undrafted,2015,78,"33 5/8","10 7/8"
"J'Mon Moore",WR,25.9,4.33,2018,75,"32 7/8","9 3/8"
"J.J. Arcega-Whiteside",WR,28.9,2.25,2019,74,"33 1/4","9 1/2"
"J.J. Jones",WR,25.1,Undrafted,2018,70,"29 3/4","8 1/4"
"J.J. Nelson",WR,22.4,5.23,2015,70,"31 1/8","8 1/4"
"Ja-Mes Logan",WR,24.6,Undrafted,2014,74,"31 1/4","8 5/8"
"Jace Billingsley",WR,29.2,Undrafted,2016,68,"28 3/4","9    "
"Jace Davis",WR,27.2,Undrafted,2014,73,"30    ","9 1/8"
"Jacoby Ford",WR,27.3,4.10,2010,69,"30 1/2","9 1/4"
"Jacoby Jones",WR,27.5,3.09,2007,75,-,"7 1/2"
"Jaelen Strong",WR,27.9,3.06,2015,74,"32 1/2","9    "
"Jake Kumerow",WR,24.7,Undrafted,2015,77,"31 7/8","9 1/2"
"Jake Lampman",WR,27.9,Undrafted,2015,71,-,-
"Jake Wieneke",WR,26.9,Undrafted,2018,76,"33    ","9 7/8"
"Jakeem Grant",WR,26.6,6.11,2016,66,"29 3/4","8 5/8"
"Jakobi Meyers",WR,26.1,Undrafted,2019,74,"32    ","9 1/2"
"Jaleel Scott",WR,25.8,4.32,2018,77,"33 1/2","10 1/2"
"Jalen Guyton",WR,28.0,Undrafted,2019,73,"32    ","9 1/4"
"Jalen Hurd",WR,26.8,3.03,2019,77,"32    ","10 1/4"
"Jalen Robinette",WR,27.5,Undrafted,2017,75,"32 3/8","10 7/8"
"Jalen Saunders",WR,24.4,4.04,2014,69,"30    ","8 7/8"
"Jalen Tolliver",WR,28.1,Undrafted,2018,73,"32 5/8","8 5/8"
"Jalen Williams",WR,26.8,Undrafted,2017,74,"31    ","9 3/8"
"Jalin Marshall",WR,28.7,Undrafted,2016,70,"31 1/2","9 5/8"
"Jamaal Jones",WR,25.6,Undrafted,2016,72,"30 5/8","9    "
"Jamal Custis",WR,26.0,Undrafted,2019,76,"33 7/8","10 7/8"
"Jamal Robinson",WR,28.0,Undrafted,2016,73,"32 7/8","9 1/8"
"Jamari Staples",WR,24.4,Undrafted,2017,75,"33 1/2","9 1/2"
"Jamarius Way",WR,26.9,Undrafted,2019,75,"33    ","10 1/4"
"James Gardner",WR,28.1,Undrafted,2019,76,"32 3/4","9 7/8"
"James Jones",WR,27.4,3.14,2007,73,"32 1/2","9 3/4"
"James Quick",WR,25.2,Undrafted,2017,72,"30 3/4","9    "
"James Washington",WR,29.7,2.28,2018,71,"32 3/8","9 3/4"
"James Wright",WR,26.5,7.24,2014,73,"32 3/8","9 5/8"
"Jamison Crowder",WR,28.1,4.06,2015,68,"30 3/8","8 3/4"
"Janarion Grant",WR,26.1,Undrafted,2018,69,"30 1/8","9    "
"Jared Abbrederis",WR,25.7,5.36,2014,73,"31 3/8","9 5/8"
"Jared Dangerfield",WR,27.6,Undrafted,2016,74,"32    ","9 3/8"
"Jared Green",WR,24.8,Undrafted,2012,73,-,-
"Jarius Wright",WR,25.8,4.23,2012,70,"31 1/2","8 1/2"
"Jaron Brown",WR,26.3,Undrafted,2013,74,"31 3/4",-
"Jarrett Boykin",WR,28.0,Undrafted,2012,74,"32 1/4","10 1/4"
"Jarvis Landry",WR,28.6,2.31,2014,71,"31 3/4","10 1/4"
"Jason Avant",WR,28.7,4.12,2006,72,"32 1/2","9 1/2"
"Jasper Collins",WR,27.0,Undrafted,2013,70,"29 3/8","9 1/4"
"Javon Wims",WR,26.9,7.06,2018,75,"31 1/2","9 1/4"
"Javone Lawson",WR,24.1,Undrafted,2013,73,"30 3/8","8 1/4"
"Javontee Herndon",WR,28.1,Undrafted,2014,72,"31    ","8 1/8"
"Jawill Davis",WR,25.2,Undrafted,2018,73,"32 1/2","9    "
"Jaxon Shipley",WR,25.7,Undrafted,2015,73,"30 7/8","9 1/4"
"Jay Lee",WR,27.6,Undrafted,2016,74,"33 1/2","9 5/8"
"Jaydon Mickens",WR,25.0,Undrafted,2016,70,"28 3/4","9 1/8"
"Jaylen Smith",WR,28.1,Undrafted,2019,74,"33 7/8","9 1/2"
"Jaz Reynolds",WR,25.4,Undrafted,2014,74,"31 7/8","9 1/2"
"Jazz Ferguson",WR,26.9,Undrafted,2019,77,"34 1/4","9 1/4"
"Jeff Badet",WR,25.4,Undrafted,2018,71,"31    ","9 1/4"
"Jeff Fuller",WR,27.1,Undrafted,2012,76,"33 5/8","9 7/8"
"Jeff Janis",WR,27.4,7.21,2014,75,"32 1/2","9    "
"Jeff Maehl",WR,25.1,Undrafted,2011,73,"31 1/2","9 1/8"
"Jehu Chesson",WR,25.5,4.33,2017,75,"33 1/4","9 1/8"
"Jeremy Butler",WR,28.8,Undrafted,2014,74,"32    ","9 1/2"
"Jeremy Gallon",WR,29.0,7.29,2014,67,"29 1/2","9 3/8"
"Jeremy Johnson",WR,24.3,Undrafted,2014,72,"31 1/8","8 3/4"
"Jeremy Kerley",WR,27.8,5.22,2011,69,"30    ","9    "
"Jeremy Maclin",WR,26.9,1.19,2009,72,"32 1/4","9 1/4"
"Jeremy Ross",WR,28.3,Undrafted,2012,72,-,-
"Jermaine Jones",WR,24.2,Undrafted,2014,75,"33 5/8","9 3/8"
"Jermaine Kearse",WR,27.6,Undrafted,2012,73,"32 1/8","9 1/4"
"Jerome Lane",WR,29.0,Undrafted,2017,74,"31 1/2","9 3/4"
"Jerome Simpson",WR,24.3,2.15,2008,74,"34 5/8","11    "
"Jerrel Jernigan",WR,27.9,3.19,2011,69,"32    ","9 1/4"
"Jerricho Cotchery",WR,27.5,4.12,2004,72,"32 1/4","9    "
"Jesper Horsted",WR,27.9,Undrafted,2019,76,"32 1/8","9 7/8"
"Jester Weah",WR,27.0,Undrafted,2018,74,"31 1/8","9 5/8"
"Jhajuan Seales",WR,27.2,Undrafted,2017,73,"31 1/2","9    "
"Jimmie Hunt",WR,29.2,Undrafted,2015,72,"30 3/8","9 1/2"
"JoJo Natson",WR,23.5,Undrafted,2017,69,"29 1/8","8    "
"Joe Morgan",WR,25.0,Undrafted,2011,72,"31    ","9 1/8"
"John Brown",WR,25.7,3.27,2014,70,"30 1/2","8 1/2"
"John Harris",WR,28.0,Undrafted,2015,74,"33 1/4","9 1/4"
"John Ross",WR,26.2,1.09,2017,71,"31 1/2","8 3/4"
"John Ursua",WR,26.3,7.22,2019,69,"29 7/8","9 1/4"
"Johnnie Dixon",WR,28.8,Undrafted,2019,70,"30 1/4","9 5/8"
"Johnny Holton",WR,25.1,Undrafted,2016,73,"32 7/8","9 7/8"
"Jon Baldwin",WR,28.0,1.26,2011,76,"33 5/8","10 1/8"
"Jon Duhart",WR,26.5,Undrafted,2019,75,"30 7/8","9 1/2"
"Jonah Trinnaman",WR,27.5,Undrafted,2018,70,"30 3/8","9    "
"Jonathan Krause",WR,26.1,Undrafted,2014,71,"31    ","9    "
"Jonâ€™Vea Johnson",WR,26.2,Undrafted,2019,71,"31 3/8","8 7/8"
"Jordan Harris",WR,27.6,Undrafted,2014,74,"31    ","9 1/2"
"Jordan Lasley",WR,26.8,5.25,2018,73,"32 3/4","9 5/8"
"Jordan Leslie",WR,26.3,Undrafted,2015,74,"32 1/4","10 1/4"
"Jordan Matthews",WR,26.5,2.10,2014,75,"33 1/4","10 3/8"
"Jordan Norwood",WR,25.1,Undrafted,2009,71,"30 3/4",-
"Jordan Payton",WR,27.3,5.15,2016,73,"32 1/2","10 1/8"
"Jordan Smallwood",WR,28.1,Undrafted,2018,74,"31    ","9 1/8"
"Jordan Taylor",WR,24.2,Undrafted,2015,77,"32 3/8","9 1/8"
"Jordan Veasy",WR,27.6,Undrafted,2018,75,"31 1/2","10 3/8"
"Jordan Westerkamp",WR,27.1,Undrafted,2017,71,"30 1/2","9 3/8"
"Jordan Williams-Lambert",WR,28.4,Undrafted,2016,75,"33    ","9 1/8"
"Jordy Nelson",WR,27.1,2.05,2008,75,"32 1/2","10    "
"Josh Barge",WR,25.0,Undrafted,2017,72,"30 1/2","8 3/8"
"Josh Bellamy",WR,27.9,Undrafted,2012,72,"34 1/2",-
"Josh Boyce",WR,28.7,4.05,2013,71,"31 1/4","9 1/4"
"Josh Cooper",WR,26.5,Undrafted,2012,71,"31    ","9 1/2"
"Josh Crockett",WR,25.3,Undrafted,2018,74,"32 5/8","9 1/4"
"Josh Doctson",WR,25.9,1.22,2016,74,"31 7/8","9 7/8"
"Josh Gordon",WR,28.1,"Supplemental (2nd)",2012,75,"33 1/3","10    "
"Josh Harper",WR,25.2,Undrafted,2015,73,"30 7/8","8 3/4"
"Josh Huff",WR,28.7,3.22,2014,71,"31 1/4","9 3/8"
"Josh Lenz",WR,26.4,Undrafted,2013,72,"30 1/4","9    "
"Josh Magee",WR,26.4,Undrafted,2017,70,"29    ","8 3/4"
"Josh Malone",WR,26.0,4.22,2017,75,"31 3/8","9 5/8"
"Josh Morgan",WR,28.9,6.08,2008,73,"32 7/8","10 1/4"
"Josh Reynolds",WR,24.2,4.10,2017,75,"31 1/2","9 3/8"
"Josh Stewart",WR,25.5,Undrafted,2014,70,"30    ","9 3/8"
"Jovon Durante",WR,22.3,Undrafted,2019,71,"31 1/8","8 3/4"
"JuJu Smith-Schuster",WR,28.4,2.30,2017,73,"32 7/8","10 1/2"
"JuWann Winfree",WR,27.7,6.14,2019,73,"31 1/2","9 3/4"
"Julian Edelman",WR,28.4,7.23,2009,70,-,-
"Julian Talley",WR,25.3,Undrafted,2012,73,-,-
"Julian Williams",WR,27.7,Undrafted,2018,70,"29 7/8","8 7/8"
"Julio Jones",WR,27.5,1.06,2011,75,"33 3/4","9 3/4"
"Junior Hemingway",WR,29.3,7.31,2012,73,"32 1/2","9 3/8"
"Juron Criner",WR,28.2,5.33,2012,74,"32    ","10 1/2"
"Justice Liggins",WR,27.2,Undrafted,2017,73,"32 1/2","9    "
"Justin Blackmon",WR,27.3,1.05,2012,73,"32 1/2","9 1/4"
"Justin Brown",WR,26.1,6.18,2013,75,"31 5/8","9 1/2"
"Justin Hardy",WR,27.5,4.08,2015,70,"32 1/8","10    "
"Justin Hunter",WR,23.9,2.02,2013,76,"33 1/4","9 3/8"
"Justin Thomas",WR,27.5,Undrafted,2017,69,"29 3/4","9 1/8"
"Justin Veltung",WR,25.4,Undrafted,2013,71,"29 1/2","9 3/4"
"Justin Watson",WR,27.6,5.07,2018,74,"33 3/4","9 1/4"
"Juston Christian",WR,26.6,Undrafted,2019,72,"31 1/2","9 1/2"
"K.J. Brent",WR,25.2,Undrafted,2016,75,"31 5/8","9 3/4"
"K.J. Maye",WR,29.0,Undrafted,2016,68,"30 1/4","8 1/2"
"KD Cannon",WR,25.4,Undrafted,2017,71,"30 3/4","8 7/8"
"Ka'Raun White",WR,26.3,Undrafted,2018,73,"32 1/4","9 5/8"
"Kadron Boone",WR,26.2,Undrafted,2014,72,"31 5/8","8 3/4"
"Kaelin Clay",WR,28.0,6.08,2015,70,"30 7/8","9    "
"Kain Colter",WR,28.4,Undrafted,2014,70,"31    ","10    "
"Kalif Raymond",WR,23.9,Undrafted,2016,69,-,-
"Kamar Aiken",WR,27.6,Undrafted,2011,74,-,-
"Karel Hamilton",WR,27.0,Undrafted,2017,72,"32 1/4","9    "
"Kasen Williams",WR,28.9,Undrafted,2015,73,"32    ","8 1/4"
"Kashif Moore",WR,26.6,Undrafted,2012,69,"31    ","9 3/8"
"Kassim Osgood",WR,26.1,Undrafted,2003,77,"33    ","9 1/2"
"KeVonn Mabon",WR,28.0,Undrafted,2017,73,"32    ","9    "
"Kealoha Pilares",WR,28.8,5.01,2011,70,"30 1/2","8 3/4"
"KeeSean Johnson",WR,26.5,6.01,2019,73,"32    ","9 1/2"
"Keelan Cole",WR,25.6,Undrafted,2017,73,"32 1/8","9 1/8"
"Keelan Doss",WR,27.1,Undrafted,2019,74,"31 3/4","9 1/2"
"Keenan Allen",WR,26.4,3.14,2013,74,"32 3/4","10    "
"Keenan Reynolds",WR,28.1,6.07,2016,69,"29 7/8","8 3/4"
"Keeon Johnson",WR,27.1,Undrafted,2017,74,"34 1/2","9 1/2"
"Keevan Lucas",WR,28.4,Undrafted,2017,69,"31 7/8","9 7/8"
"Keith Kirkwood",WR,28.4,Undrafted,2018,74,"33 3/4","9 1/2"
"Keith Mumphery",WR,29.2,5.39,2015,72,"31 1/8","9 1/8"
"Keke Coutee",WR,26.0,4.03,2018,70,"29 7/8","8 3/8"
"Kelvin Benjamin",WR,28.5,1.28,2014,77,"34 7/8","10 1/4"
"Kelvin Harmon",WR,28.4,6.33,2019,74,"32 1/2","9 1/2"
"Kenbrell Thompkins",WR,25.1,Undrafted,2013,73,"32 1/4","8 5/8"
"Kendall Wright",WR,28.1,1.20,2012,70,"30 1/2","8 5/8"
"Kendrick Bourne",WR,26.8,Undrafted,2017,73,"32 1/2","9 1/8"
"Kenneth Walker",WR,27.8,Undrafted,2017,69,"30 1/2","8 3/8"
"Kenny Bell",WR,26.0,5.26,2015,73,"31 5/8","9 1/4"
"Kenny Britt",WR,26.9,1.30,2009,75,"34    ","9    "
"Kenny Cook",WR,26.5,Undrafted,2015,76,"34 1/2","10 3/8"
"Kenny Golladay",WR,26.5,3.32,2017,76,"32    ","9 3/4"
"Kenny Lawler",WR,26.1,7.22,2016,74,"33 3/8","10 1/2"
"Kenny Shaw",WR,24.3,Undrafted,2014,71,"31 1/4","8 5/8"
"Kenny Stills",WR,26.3,5.11,2013,72,"30 1/2","9    "
"Keon Hatcher",WR,28.0,Undrafted,2017,73,"32    ","9 1/2"
"Kermit Whitfield",WR,28.1,Undrafted,2017,68,"30    ","8 1/2"
"Kerry Taylor",WR,27.1,Undrafted,2011,72,"30 3/8",-
"Keshawn Martin",WR,26.4,4.26,2012,71,"31 1/2","9 1/4"
"Kevin Cone",WR,27.7,Undrafted,2011,74,-,-
"Kevin Dorsey",WR,27.3,7.18,2013,73,"33 3/4","9 5/8"
"Kevin Elliott",WR,26.6,Undrafted,2012,75,-,-
"Kevin Norwood",WR,25.4,4.23,2014,74,"32 1/8","10    "
"Kevin Ogletree",WR,26.1,Undrafted,2009,73,"31    ","9    "
"Kevin Smith",WR,28.2,Undrafted,2014,72,"30 7/8","9 1/8"
"Kevin White",WR,26.9,1.07,2015,75,"32 5/8","9 1/4"
"Kevonte Martin-Manley",WR,27.8,Undrafted,2015,72,"32 1/8","9 3/8"
"Keyarris Garrett",WR,27.5,Undrafted,2016,75,"34 1/2","9    "
"Khadarel Hodge",WR,25.4,Undrafted,2018,74,"31 1/4","9 1/2"
"Kofi Hughes",WR,27.4,Undrafted,2014,73,"30 5/8","9 1/2"
"Kolby Listenbee",WR,26.7,6.17,2016,72,"31 3/8","8 1/4"
"Korey Robertson",WR,28.0,Undrafted,2018,73,"32 7/8","9 1/8"
"Kris Durham",WR,25.5,4.10,2011,77,"31 3/8",-
"Krishawn Hogan",WR,27.7,Undrafted,2017,75,"32 1/8","9 7/8"
"Kyle Prater",WR,26.7,Undrafted,2015,77,"33 1/4","10 3/8"
"Kyle Williams",WR,26.7,6.37,2010,70,"30    ","9 1/8"
"L'Damian Washington",WR,23.7,Undrafted,2014,76,"33 3/8","9    "
"LaRon Byrd",WR,26.8,Undrafted,2012,76,"32 3/8","9 5/8"
"LaVon Brazill",WR,26.8,6.36,2012,71,"32    ","9 3/4"
"Lamaar Thomas",WR,25.1,Undrafted,2013,72,"30 3/8","8 1/4"
"Lamont Bryant",WR,27.2,Undrafted,2012,77,"33 1/4",-
"Lance Lenoir",WR,27.0,Undrafted,2017,72,"32 1/4","9 1/2"
"Lance Moore",WR,28.1,Undrafted,2006,69,"31    ","10    "
"Laquon Treadwell",WR,28.4,1.23,2016,74,"33 3/8","9 1/2"
"Larry Fitzgerald",WR,27.2,1.03,2004,75,-,"10 1/2"
"Larry Pinkard",WR,26.6,Undrafted,2015,72,"32 1/2","8 7/8"
"Lavelle Hawkins",WR,27.1,4.27,2008,71,"29 5/8","9 5/8"
"Lee Doss",WR,23.5,Undrafted,2014,73,"31 3/8","8 7/8"
"Lemar Durant",WR,29.7,Undrafted,2015,74,"31 1/8","10    "
"Leonard Hankerson",WR,27.6,3.15,2011,73,"32 1/4","10 5/8"
"Leonte Carroo",WR,28.6,3.23,2016,72,"31 3/8","9 5/8"
"Lestar Jean",WR,26.9,Undrafted,2011,75,"33    ","9    "
"Levern Jacobs",WR,25.4,Undrafted,2017,71,"31 5/8","9    "
"Levi Norwood",WR,25.7,Undrafted,2015,73,"30 7/8","9 5/8"
"Lil'Jordan Humphrey",WR,25.6,Undrafted,2019,76,"32 3/4","9 1/2"
"Linell Bonner",WR,27.1,Undrafted,2018,72,"31 5/8","8 7/8"
"Louis Murphy",WR,25.7,4.24,2009,74,"33 5/8","10    "
"Lucky Whitehead",WR,23.4,Undrafted,2015,70,"32    ","8 7/8"
"Mack Hollins",WR,26.9,4.12,2017,76,"33 1/4","9 3/4"
"Malachi Dupre",WR,25.2,7.29,2017,74,"31 1/2","9    "
"Malcolm Lewis",WR,27.7,Undrafted,2017,70,"31 1/8","8 3/8"
"Malcolm Mitchell",WR,26.9,4.14,2016,72,"32 5/8","10 1/2"
"Malcolm Williams",WR,27.2,Undrafted,2019,69,"30 3/4","9 1/4"
"Malcom Floyd",WR,26.7,Undrafted,2004,77,"33 1/4","10 1/4"
"Malcome Kennedy",WR,27.8,Undrafted,2015,72,"31 1/4","9 3/4"
"Malik Turner",WR,25.9,Undrafted,2018,74,"32    ","9 1/4"
"MarQuez North",WR,28.6,Undrafted,2016,74,"33 3/8","10 1/4"
"Marcell Ateman",WR,25.6,7.10,2018,77,"32 7/8","9 7/8"
"Marcus Beaurem",WR,25.8,Undrafted,2015,71,"30 1/2","9    "
"Marcus Green",WR,28.9,6.30,2019,68,"30 3/4","9    "
"Marcus Harris",WR,24.7,Undrafted,2011,73,-,-
"Marcus Johnson",WR,26.9,Undrafted,2016,73,"31 7/8","9 1/4"
"Marcus Kemp",WR,25.0,Undrafted,2017,75,"32 5/8","9 5/8"
"Marcus Tucker",WR,27.5,Undrafted,2016,70,"30 1/2","8 1/2"
"Mario Alford",WR,27.4,7.21,2015,68,"31 1/4","9 3/8"
"Mario Manningham",WR,25.1,3.32,2008,72,"32 1/8",-
"Marken Michel",WR,26.9,Undrafted,2016,71,"28 3/4","8 7/8"
"Markus Wheaton",WR,26.4,3.17,2013,71,"32 3/4","9 1/8"
"Marlon Brown",WR,25.9,Undrafted,2013,76,"32 3/4","8 1/4"
"Marqise Lee",WR,26.0,2.07,2014,72,"31 3/4","9 1/2"
"Marques Colston",WR,26.7,7.44,2006,77,"33 3/8","9 5/8"
"Marquess Wilson",WR,22.4,7.30,2013,76,"31 1/8","9 1/4"
"Marquez Valdes-Scantling",WR,25.1,5.37,2018,76,"32 1/4","10 1/4"
"Marquis Bundy",WR,25.8,Undrafted,2016,76,"32 1/8","9    "
"Marquise Brown",WR,24.5,1.25,2019,69,"30 1/2","9    "
"Marquise Goodwin",WR,27.0,3.16,2013,69,"31 1/2","8 5/8"
"Martavis Bryant",WR,25.7,4.18,2014,76,"32 5/8","9 1/2"
"Marvin Hall",WR,28.4,Undrafted,2016,69,"30 1/4","8 1/2"
"Marvin Jones",WR,25.7,5.31,2012,74,"33 1/8","10 1/4"
"Marvin McNutt",WR,27.0,6.24,2012,75,"32    ","10    "
"Matt Hazel",WR,26.1,6.14,2014,73,"31 3/8","9 1/8"
"Matt Miller",WR,28.5,Undrafted,2015,74,"32 1/2","8 7/8"
"Matthew Slater",WR,27.2,5.18,2008,71,-,-
"Maurice Harris",WR,25.0,Undrafted,2016,74,"32 1/8","9 5/8"
"Max McCaffrey",WR,24.4,Undrafted,2016,74,"31 5/8","8 7/8"
"Mecole Hardman",WR,26.8,2.24,2019,70,"30 1/4","9    "
"Mekale McKay",WR,25.2,Undrafted,2016,76,"30 5/8","9 1/2"
"Micah Hatfield",WR,24.0,Undrafted,2014,73,"30    ","8 5/8"
"Michael Campanaro",WR,27.5,7.03,2014,70,"30    ","9 3/4"
"Michael Clark",WR,25.1,Undrafted,2017,78,"32 7/8","9 3/8"
"Michael Crabtree",WR,28.2,1.10,2009,73,"34 1/4","9 1/4"
"Michael Floyd",WR,27.5,1.13,2012,75,"32 7/8","9 3/8"
"Michael Gallup",WR,27.0,3.17,2018,73,"31 1/2","9 1/4"
"Michael Preston",WR,24.4,Undrafted,2011,77,"34 3/4",-
"Michael Rector",WR,26.2,Undrafted,2017,72,"32 1/2","9 1/4"
"Michael Thomas",WR,26.5,2.16,2016,75,"32 1/8","10 1/2"
"Micheal Spurlock",WR,29.3,Undrafted,2006,71,-,-
"Mike A. Thomas",WR,30.1,4.07,2009,68,"31    ","9 3/8"
"Mike A. Williams",WR,28.0,4.03,2010,73,"31    ","9 1/4"
"Mike Brown",WR,29.4,Undrafted,2012,70,"31 1/2",-
"Mike Davis",WR,26.7,Undrafted,2014,72,"32 3/4","10    "
"Mike Evans",WR,27.4,1.07,2014,77,"35 1/8","9 3/8"
"Mike Thomas",WR,26.4,6.31,2016,73,"33 3/8","10 1/2"
"Mike Wallace",WR,27.0,3.20,2009,72,"31 3/8","9    "
"Mike Williams",WR,26.5,1.07,2017,76,"33 3/8","9 3/8"
"Miles Austin",WR,27.9,Undrafted,2006,74,"31    ","10 1/8"
"Miles Boykin",WR,26.8,3.29,2019,76,"33 1/2","9 7/8"
"Milton Williams",WR,25.0,Undrafted,2015,75,"31 1/2","9 1/4"
"Mitch Mathews",WR,26.3,Undrafted,2016,77,"33    ","10 3/8"
"Mohamed Sanu",WR,27.8,3.19,2012,73,"33 1/2","10 1/8"
"Montay Crockett",WR,26.5,Undrafted,2017,71,"31 1/2","8 3/8"
"Mose Frazier",WR,28.1,Undrafted,2016,70,"31 5/8","8 3/8"
"Myles White",WR,24.7,Undrafted,2013,72,"31 5/8","9 1/4"
"N'Keal Harry",WR,29.3,1.32,2019,74,"33    ","9 1/2"
"Nate Burleson",WR,26.9,3.07,2003,72,"31 1/8","9    "
"Nate Cole",WR,27.0,Undrafted,2017,72,"31 3/4","9 3/4"
"Nate Washington",WR,24.1,Undrafted,2005,73,-,-
"Nathan Palmer",WR,27.6,Undrafted,2012,71,-,-
"Nathan Slaughter",WR,27.2,Undrafted,2014,69,"29 5/8","8 3/4"
"Nelson Agholor",WR,26.9,1.20,2015,72,"32 1/4","9 1/4"
"Nelson Spruce",WR,27.2,Undrafted,2016,73,"30    ","10    "
"Nicholas Norris",WR,24.3,Undrafted,2017,68,"29 5/8","8 5/8"
"Nick Harwell",WR,26.9,Undrafted,2015,71,"31    ","9 5/8"
"Nick Kurtz",WR,25.2,Undrafted,2017,78,"33 1/2","9 7/8"
"Nick Toon",WR,26.2,4.27,2012,76,"32 1/2","9    "
"Nick Williams",WR,27.0,Undrafted,2013,69,"34 1/8","10 1/4"
"Nigel King",WR,26.2,Undrafted,2015,75,"31 5/8","9 1/2"
"Noah Brown",WR,28.5,7.21,2017,74,"31 3/4","9 1/8"
"Noel Grigsby",WR,24.4,Undrafted,2014,71,"30 5/8","9 7/8"
"Noel Thomas",WR,27.8,Undrafted,2017,72,"30    ","8 3/4"
"Nyqwan Murray",WR,27.4,Undrafted,2019,70,"31 1/8","9 3/8"
"Odell Beckham",WR,27.6,1.12,2014,71,"32 3/4","10    "
"Olabisi Johnson",WR,27.7,7.33,2019,72,"30 3/4","10 3/8"
"Olamide Zaccheaus",WR,28.6,Undrafted,2019,68,"31    ","8 3/4"
"Papi White",WR,28.6,Undrafted,2019,68,"29 5/8","8 3/4"
"Parris Campbell",WR,27.8,2.27,2019,72,"32 1/4","9 1/2"
"Patrick Edwards",WR,25.8,Undrafted,2012,69,"29 5/8","8 3/8"
"Paul McRoberts",WR,25.9,Undrafted,2016,74,"33 7/8","10    "
"Paul Richardson",WR,23.7,2.13,2014,72,"32 5/8","8 7/8"
"Paul Turner",WR,27.7,Undrafted,2016,70,"31    ","9 5/8"
"Penny Hart",WR,27.4,Undrafted,2019,68,"31    ","9 1/8"
"Percy Harvin",WR,25.7,1.22,2009,71,"31 5/8","9 3/8"
"Pharoh Cooper",WR,28.3,4.19,2016,71,"32 1/4","9 1/8"
"Phil Bates",WR,29.0,Undrafted,2012,73,"32 3/8",-
"Phil Mayhue",WR,27.1,Undrafted,2018,74,"32 1/2","10 1/4"
"Phillip Dorsett",WR,26.5,1.29,2015,70,"30 1/4","9 3/8"
"Pierre Garcon",WR,28.5,6.39,2008,72,"31 1/8","9 1/2"
"Pig Howard",WR,28.8,Undrafted,2016,67,"31    ","9 1/8"
"Preston Parker",WR,27.1,Undrafted,2010,72,"30 3/8","9 1/4"
"Preston Williams",WR,25.7,Undrafted,2019,76,"33    ","9 1/8"
"Quadree Henderson",WR,28.9,Undrafted,2018,68,"29 1/2","9 7/8"
"Quan Bray",WR,27.8,Undrafted,2015,70,"30 1/2","9 1/4"
"Quenton Bundrage",WR,27.2,Undrafted,2016,73,"33 3/4","9 1/4"
"Quincy Adeboyejo",WR,24.6,Undrafted,2017,75,"31 3/4","9 3/8"
"Quincy Enunwa",WR,28.9,6.33,2014,74,"32 5/8","9 1/2"
"Quinshad Davis",WR,27.2,Undrafted,2016,75,"33 3/8","9 5/8"
"Quinton Patton",WR,27.7,4.31,2013,72,"32 7/8","9 3/8"
"Quron Pratt",WR,26.4,Undrafted,2014,72,"32    ","9 1/4"
"R.J. Harris",WR,27.1,Undrafted,2015,72,"33 1/8","9 1/8"
"R.J. Shelton",WR,28.7,Undrafted,2017,70,"30 1/4","9    "
"Ramses Barden",WR,25.9,3.21,2009,78,"34 1/2","10 3/4"
"Randall Cobb",WR,27.5,2.32,2011,70,"31    ","9 3/8"
"Rannell Hall",WR,26.9,Undrafted,2015,72,"30 1/2","8 5/8"
"Rashad Greene",WR,25.4,5.03,2015,71,"31 5/8","9    "
"Rashad Ross",WR,23.7,Undrafted,2013,72,"30 1/2","8 5/8"
"Rashard Davis",WR,26.3,Undrafted,2017,68,"29 1/4","9    "
"Rashard Higgins",WR,25.9,5.35,2016,73,"32 1/4","9 3/4"
"Rashawn Scott",WR,26.3,Undrafted,2016,73,"31 3/8","9 3/8"
"Rasheed Bailey",WR,26.3,Undrafted,2015,74,"31    ","9 1/2"
"Ray-Ray McCloud",WR,27.3,6.13,2018,70,"30 1/4","9 1/4"
"Reggie Davis",WR,21.4,Undrafted,2017,72,"31 3/4","9 1/4"
"Reggie Diggs",WR,26.7,Undrafted,2016,75,"32 5/8","9 1/4"
"Reggie Wayne",WR,26.9,1.30,2001,72,-,-
"Reggie White",WR,26.7,Undrafted,2019,74,"32 1/2","8 1/2"
"Ricardo Lockette",WR,27.1,Undrafted,2011,74,"33 3/4","9 3/4"
"Ricardo Louis",WR,27.6,4.16,2016,74,"32 3/8","9 1/2"
"Richard Mullaney",WR,26.2,Undrafted,2016,74,"31 1/4","8 5/8"
"Richie James",WR,27.3,7.22,2018,69,"31 1/4","9 1/4"
"Ricky Collins",WR,27.1,Undrafted,2015,72,"32 3/8","9    "
"Ricky Jeune",WR,27.3,Undrafted,2018,74,"32 1/2","9 5/8"
"Rico Gafford",WR,26.4,Undrafted,2018,70,"29 3/4","8 1/2"
"Rico Richardson",WR,24.4,Undrafted,2013,73,"31 5/8","8 3/4"
"Riley Cooper",WR,27.7,5.28,2010,75,"32 5/8","10 3/8"
"Riley McCarron",WR,27.8,Undrafted,2017,69,"30 1/8","8 1/8"
"Riley Ridley",WR,26.3,4.24,2019,73,"32 5/8","10 1/4"
"Rishard Matthews",WR,28.5,7.20,2012,72,"32 1/2","9 1/8"
"River Cracraft",WR,26.2,Undrafted,2017,72,"29 1/2","8 1/2"
"Robby Anderson",WR,23.7,Undrafted,2016,75,"30    ","8 5/8"
"Robert Davis",WR,27.4,6.25,2017,75,"33    ","9 5/8"
"Robert Foster",WR,25.2,Undrafted,2018,74,"32 1/8","9 1/4"
"Robert Herron",WR,28.5,6.09,2014,69,"30 1/2","9 3/4"
"Robert Meachem",WR,27.6,1.27,2007,74,-,-
"Robert Wheelwright",WR,26.3,Undrafted,2017,74,"31 7/8","9 1/8"
"Robert Woods",WR,27.3,2.09,2013,72,"31    ","9 1/4"
"Rod Streater",WR,25.0,Undrafted,2012,75,"32 1/8",-
"Roddy White",WR,27.4,1.27,2005,73,"31 5/8","9 5/8"
"Rodney Adams",WR,24.9,5.27,2017,73,"32    ","9    "
"Rodney Smith",WR,26.7,Undrafted,2013,76,"34 3/4","10 1/4"
"Roger Lewis",WR,27.3,Undrafted,2016,72,"32    ","9 3/4"
"Ron'Quavion Tarver",WR,27.4,Undrafted,2019,76,"33 3/4","8 3/4"
"Ross Apo",WR,26.2,Undrafted,2015,75,"34 3/8","9 1/4"
"Rudy Rudolph",WR,22.4,Undrafted,2015,73,"31 5/8","8 3/8"
"Rueben Randle",WR,26.0,2.31,2012,75,"33    ","9 1/2"
"Russell Gage",WR,25.2,6.20,2018,72,"33    ","9 1/8"
"Russell Shepard",WR,25.7,Undrafted,2013,73,"30 7/8","9 1/4"
"Ryan Broyles",WR,27.0,2.22,2012,70,"30 1/4","9    "
"Ryan Davis",WR,27.1,Undrafted,2019,70,"30 7/8","9 1/4"
"Ryan Grant",WR,25.2,5.02,2014,73,"31    ","9 5/8"
"Ryan Spadola",WR,26.9,Undrafted,2013,73,"30 3/4","9 3/4"
"Ryan Switzer",WR,27.5,4.27,2017,68,"28    ","9 1/4"
"Ryan Whalen",WR,26.6,6.02,2011,73,"30    ","9    "
"Saalim Hakim",WR,26.2,Undrafted,2012,71,-,-
"Saeed Blacknall",WR,26.7,Undrafted,2018,74,"33 3/8","9 7/8"
"Sam Mentkowski",WR,25.7,Undrafted,2018,73,-,-
"Sammie Coates",WR,28.0,3.23,2015,73,"33 3/8","9 3/8"
"Sammy Watkins",WR,27.8,1.04,2014,73,"32    ","9 5/8"
"Santana Moss",WR,28.7,1.16,2001,70,-,-
"Santonio Holmes",WR,26.8,1.25,2006,71,"32    ","9 5/8"
"Scott Miller",WR,25.7,6.35,2019,69,"29 1/4","8 3/4"
"Seantavius Jones",WR,26.0,Undrafted,2014,75,"34 7/8","9 5/8"
"Seth Roberts",WR,25.2,Undrafted,2014,74,"32 1/2","8 7/8"
"Seyi Ajirotutu",WR,26.4,Undrafted,2010,75,"32 5/8","9 3/8"
"Shane Wynn",WR,25.3,Undrafted,2015,66,"29 1/2","8 7/8"
"Shaq Evans",WR,28.1,4.15,2014,73,"32    ","9 5/8"
"Shaq Hill",WR,28.5,Undrafted,2017,69,"30    ","8 1/4"
"Shawn Poindexter",WR,25.1,Undrafted,2019,77,"33 1/8","9 1/4"
"Shay Fields",WR,26.8,Undrafted,2018,70,"30 1/8","8 7/8"
"Shelton Gibson",WR,26.6,5.22,2017,71,"32    ","8 7/8"
"Shun Brown",WR,28.1,Undrafted,2019,68,"29 3/4","9    "
"Sidney Rice",WR,25.2,2.12,2007,75,"32 1/2","9 1/4"
"Simmie Cobbs",WR,27.5,Undrafted,2018,75,"32    ","9 1/4"
"Skye Dawson",WR,23.6,Undrafted,2013,69,"28 1/4","8 1/8"
"Solomon Patton",WR,27.2,Undrafted,2014,68,"29 3/4","9 1/8"
"Speedy Noil",WR,27.8,Undrafted,2017,71,"30    ","9 1/4"
"Stacy Coley",WR,26.4,7.01,2017,72,"32 1/4","9 3/4"
"Stanley Morgan",WR,27.4,Undrafted,2019,72,"32 3/8","9 7/8"
"Stedman Bailey",WR,27.7,3.30,2013,70,"32 3/4","9 7/8"
"Stefon Diggs",WR,26.4,5.10,2015,72,"31 1/4","10    "
"Stephen Hill",WR,26.2,2.11,2012,76,"33 3/8","9 3/8"
"Sterling Shepard",WR,27.8,2.09,2016,70,"30 3/8","9 3/4"
"Steve Ishmael",WR,27.2,Undrafted,2018,74,"32 3/4","8 1/2"
"Steve Johnson",WR,25.9,7.17,2008,74,"32 3/4","9 5/8"
"Steve Smith",WR,27.3,3.12,2001,69,-,-
"Steven Dunbar",WR,26.3,Undrafted,2018,74,"32 7/8","9 1/4"
"Steven Mitchell",WR,27.1,Undrafted,2018,70,"30 3/8","9 3/8"
"T.J. Graham",WR,25.1,3.06,2012,71,"32 3/4","9    "
"T.J. Jones",WR,25.5,6.13,2014,72,"30 5/8","10    "
"T.J. Moe",WR,27.9,Undrafted,2013,71,"30 1/8","9 3/4"
"T.Y. Hilton",WR,27.0,3.29,2012,69,"32    ","8 1/2"
"Tajae Sharpe",WR,24.9,5.01,2016,74,"32 1/4","8 3/8"
"Tandon Doss",WR,26.6,4.26,2011,74,"31 1/4","10 1/8"
"Tanner Gentry",WR,27.4,Undrafted,2017,73,"30 1/2","9 7/8"
"Tanner McEvoy",WR,25.7,Undrafted,2016,78,"31    ","10 3/8"
"Tavares Martin",WR,24.4,Undrafted,2018,73,"32 1/8","9 1/8"
"Tavarres King",WR,25.6,5.28,2013,72,"33    ","9 1/2"
"Taylor Gabriel",WR,25.4,Undrafted,2014,68,"29 3/4","8 3/8"
"Taylor Price",WR,28.7,3.26,2010,72,"31 1/4","9 1/2"
"Taywan Taylor",WR,28.3,3.08,2017,71,"32 5/8","9 1/4"
"Ted Ginn",WR,25.1,1.09,2007,71,"31 1/4","9 1/8"
"Tello Luckett",WR,28.6,Undrafted,2015,72,"31    ","9 1/4"
"Teo Redding",WR,23.9,Undrafted,2018,73,"32 5/8","9 3/8"
"Terrance Williams",WR,26.7,3.12,2013,74,"31 1/4","8 3/4"
"Terrelle Pryor",WR,28.4,Supplemental,2011,76,-,-
"Terren Encalade",WR,25.9,Undrafted,2019,71,"28 3/4","9 1/2"
"Terrence Toliver",WR,24.2,Undrafted,2011,77,"32    ","10    "
"Terry Godwin",WR,25.7,7.23,2019,71,"30    ","9 3/8"
"Terry McLaurin",WR,28.2,3.12,2019,72,"31 1/2","9 1/8"
"Terry Wright",WR,25.4,Undrafted,2019,70,"30 1/2","9 1/8"
"Tevaun Smith",WR,27.8,Undrafted,2016,72,"31 3/4","9 1/2"
"Tevin Jones",WR,27.9,Undrafted,2016,74,"32 1/2","9 7/8"
"Tevin Reese",WR,23.4,7.25,2014,70,"31 5/8","8 5/8"
"Thomas Owens",WR,26.5,Undrafted,2018,73,"31 5/8","9 5/8"
"Thomas Sperbeck",WR,26.1,Undrafted,2017,71,"29 1/4","8 7/8"
"Tim Benford",WR,27.9,Undrafted,2012,71,"33 1/8","8 7/8"
"Tim Patrick",WR,25.3,Undrafted,2017,76,"33 5/8","9 1/2"
"Tim White",WR,25.1,Undrafted,2017,70,"31 1/4","9 3/4"
"Tiquan Underwood",WR,23.1,7.44,2009,73,"32 1/4","8 1/2"
"Titus Davis",WR,25.9,Undrafted,2015,73,"29 5/8","8 1/4"
"Tommy Streeter",WR,26.1,6.28,2012,77,"34 3/4","9 1/2"
"Tommylee Lewis",WR,27.4,Undrafted,2016,66,"29 3/8","8 1/8"
"Toney Clemons",WR,27.0,7.24,2012,74,"31 5/8","9 3/8"
"Tony Pierson",WR,24.4,Undrafted,2015,71,"29 3/4","8 1/8"
"Tony Stevens",WR,25.8,Undrafted,2017,76,"32 3/8","9 5/8"
"Tony Washington",WR,28.0,Undrafted,2014,70,"30    ","9    "
"Tori Gurley",WR,28.2,Undrafted,2011,76,"35    ","9 3/4"
"Torrence Allen",WR,24.8,Undrafted,2014,72,"32 5/8","8 7/8"
"Torrey Smith",WR,27.8,2.26,2011,72,"32 5/8","8 1/2"
"Travin Dural",WR,26.6,Undrafted,2017,73,"32 1/8","9 1/8"
"Travis Benjamin",WR,25.1,4.05,2012,70,"31 3/4","8 3/4"
"Travis Fulgham",WR,27.6,6.11,2019,74,"33 3/4","9 1/2"
"Travis Labhart",WR,26.6,Undrafted,2014,69,"29 1/2","8 1/8"
"Travis Rudolph",WR,25.6,Undrafted,2017,72,"31 7/8","9 1/4"
"Tre McBride",WR,28.5,7.28,2015,72,"32 1/8","9    "
"Tre'Quan Smith",WR,27.0,3.27,2018,74,"33 3/8","9 1/2"
"Trent Bostick",WR,27.4,Undrafted,2018,72,-,-
"Trent Sherfield",WR,27.5,Undrafted,2018,72,"31 7/8","9 5/8"
"Trent Taylor",WR,27.5,5.34,2017,68,"28 3/4","8 1/4"
"Trenton Irwin",WR,26.9,Undrafted,2019,73,"31 1/8","8 7/8"
"Trevon Brown",WR,27.6,Undrafted,2019,73,"32 1/8","9 1/8"
"Trevor Davis",WR,24.8,5.26,2016,73,"31    ","10    "
"Trevor Harman",WR,25.6,Undrafted,2015,75,"31 3/8","9    "
"Trey Brock",WR,27.2,Undrafted,2019,75,"31 1/2","9    "
"Trey Griffey",WR,26.8,Undrafted,2017,74,"32 1/8","9 3/4"
"Trey Quinn",WR,28.3,7.38,2018,71,"30 3/4","10 1/8"
"Trindon Holliday",WR,26.5,6.28,2010,65,"28 3/8","8 1/4"
"Troy Pelletier",WR,27.1,Undrafted,2018,75,"32 7/8","10    "
"Tyler Boyd",WR,26.0,2.24,2016,73,"32    ","9 3/4"
"Tyler Lockett",WR,26.1,3.05,2015,70,"30    ","8 3/8"
"Tyler Rutenbeck",WR,23.9,Undrafted,2015,74,"31 1/4","9 1/2"
"Tyler Slavin",WR,27.6,Undrafted,2015,74,"33    ","10 3/4"
"Tyre Brady",WR,26.4,Undrafted,2019,75,"33 5/8","9 3/4"
"Tyreek Hill",WR,26.5,5.28,2016,70,"30 1/2","8    "
"Tyrell Williams",WR,25.5,Undrafted,2015,75,"33 1/2","9 7/8"
"Tyron Johnson",WR,25.5,Undrafted,2019,73,"30 7/8","9 1/4"
"Vernon Johnson",WR,25.1,Undrafted,2015,73,"31 3/8","9 3/4"
"Victor Bolden",WR,27.1,Undrafted,2017,68,"31 1/8","9    "
"Victor Cruz",WR,27.7,Undrafted,2010,72,"31    ","9 1/2"
"Vincent Brown",WR,26.5,3.18,2011,71,"33    ","10 1/4"
"Vincent Jackson",WR,27.3,2.29,2005,77,"32    ","9 5/8"
"Vyncint Smith",WR,25.3,Undrafted,2018,74,"31 1/2","9 1/2"
"Walter Powell",WR,26.4,6.20,2014,71,"31 5/8","9 1/2"
"Wendall Williams",WR,25.8,Undrafted,2016,71,"30 7/8","9    "
"Wes Welker",WR,27.3,Undrafted,2004,69,-,-
"Will Fuller",WR,25.2,1.21,2016,72,"30 3/4","8 1/4"
"Willie Snead",WR,27.2,Undrafted,2014,71,"33    ","10 1/4"
"Wyatt Demps",WR,25.7,Undrafted,2018,75,"31 3/4","9 7/8"
"Xavier Ubosi",WR,26.9,Undrafted,2019,75,"31 5/8","9 1/8"
"Zach Pascal",WR,28.1,Undrafted,2017,74,"32    ","10    "
"Zay Jones",WR,25.8,2.05,2017,74,"32 1/2","9    "
