"Full Name",Position,Team,"Height (Inches)",BMI,"Draft Year","Draft Pick","20-Yard Shuttle","3-Cone Drill","40-Yard Dash","Broad Jump","Bench Press"
"A.J. Brown",WR,"Tennessee Titans",72,30.6,2019,2.19,4.25,7.00,4.49,120,19
"A.J. Green",WR,"Cincinnati Bengals",76,25.7,2011,1.04,4.21,6.91,4.50,126,18
"A.J. Jenkins",WR,-,72,26.0,2012,1.30,4.12,6.73,4.39,124,12
"A.J. Richardson",WR,"Arizona Cardinals",71,28.2,2019,Undrafted,4.44,7.12,4.62,110,11
"Aaron Burbridge",WR,"Denver Broncos",72,27.9,2016,6.38,4.31,7.22,4.56,115,20
"Aaron Dobson",WR,-,75,26.2,2013,2.27,4.33,7.19,4.42,121,16
"Aaron Mellette",WR,-,74,27.9,2013,7.32,4.41,7.11,4.54,123,9
"Ace Sanders",WR,-,67,27.1,2013,4.04,4.37,6.81,4.58,117,7
"Adam Humphries",WR,"Tennessee Titans",71,27.2,2015,Undrafted,4.32,6.96,4.58,122,14
"Adam Thielen",WR,"Minnesota Vikings",75,25.0,2013,Undrafted,4.49,6.77,4.54,120,-
"Adrian Coxson",WR,-,73,28.4,2015,Undrafted,4.40,7.03,4.51,111,15
"Ahmad Fulwood",WR,-,76,24.6,2017,Undrafted,4.38,7.29,4.56,124,-
"Alan Bonner",WR,-,70,27.7,2013,6.27,4.09,7.04,4.59,117,14
"Albert Wilson",WR,"Miami Dolphins",69,29.8,2014,Undrafted,4.21,7.00,4.43,123,10
"Aldrick Robinson",WR,-,70,26.4,2011,6.13,4.09,6.65,4.43,126,17
"Alex Erickson",WR,"Cincinnati Bengals",72,26.4,2016,Undrafted,4.10,6.68,4.59,116,14
"Alex Neutz",WR,-,75,26.7,2014,Undrafted,4.33,7.14,4.63,117,14
"Alex Wesley",WR,"New York Giants",72,25.8,2019,Undrafted,4.44,7.40,4.45,125,13
"Allen Hurns",WR,"Dallas Cowboys",73,27.0,2014,Undrafted,4.50,7.23,4.55,120,14
"Allen Lazard",WR,"Green Bay Packers",75,28.1,2018,Undrafted,4.33,7.11,4.55,122,17
"Allen Robinson",WR,"Chicago Bears",74,28.2,2014,2.29,4.00,7.00,4.56,127,17
"Allenzae Staggers",WR,-,72,24.5,2018,Undrafted,4.35,7.25,4.58,127,9
"Alonzo Moore",WR,-,72,27.0,2017,Undrafted,4.17,6.79,4.52,119,-
"Alonzo Russell",WR,"New York Giants",76,25.1,2016,Undrafted,4.33,7.18,4.54,112,12
"Alshon Jeffery",WR,"Philadelphia Eagles",75,27.0,2012,2.13,4.17,6.71,4.53,122,18
"Amara Darboh",WR,"Seattle Seahawks",74,27.5,2017,3.42,4.30,6.81,4.45,124,17
"Amari Cooper",WR,"Dallas Cowboys",73,27.8,2015,1.04,3.98,6.71,4.42,120,-
"Amba Etta-Tawo",WR,-,73,27.4,2017,Undrafted,4.32,6.95,4.49,126,14
"Anas Hasic",WR,-,71,29.6,2017,Undrafted,4.34,7.03,4.50,121,30
"Andre Caldwell",WR,-,72,27.1,2008,3.34,4.11,6.75,4.37,124,18
"Andre Davis",WR,-,73,27.0,2015,Undrafted,4.33,7.09,4.55,118,-
"Andre Debose",WR,-,72,26.4,2015,7.04,4.09,6.93,4.49,123,12
"Andre Holmes",WR,-,76,27.1,2011,Undrafted,4.31,6.69,4.53,130,11
"Andre Johnson",WR,-,74,28.9,2003,1.03,4.10,6.81,4.40,132,17
"Andre Levrone",WR,"Carolina Panthers",75,27.0,2018,Undrafted,4.37,7.02,4.57,121,18
"Andre Patton",WR,"Los Angeles Chargers",74,25.4,2017,Undrafted,4.29,6.74,4.59,118,10
"Andre Roberts",WR,"Buffalo Bills",71,27.2,2010,3.24,4.15,6.77,4.46,120,15
"Andrew Hawkins",WR,-,67,27.4,2011,Undrafted,4.03,6.81,4.39,114,9
"Andy Cruse",WR,-,75,26.5,2013,Undrafted,4.22,6.83,4.71,126,13
"Andy Isabella",WR,"Arizona Cardinals",69,27.8,2019,2.30,4.15,6.95,4.31,121,15
"Andy Jones",WR,"Detroit Lions",73,28.6,2016,Undrafted,4.35,6.97,4.60,133,11
"Anquan Boldin",WR,-,73,29.0,2003,2.22,4.33,7.35,4.72,114,-
"Anthony Dable",WR,-,77,25.5,2016,Undrafted,-,-,4.46,-,12
"Anthony Johnson",WR,"Tampa Bay Buccaneers",74,26.8,2019,Undrafted,-,7.12,4.60,122,18
"Anthony Miller",WR,"Chicago Bears",71,28.0,2018,2.19,4.26,6.65,4.55,125,22
"Anthony Ratliff-Williams",WR,"Tennessee Titans",72,27.8,2019,Undrafted,4.38,6.90,4.62,126,14
"Anthony Warrum",WR,-,72,25.8,2017,Undrafted,4.20,6.66,4.65,112,6
"Antoine Wesley",WR,"Baltimore Ravens",76,25.1,2019,Undrafted,4.26,7.07,4.73,117,6
"Antonio Brown",WR,"Oakland Raiders",70,26.7,2010,6.26,4.18,6.98,4.56,105,13
"Antonio Callaway",WR,"Cleveland Browns",71,27.9,2018,4.05,4.33,7.00,4.41,121,7
"Antwan Goodley",WR,-,70,30.0,2015,Undrafted,4.38,7.19,4.44,127,7
"Antwane Grant",WR,-,72,27.4,2016,Undrafted,4.39,7.09,4.78,123,26
"ArDarius Stewart",WR,-,71,28.4,2017,3.15,-,-,4.49,124,-
"Armon Binns",WR,-,75,26.1,2011,Undrafted,4.31,6.86,4.53,118,13
"Arrelious Benn",WR,-,74,23.2,2014,Undrafted,4.52,6.93,4.53,123,7
"Artavis Scott",WR,"Los Angeles Chargers",70,27.7,2017,Undrafted,4.49,7.19,4.61,116,13
"Ashton Dulin",WR,"Indianapolis Colts",73,28.4,2019,Undrafted,4.22,7.00,4.43,121,13
"Auden Tate",WR,"Cincinnati Bengals",77,27.0,2018,7.35,4.58,7.37,4.68,112,-
"Austin Carr",WR,"New Orleans Saints",72,27.4,2017,Undrafted,4.07,6.70,4.67,116,16
"Austin Collie",WR,-,72,27.1,2009,4.27,4.07,6.78,4.63,120,17
"Austin Duke",WR,-,69,25.1,2017,Undrafted,4.29,6.92,4.59,121,15
"Austin Franklin",WR,-,71,26.4,2014,Undrafted,4.33,7.07,4.56,124,7
"Austin Hill",WR,-,74,27.0,2015,Undrafted,4.11,6.72,4.64,121,17
"Austin Pettis",WR,-,75,26.1,2011,3.14,3.88,6.68,4.61,120,14
"Austin Proehl",WR,"Los Angeles Rams",69,26.9,2018,7.37,4.07,6.75,-,113,11
"Austin Willis",WR,-,69,26.0,2015,Undrafted,4.21,6.98,4.40,125,21
"B.J. Cunningham",WR,-,73,28.4,2012,6.13,4.31,7.10,4.59,116,12
"Ben Edwards",WR,-,70,28.3,2014,Undrafted,4.52,6.80,-,-,11
"Bennie Fowler",WR,"New York Giants",73,28.6,2014,Undrafted,4.18,7.06,4.52,126,18
"Bernard Reedy",WR,-,69,25.8,2014,Undrafted,4.07,6.84,4.57,120,16
"Blake Jackson",WR,"Cleveland Browns",71,28.6,2017,Undrafted,-,-,-,-,-
"Bobo Wilson",WR,"Tampa Bay Buccaneers",69,27.9,2017,Undrafted,-,-,4.57,-,10
"Bra'lon Cherry",WR,-,71,26.2,2017,Undrafted,4.28,6.95,4.62,127,17
"Brad Smith",WR,-,74,27.2,2006,4.06,4.33,7.01,4.46,128,-
"Bradley Marquez",WR,-,71,28.0,2015,Undrafted,4.04,6.80,4.59,123,11
"Braelon Roberts",WR,-,75,25.2,2018,Undrafted,4.70,7.44,4.57,112,4
"Brandin Cooks",WR,"Los Angeles Rams",70,27.1,2014,1.20,3.81,6.76,4.33,120,16
"Brandon Coleman",WR,-,78,26.0,2014,Undrafted,4.51,7.33,4.56,113,21
"Brandon Gibson",WR,-,72,28.5,2009,6.21,4.54,6.94,4.64,113,10
"Brandon LaFell",WR,-,74,27.1,2010,3.14,4.23,6.81,4.58,115,11
"Brandon Lloyd",WR,-,72,27.1,2003,4.25,-,-,4.62,-,-
"Brandon Marshall",WR,-,76,28.0,2006,4.22,4.31,6.96,4.52,120,28
"Brandon Powell",WR,"Detroit Lions",68,27.5,2018,Undrafted,4.15,6.88,4.64,115,-
"Brandon Reilly",WR,-,74,25.9,2017,Undrafted,4.18,6.77,4.52,120,18
"Brandon Shippen",WR,-,71,27.2,2016,Undrafted,4.20,6.76,4.60,117,17
"Brandon Tate",WR,-,73,25.7,2009,3.19,4.12,7.25,4.57,112,-
"Brandon Zylstra",WR,"Minnesota Vikings",74,27.5,2016,Undrafted,4.25,-,4.64,124,16
"Braxton Berrios",WR,"New England Patriots",69,27.2,2018,6.36,4.18,6.72,4.49,110,11
"Braxton Miller",WR,"Philadelphia Eagles",73,26.5,2016,3.22,4.07,6.65,4.50,123,17
"Brelan Chancellor",WR,-,69,27.8,2014,Undrafted,4.16,6.83,4.56,121,15
"Brenton Bersin",WR,-,75,26.4,2012,Undrafted,4.27,7.10,4.65,119,8
"Breshad Perriman",WR,"Tampa Bay Buccaneers",74,27.2,2015,1.26,-,-,4.30,127,18
"Brian Brown",WR,-,73,26.9,2017,Undrafted,4.34,7.12,4.66,119,14
"Brian Hartline",WR,-,74,25.5,2009,4.08,4.12,6.65,4.58,120,-
"Brian Quick",WR,Washington,75,27.5,2012,2.01,4.23,7.10,4.55,119,15
"Brian Tyms",WR,-,75,25.5,2012,Undrafted,4.14,6.86,4.53,130,19
"Brice Butler",WR,"Miami Dolphins",75,26.6,2013,7.03,4.40,6.70,4.42,129,-
"Brisly Estime",WR,-,68,28.3,2017,Undrafted,4.29,7.13,4.54,121,11
"Brittan Golden",WR,"New York Giants",71,25.9,2012,Undrafted,4.25,6.80,4.53,122,16
"Brody Oliver",WR,-,75,26.4,2019,Undrafted,4.31,6.95,-,116,10
"Bruce Ellington",WR,-,69,29.1,2014,4.06,3.95,6.69,4.45,120,15
"Bryan Walters",WR,-,72,25.8,2010,Undrafted,-,-,-,-,-
"Bryant Mitchell",WR,-,73,24.4,2015,Undrafted,4.19,7.08,4.75,129,4
"Bryce Bobo",WR,-,74,26.2,2018,Undrafted,4.38,7.38,4.73,116,9
"Bryce Treggs",WR,-,70,26.5,2016,Undrafted,4.19,7.00,4.44,122,16
"Bud Sasser",WR,-,74,27.7,2015,6.25,4.38,6.88,4.58,120,18
"Bug Howard",WR,-,76,26.9,2017,Undrafted,4.14,6.95,4.58,119,-
"Byron Pringle",WR,"Kansas City Chiefs",73,27.0,2018,Undrafted,4.40,6.87,4.46,120,15
"C.J. Board",WR,"Jacksonville Jaguars",73,23.9,2017,Undrafted,4.06,6.67,4.47,132,9
"Caleb Holley",WR,-,74,25.7,2014,Undrafted,4.31,6.78,4.67,126,7
"Caleb Scott",WR,"Seattle Seahawks",74,26.1,2018,Undrafted,4.35,6.58,4.51,124,13
"Calvin Johnson",WR,-,77,28.0,2007,1.02,-,-,4.35,139,-
"Calvin Ridley",WR,"Atlanta Falcons",73,24.9,2018,1.26,4.41,6.88,4.43,110,15
"Cam Phillips",WR,"Buffalo Bills",72,27.0,2018,Undrafted,4.45,7.19,4.84,113,12
"Cam Sims",WR,Washington,76,25.8,2018,Undrafted,4.49,7.57,4.64,123,-
"Cam Worthy",WR,-,74,27.1,2015,Undrafted,-,-,4.64,125,12
"Cameron Batson",WR,"Tennessee Titans",68,26.6,2018,Undrafted,4.00,6.69,4.40,124,14
"Cameron Meredith",WR,"New Orleans Saints",75,25.0,2015,Undrafted,4.12,6.71,4.54,127,14
"Canaan Severin",WR,-,74,27.2,2016,Undrafted,-,-,-,-,-
"Carlos Henderson",WR,-,71,27.8,2017,3.18,4.35,7.18,4.46,131,13
"Carlton Agudosi",WR,"Philadelphia Eagles",77,25.7,2017,Undrafted,4.37,6.79,4.66,124,10
"Cayleb Jones",WR,-,75,26.1,2016,Undrafted,4.14,6.99,4.65,112,9
"Cecil Shorts",WR,-,72,27.8,2011,4.17,4.07,6.50,4.59,114,21
"Cedrick Wilson",WR,"Dallas Cowboys",74,24.1,2018,6.34,4.23,6.89,4.55,121,9
"Chad Beebe",WR,"Minnesota Vikings",70,25.5,2018,Undrafted,4.18,6.88,4.73,117,-
"Chad Hansen",WR,-,74,25.9,2017,4.35,4.13,6.74,4.53,119,11
"Chad Williams",WR,"Arizona Cardinals",72,28.1,2017,3.34,4.15,7.06,4.45,123,26
"Chance Allen",WR,-,73,27.3,2017,Undrafted,4.64,7.45,4.93,116,7
"Chandler Jones",WR,-,71,24.3,2014,Undrafted,4.37,6.78,4.39,117,13
"Charles Johnson",WR,"Philadelphia Eagles",74,27.6,2013,7.10,4.31,6.96,4.44,133,14
"Charone Peake",WR,"New York Jets",74,26.8,2016,7.20,4.46,6.96,4.45,122,12
"Chester Rogers",WR,-,72,25.1,2016,Undrafted,4.07,6.85,4.56,120,15
"Chris Boyd",WR,-,76,25.1,2014,Undrafted,-,-,4.65,116,12
"Chris Brown",WR,-,74,24.9,2016,Undrafted,4.41,7.37,4.55,130,14
"Chris Conley",WR,"Jacksonville Jaguars",74,27.3,2015,3.12,4.30,7.06,4.35,139,18
"Chris D. Harper",WR,-,73,30.2,2013,4.26,4.26,6.89,4.55,116,20
"Chris Fields",WR,-,72,26.9,2014,Undrafted,4.26,7.03,4.63,125,14
"Chris Givens",WR,-,71,27.6,2012,4.01,4.23,6.97,4.41,118,19
"Chris Godwin",WR,"Tampa Bay Buccaneers",73,27.6,2017,3.20,4.00,7.01,4.42,126,19
"Chris Harper",WR,-,72,24.4,2015,Undrafted,4.36,7.03,4.58,120,11
"Chris Hogan",WR,"Carolina Panthers",73,29.0,2012,Undrafted,4.15,6.75,4.55,126,28
"Chris Lacy",WR,"Detroit Lions",75,25.6,2018,Undrafted,4.60,7.29,4.51,120,11
"Chris Matthews",WR,-,77,25.8,2011,Undrafted,4.29,6.90,4.62,118,14
"Chris Moore",WR,"Baltimore Ravens",73,27.2,2016,4.09,4.20,6.76,4.53,130,10
"Chris Owusu",WR,-,72,27.1,2012,Undrafted,4.11,6.85,4.36,129,19
"Chris Summers",WR,-,77,25.3,2012,Undrafted,4.48,7.37,4.62,121,-
"Chris Thompson",WR,-,71,23.8,2017,Undrafted,4.25,7.00,4.53,121,6
"Chris Williams",WR,-,68,26.6,2009,Undrafted,4.15,6.84,4.33,127,13
"Christian Blake",WR,"Atlanta Falcons",72,24.3,2018,Undrafted,4.40,6.83,4.56,126,9
"Christian Kirk",WR,"Arizona Cardinals",70,28.8,2018,2.15,4.45,7.09,4.47,115,20
"Christion Jones",WR,-,70,26.1,2015,Undrafted,4.19,6.91,4.63,119,8
"Chuck Jacobs",WR,-,72,24.1,2013,Undrafted,4.06,6.88,4.55,124,10
"Clyde Gates",WR,-,72,25.8,2011,Undrafted,4.17,6.87,4.37,131,16
"Cobi Hamilton",WR,-,74,27.2,2013,6.29,4.31,7.09,4.56,107,11
"Cody Core",WR,"Cincinnati Bengals",75,25.6,2016,6.24,4.40,6.75,4.47,119,14
"Cody Hoffman",WR,-,76,27.1,2014,Undrafted,4.20,6.89,4.65,108,13
"Cody Hollister",WR,-,75,26.7,2017,Undrafted,-,-,-,-,24
"Cody Latimer",WR,"New York Giants",74,27.6,2014,2.24,-,-,4.44,124,23
"Cody Thompson",WR,"Kansas City Chiefs",73,27.0,2019,Undrafted,4.03,6.87,4.57,119,19
"Colby Pearson",WR,-,72,26.3,2017,Undrafted,4.35,6.94,4.55,122,12
"Cole Beasley",WR,"Buffalo Bills",68,26.9,2012,Undrafted,4.40,7.16,4.54,126,17
"Colin Lockett",WR,-,71,26.2,2014,Undrafted,4.13,6.83,4.51,115,13
"Cooper Kupp",WR,"Los Angeles Rams",74,26.2,2017,3.05,4.08,6.75,4.62,116,-
"Cordarrelle Patterson",WR,"Chicago Bears",74,27.7,2013,1.29,4.40,7.28,4.42,128,-
"Corey Brown",WR,-,71,24.8,2014,Undrafted,4.22,7.16,4.51,116,13
"Corey Coleman",WR,"New York Giants",71,27.1,2016,1.15,3.95,6.75,4.42,129,17
"Corey Davis",WR,"Tennessee Titans",75,26.1,2017,1.05,-,-,4.53,-,-
"Corey Fuller",WR,-,74,26.2,2013,6.03,4.48,7.17,4.43,120,12
"Corey Smith",WR,-,72,24.8,2017,Undrafted,4.23,7.28,4.76,117,-
"Corey Washington",WR,-,76,26.0,2014,Undrafted,4.42,6.83,4.55,125,14
"Corey Willis",WR,-,70,26.1,2018,Undrafted,4.13,6.85,4.60,123,-
"Cortrelle Simpson",WR,"Tampa Bay Buccaneers",69,27.6,2019,Undrafted,4.13,6.90,4.57,128,18
"Courtland Sutton",WR,"Denver Broncos",75,27.2,2018,2.08,4.11,6.57,4.54,124,18
"Courtney Roby",WR,-,72,25.6,2005,3.04,3.94,6.60,4.36,126,-
"Curtis Samuel",WR,"Carolina Panthers",71,27.3,2017,2.08,4.33,7.09,4.31,119,18
"Cyril Grayson",WR,-,69,27.0,2017,Undrafted,-,-,4.38,127,-
"D.J. Chark",WR,"Jacksonville Jaguars",75,24.9,2018,2.29,-,-,4.34,129,16
"D.J. Coles",WR,-,75,28.1,2014,Undrafted,4.24,7.17,4.53,123,19
"D.J. Moore",WR,"Carolina Panthers",72,28.5,2018,1.24,4.07,6.95,4.42,132,15
"D.K. Metcalf",WR,"Seattle Seahawks",75,28.5,2019,2.32,4.50,7.38,4.33,134,27
"Da'Mari Scott",WR,"Buffalo Bills",72,27.8,2018,Undrafted,4.27,6.86,4.52,116,10
"Da'Rick Rogers",WR,-,74,27.9,2013,Undrafted,4.06,6.71,4.52,132,10
"Da'Ron Brown",WR,-,72,27.8,2015,7.16,4.11,7.04,4.54,120,17
"DaMarkus Lodge",WR,"Tampa Bay Buccaneers",74,25.9,2019,Undrafted,4.53,7.06,4.55,119,11
"DaVaris Daniels",WR,-,73,26.5,2015,Undrafted,4.32,6.81,4.62,122,13
"DaeSean Hamilton",WR,"Denver Broncos",73,26.8,2018,4.13,4.15,6.84,4.57,118,16
"Daikiel Shorts",WR,-,72,26.6,2017,Undrafted,4.29,7.15,4.65,124,16
"Damaris Johnson",WR,-,68,26.6,2012,Undrafted,4.20,6.80,4.57,113,13
"Damarr Aultman",WR,-,71,27.6,2015,Undrafted,3.94,6.65,4.53,128,20
"Damian Copeland",WR,-,71,25.7,2014,Undrafted,3.90,6.53,4.50,120,12
"Damian Williams",WR,-,73,26.3,2010,3.13,4.24,6.79,4.52,118,19
"Damiere Byrd",WR,"Arizona Cardinals",69,23.9,2015,Undrafted,4.09,6.59,4.32,131,13
"Damion Ratley",WR,"Cleveland Browns",74,25.2,2018,6.01,4.23,6.92,4.44,124,12
"Damion Willis",WR,-,75,25.5,2019,Undrafted,4.50,7.04,4.56,110,13
"Damond Powell",WR,-,71,24.8,2015,Undrafted,4.38,6.40,4.44,123,-
"Damore'ea Stringfellow",WR,-,74,28.0,2017,Undrafted,4.50,7.20,4.65,130,17
"Damoun Patterson",WR,"New England Patriots",72,26.0,2018,Undrafted,4.51,7.14,4.55,125,10
"Danario Alexander",WR,-,77,26.2,2010,Undrafted,-,-,4.62,-,-
"Dane Sanzenbacher",WR,-,71,25.1,2011,Undrafted,3.97,6.46,4.59,118,-
"Daniel Braverman",WR,-,70,25.1,2016,7.09,4.16,6.88,4.58,112,10
"Daniel Williams",WR,-,74,30.0,2017,Undrafted,4.46,7.44,4.56,121,17
"Danny Amendola",WR,"Detroit Lions",70,26.7,2009,Undrafted,4.25,6.81,4.68,103,13
"Danny Coale",WR,-,72,25.8,2012,5.17,4.09,6.64,4.50,115,12
"Dante Pettis",WR,"San Francisco 49ers",73,24.5,2018,2.12,-,-,4.53,125,11
"Darius Davis",WR,-,71,29.6,2015,Undrafted,4.41,7.28,4.60,125,17
"Darius Jennings",WR,"Tennessee Titans",70,24.2,2015,Undrafted,4.29,6.95,4.52,123,-
"Darius Johnson",WR,-,69,26.4,2013,Undrafted,4.53,7.29,4.60,109,6
"Darius Powe",WR,-,75,27.5,2016,Undrafted,4.29,6.94,4.54,120,17
"Darius Slayton",WR,"New York Giants",73,25.1,2019,5.33,4.15,7.00,4.39,-,11
"Darren Andrews",WR,-,70,28.3,2018,Undrafted,-,-,-,-,19
"Darren Carrington",WR,-,74,25.5,2018,Undrafted,4.51,6.96,4.83,120,9
"Darreus Rogers",WR,-,73,28.5,2017,Undrafted,4.54,7.22,4.94,112,8
"Darrius Heyward-Bey",WR,-,74,27.0,2009,1.07,4.18,6.80,4.30,126,16
"Darrius Shepherd",WR,"Green Bay Packers",71,25.9,2019,Undrafted,4.40,7.13,4.66,120,14
"Darryl Surgent",WR,-,71,26.5,2014,Undrafted,4.28,6.87,4.60,133,8
"Darvin Kidsy",WR,Washington,72,24.4,2018,Undrafted,-,-,4.51,127,-
"Daurice Fountain",WR,"Indianapolis Colts",73,27.2,2018,5.22,4.29,7.02,4.56,134,14
"Davante Adams",WR,"Green Bay Packers",73,28.0,2014,2.21,4.30,6.82,4.56,123,14
"David Gettis",WR,-,75,27.1,2010,6.29,4.41,6.94,4.43,124,15
"David Moore",WR,"Seattle Seahawks",73,28.9,2017,7.08,4.38,6.98,4.48,124,26
"David Nelson",WR,-,77,25.4,2010,Undrafted,4.13,6.79,4.59,112,16
"David Reed",WR,-,72,25.8,2010,5.25,4.38,6.95,4.56,114,15
"David Richards",WR,-,75,25.6,2016,Undrafted,4.39,-,4.73,122,13
"David Sills",WR,"Buffalo Bills",75,26.4,2019,Undrafted,4.28,6.97,4.57,120,14
"Davon Grayson",WR,"Kansas City Chiefs",73,26.3,2018,Undrafted,4.40,7.14,4.51,124,19
"Davonte Allen",WR,-,73,27.4,2016,Undrafted,4.44,6.81,4.62,128,15
"De'Anthony Thomas",WR,-,69,25.7,2014,4.24,4.21,6.83,4.50,124,8
"De'Mornay Pierson-El",WR,-,69,28.6,2018,Undrafted,4.28,6.98,4.62,120,14
"DeAndre Carter",WR,"Houston Texans",68,28.1,2015,Undrafted,3.80,6.64,4.49,126,17
"DeAndre Hopkins",WR,"Houston Texans",73,28.2,2013,1.27,4.50,6.83,4.57,115,15
"DeAndre Reaves",WR,-,70,25.7,2016,Undrafted,4.38,7.01,4.58,117,10
"DeAndre Smelter",WR,-,74,29.0,2015,4.33,-,-,4.57,110,-
"DeAndrew White",WR,"Carolina Panthers",71,26.9,2015,Undrafted,4.18,6.97,4.44,118,13
"DeAngelo Yancey",WR,"New York Jets",74,28.2,2017,5.32,4.27,6.84,4.58,121,21
"DeMario Bennett",WR,-,74,23.2,2014,Undrafted,4.52,6.93,4.53,123,-
"DeSean Jackson",WR,"Philadelphia Eagles",70,25.1,2008,2.18,4.19,6.82,4.35,120,-
"DeVante Parker",WR,"Miami Dolphins",75,26.1,2015,1.14,-,-,4.45,125,17
"DeVier Posey",WR,-,74,27.0,2012,3.05,4.15,7.03,4.50,123,14
"Deante' Gray",WR,-,68,28.0,2017,Undrafted,4.28,7.01,4.48,115,12
"Dede Westbrook",WR,"Jacksonville Jaguars",72,24.1,2017,4.03,4.34,7.20,4.44,120,8
"Deebo Samuel",WR,"San Francisco 49ers",71,29.8,2019,2.04,4.14,7.03,4.48,122,15
"Demarcus Ayers",WR,-,69,26.9,2016,7.08,4.33,7.00,4.72,123,-
"Demarcus Robinson",WR,"Kansas City Chiefs",73,26.8,2016,4.28,4.19,6.77,4.59,123,9
"Demaryius Thomas",WR,"New England Patriots",75,28.6,2010,1.22,-,-,4.41,-,-
"Denarius Moore",WR,-,72,26.3,2011,5.17,4.15,6.78,4.45,118,13
"Dennis Parks",WR,-,73,26.5,2016,Undrafted,4.48,7.44,4.66,122,10
"Deon Cain",WR,"Indianapolis Colts",74,25.9,2018,6.11,4.37,6.71,4.43,115,11
"Deon Long",WR,-,72,26.0,2015,Undrafted,4.27,6.98,4.51,120,12
"Deon-Tay McManus",WR,-,72,30.6,2017,Undrafted,4.41,7.38,4.59,116,20
"Deondre Douglas",WR,-,73,27.2,2019,Undrafted,4.53,7.42,4.61,112,19
"Deontay Burnett",WR,"New York Jets",72,25.2,2018,Undrafted,-,-,4.75,121,-
"Deonte Greenberry",WR,-,73,27.8,2015,Undrafted,4.31,7.23,4.55,116,21
"Deonte Thompson",WR,-,72,27.5,2012,Undrafted,4.40,6.96,4.36,125,20
"Deontez Alexander",WR,"Detroit Lions",73,25.9,2018,Undrafted,4.08,6.91,4.40,130,15
"Derel Walker",WR,-,73,24.8,2014,Undrafted,4.36,6.82,4.70,126,12
"Derrick Johnson",WR,-,71,26.5,2014,Undrafted,4.20,6.60,4.52,122,12
"Derrick Willies",WR,"Cleveland Browns",76,25.2,2018,Undrafted,4.01,6.84,4.60,134,15
"Devante Davis",WR,-,75,27.5,2015,Undrafted,4.12,7.25,4.57,115,16
"Devin Fuller",WR,-,72,26.3,2016,7.17,4.07,7.03,4.44,124,-
"Devin Funchess",WR,"Indianapolis Colts",76,28.2,2015,2.09,4.48,6.98,4.60,122,17
"Devin Gray",WR,"Atlanta Falcons",71,25.5,2018,Undrafted,4.19,6.90,4.46,125,15
"Devin Hester",WR,-,71,26.5,2006,2.25,4.20,6.78,4.41,124,16
"Devin Lucien",WR,-,73,29.3,2016,7.04,4.30,6.93,4.54,117,13
"Devin Ross",WR,"Tennessee Titans",69,28.4,2018,Undrafted,4.23,6.94,4.57,123,16
"Devin Smith",WR,"Dallas Cowboys",72,26.6,2015,2.05,4.15,6.83,4.42,122,10
"Devin Street",WR,-,75,24.7,2014,5.06,4.01,6.89,4.55,124,13
"Devon Wylie",WR,-,69,27.5,2012,4.12,4.16,6.82,4.39,123,17
"Devonte Boyd",WR,-,73,25.5,2018,Undrafted,4.45,6.98,4.64,122,18
"Dez Bryant",WR,-,74,28.2,2010,1.24,4.46,7.10,4.57,133,14
"Dezmin Lewis",WR,-,76,26.0,2015,7.17,4.28,7.11,4.58,119,16
"Dillon Mitchell",WR,"Minnesota Vikings",73,26.0,2019,7.25,4.29,6.93,4.46,122,12
"Diontae Johnson",WR,"Pittsburgh Steelers",70,26.3,2019,3.02,4.45,7.09,4.53,123,15
"Diontae Spencer",WR,"Pittsburgh Steelers",68,26.3,2014,Undrafted,4.30,7.22,4.39,123,13
"Dom Williams",WR,-,74,25.4,2016,Undrafted,4.28,7.04,4.45,125,11
"Domenik Hixon",WR,-,74,25.3,2006,4.33,-,-,4.44,-,-
"Domonique Young",WR,-,74,28.1,2017,Undrafted,-,-,-,-,-
"Donnie Avery",WR,-,71,25.5,2008,2.02,3.91,6.30,4.43,126,16
"Donte Foster",WR,-,73,25.5,2014,Undrafted,4.30,6.79,4.52,130,14
"Donte Moncrief",WR,"Pittsburgh Steelers",74,28.4,2014,3.26,4.30,7.02,4.40,132,13
"Donteea Dye",WR,-,72,26.4,2015,Undrafted,4.22,7.02,4.50,123,17
"Dontez Ford",WR,-,73,28.0,2017,Undrafted,4.47,6.98,4.61,127,16
"Dontre Wilson",WR,-,70,26.3,2017,Undrafted,4.10,6.96,4.63,112,-
"Dontrelle Inman",WR,"New England Patriots",75,25.6,2011,Undrafted,4.13,6.53,4.52,118,11
"Dorial Green-Beckham",WR,-,77,28.1,2015,2.08,4.45,6.89,4.49,119,13
"Dorren Miller",WR,"Philadelphia Eagles",74,25.0,2018,Undrafted,-,-,4.44,-,17
"Doug Baldwin",WR,-,70,27.1,2011,Undrafted,4.26,6.56,4.53,123,6
"Douglas McNeil",WR,-,75,25.0,2013,Undrafted,-,-,4.67,-,-
"Dredrick Snelson",WR,"Jacksonville Jaguars",71,26.4,2019,Undrafted,4.39,7.27,4.60,116,10
"Dres Anderson",WR,-,73,24.7,2015,Undrafted,4.22,6.83,4.58,121,13
"Drew Davis",WR,-,73,27.0,2012,Undrafted,4.21,7.03,4.60,120,15
"Drew Morgan",WR,-,72,25.8,2017,Undrafted,4.12,6.85,4.74,112,10
"Duke Williams",WR,"Buffalo Bills",74,29.4,2016,Undrafted,4.47,7.43,4.72,121,14
"Duron Carter",WR,-,76,25.0,2013,Undrafted,4.47,6.90,4.63,124,-
"Durron Neal",WR,-,71,27.8,2016,Undrafted,4.46,7.22,4.59,121,13
"Dwayne Bowe",WR,-,74,28.4,2007,1.23,4.35,6.81,4.51,125,-
"Dwayne Harris",WR,"Oakland Raiders",70,28.7,2011,6.11,4.21,6.77,4.55,111,10
"Dwayne Stanford",WR,-,75,26.6,2017,Undrafted,-,-,-,-,17
"Dylan Cantrell",WR,"Los Angeles Chargers",75,28.2,2018,6.17,4.03,6.56,4.59,130,18
"Earl Bennett",WR,-,71,28.4,2008,3.07,4.22,7.15,4.48,110,15
"Ed Eagan",WR,-,70,27.5,2016,Undrafted,4.13,7.09,4.56,118,6
"Ed Williams",WR,-,72,26.6,2014,Undrafted,-,-,4.58,121,-
"Eddie Royal",WR,-,70,26.5,2008,2.11,4.34,7.07,4.39,124,24
"Eli Rogers",WR,"Pittsburgh Steelers",70,25.8,2015,Undrafted,4.10,6.71,4.62,117,19
"Emanuel Hall",WR,"Chicago Bears",74,25.8,2019,Undrafted,-,-,4.39,141,15
"Emmanuel Butler",WR,"New Orleans Saints",75,27.1,2019,Undrafted,4.22,7.41,4.53,115,11
"Emmanuel Sanders",WR,"Denver Broncos",71,25.1,2010,3.18,4.10,6.64,4.41,126,12
"Emory Blake",WR,-,72,26.6,2013,Undrafted,4.26,7.00,4.67,120,-
"Equanimeous St. Brown",WR,"Green Bay Packers",77,25.4,2018,6.33,-,-,4.48,-,20
"Eric Decker",WR,-,75,26.9,2010,3.23,-,-,4.60,-,15
"Eric Page",WR,-,70,25.8,2012,Undrafted,3.98,6.95,4.60,112,15
"Eric Rogers",WR,-,75,26.2,2013,Undrafted,4.20,7.08,4.55,121,9
"Eric Ward",WR,-,72,27.8,2014,Undrafted,4.44,7.04,4.71,110,13
"Eric Weems",WR,-,69,28.8,2007,Undrafted,-,-,4.57,-,-
"Evan Spencer",WR,-,73,27.4,2015,6.11,4.29,7.03,4.50,124,20
"Ezell Ruffin",WR,-,72,29.6,2015,Undrafted,4.58,7.35,4.68,110,17
"Felton Davis",WR,"Kansas City Chiefs",75,26.4,2019,Undrafted,-,-,-,-,21
"Francis Owusu",WR,-,74,28.4,2017,Undrafted,4.13,7.07,4.40,127,12
"Frank Stephens",WR,-,69,26.0,2018,Undrafted,4.08,6.82,4.47,122,13
"Frankie Hammond",WR,-,73,24.3,2013,Undrafted,4.21,6.57,4.49,121,14
"Fred Brown",WR,"Denver Broncos",73,26.3,2017,Undrafted,4.32,6.82,4.53,118,13
"Fred Ross",WR,-,73,28.1,2017,Undrafted,4.28,6.99,4.51,113,10
"Freddie Martino",WR,-,72,26.4,2014,Undrafted,4.36,6.59,4.54,115,13
"Gabe Marks",WR,-,71,26.4,2017,Undrafted,4.20,7.01,4.56,117,11
"Garrett Johnson",WR,-,70,24.2,2018,Undrafted,4.26,6.81,4.55,118,12
"Garry Brown",WR,-,72,27.9,2017,Undrafted,4.34,6.81,4.63,126,21
"Gary Jennings",WR,"Seattle Seahawks",73,28.2,2019,4.18,4.15,7.32,4.42,127,20
"Gavin Lutman",WR,-,76,24.5,2015,Undrafted,4.20,6.65,4.55,126,9
"Gehrig Dieter",WR,"Kansas City Chiefs",74,26.7,2017,Undrafted,4.33,7.20,4.61,119,15
"Geraldo Boldewijn",WR,-,75,26.9,2014,Undrafted,4.19,6.88,4.61,127,18
"Geremy Davis",WR,"Los Angeles Chargers",74,27.7,2015,6.10,4.18,6.86,4.52,124,23
"Geronimo Allison",WR,"Green Bay Packers",75,24.5,2016,Undrafted,4.28,7.40,4.67,127,-
"Gerrard Sheppard",WR,-,74,27.1,2013,Undrafted,4.41,7.22,4.43,121,15
"Golden Tate",WR,"New York Giants",70,29.0,2010,2.28,4.34,7.12,4.42,120,17
"Grant Perry",WR,-,71,25.8,2019,Undrafted,-,-,4.74,-,-
"Greg Dortch",WR,"New York Jets",67,27.1,2019,Undrafted,4.08,6.89,4.64,109,-
"Greg Hardin",WR,-,70,24.5,2014,Undrafted,4.41,6.82,4.49,116,12
"Greg Jenkins",WR,-,73,27.4,2013,Undrafted,4.25,7.16,4.77,113,15
"Greg Jennings",WR,-,71,27.6,2006,2.20,4.18,6.69,4.42,117,-
"Greg Little",WR,-,74,28.2,2011,2.27,4.21,6.80,4.53,129,27
"Greg Salas",WR,-,73,27.7,2011,4.15,4.10,6.65,4.56,120,15
"Greg Ward",WR,"Philadelphia Eagles",71,25.9,2017,Undrafted,4.31,6.90,4.64,115,10
"Griff Whalen",WR,-,73,24.4,2012,Undrafted,4.06,6.89,4.60,110,15
"Hakeem Butler",WR,"Arizona Cardinals",77,26.9,2019,4.01,4.16,7.09,4.48,128,18
"Hakeem Nicks",WR,-,73,27.4,2009,1.29,4.43,6.96,4.63,121,-
"Harry Douglas",WR,-,71,25.4,2008,3.21,4.12,6.57,4.51,120,11
"Hunter Renfrow",WR,"Oakland Raiders",70,26.4,2019,5.11,4.19,6.80,4.59,116,7
"Hunter Sharp",WR,"Cincinnati Bengals",71,27.6,2016,Undrafted,4.19,7.12,4.58,116,12
"Isaac Whitney",WR,"Houston Texans",74,26.2,2017,Undrafted,4.45,7.04,4.39,126,12
"Isaiah Burse",WR,-,70,27.0,2014,Undrafted,3.94,6.74,4.58,115,16
"Isaiah Ford",WR,"Miami Dolphins",73,25.6,2017,7.19,4.34,6.94,4.61,127,14
"Isaiah McKenzie",WR,"Buffalo Bills",67,27.1,2017,5.29,4.15,6.64,4.42,123,11
"Ishmael Adams",WR,-,68,28.3,2017,Undrafted,4.25,7.03,4.55,111,15
"Ishmael Zamora",WR,-,76,27.3,2017,Undrafted,4.11,7.10,4.58,125,13
"Issac Blakeney",WR,-,78,26.0,2015,Undrafted,4.26,6.89,4.67,129,17
"J'Mon Moore",WR,"Green Bay Packers",75,25.9,2018,4.33,4.04,6.56,4.60,120,21
"J.J. Arcega-Whiteside",WR,"Philadelphia Eagles",74,28.9,2019,2.25,4.41,7.23,4.54,118,-
"J.J. Jones",WR,"New York Jets",70,25.1,2018,Undrafted,4.26,6.83,4.40,128,5
"J.J. Nelson",WR,"Oakland Raiders",70,22.4,2015,5.23,4.15,7.02,4.28,127,-
"Ja-Mes Logan",WR,-,74,24.6,2014,Undrafted,4.00,6.76,4.74,115,14
"Jace Billingsley",WR,-,68,29.2,2016,Undrafted,4.10,6.88,4.53,116,24
"Jace Davis",WR,-,73,27.2,2014,Undrafted,4.28,6.88,4.50,118,18
"Jacoby Ford",WR,-,69,27.3,2010,4.10,4.44,7.00,4.28,115,15
"Jacoby Jones",WR,-,75,27.5,2007,3.09,4.31,7.03,4.50,129,-
"Jaelen Strong",WR,"Cleveland Browns",74,27.9,2015,3.06,4.19,7.33,4.44,123,17
"Jake Kumerow",WR,"Green Bay Packers",77,24.7,2015,Undrafted,4.26,6.90,4.58,113,15
"Jake Lampman",WR,-,71,27.9,2015,Undrafted,4.35,6.76,4.52,122,27
"Jake Wieneke",WR,-,76,26.9,2018,Undrafted,4.37,7.24,4.67,114,9
"Jakeem Grant",WR,"Miami Dolphins",66,26.6,2016,6.11,4.03,7.03,4.42,117,15
"Jakobi Meyers",WR,"New England Patriots",74,26.1,2019,Undrafted,4.23,7.07,4.63,118,13
"Jaleel Scott",WR,"Baltimore Ravens",77,25.8,2018,4.32,4.40,7.20,4.56,124,16
"Jalen Guyton",WR,"Dallas Cowboys",73,28.0,2019,Undrafted,4.09,6.90,4.44,125,13
"Jalen Hurd",WR,"San Francisco 49ers",77,26.8,2019,3.03,4.15,-,4.69,124,23
"Jalen Robinette",WR,-,75,27.5,2017,Undrafted,4.46,6.77,4.62,120,13
"Jalen Saunders",WR,-,69,24.4,2014,4.04,4.42,7.29,4.44,122,-
"Jalen Tolliver",WR,-,73,28.1,2018,Undrafted,4.23,6.99,4.61,122,20
"Jalen Williams",WR,-,74,26.8,2017,Undrafted,-,-,4.60,119,14
"Jalin Marshall",WR,-,70,28.7,2016,Undrafted,4.13,6.80,4.60,125,16
"Jamaal Jones",WR,-,72,25.6,2016,Undrafted,4.50,7.31,4.64,122,18
"Jamal Custis",WR,"Kansas City Chiefs",76,26.0,2019,Undrafted,4.46,7.23,4.50,124,-
"Jamal Robinson",WR,-,73,28.0,2016,Undrafted,4.39,6.91,4.55,118,24
"Jamari Staples",WR,-,75,24.4,2017,Undrafted,4.41,-,4.51,130,-
"Jamarius Way",WR,-,75,26.9,2019,Undrafted,4.66,7.44,4.63,119,16
"James Gardner",WR,-,76,28.1,2019,Undrafted,4.53,7.02,4.92,122,12
"James Jones",WR,-,73,27.4,2007,3.14,4.20,7.06,4.54,119,22
"James Quick",WR,-,72,25.2,2017,Undrafted,4.39,7.00,4.60,115,11
"James Washington",WR,"Pittsburgh Steelers",71,29.7,2018,2.28,4.32,7.11,4.54,120,14
"James Wright",WR,-,73,26.5,2014,7.24,4.32,7.18,4.50,128,16
"Jamison Crowder",WR,"New York Jets",68,28.1,2015,4.06,4.32,7.17,4.56,115,10
"Janarion Grant",WR,-,69,26.1,2018,Undrafted,4.43,7.07,4.61,122,22
"Jared Abbrederis",WR,-,73,25.7,2014,5.36,4.08,6.80,4.50,117,4
"Jared Dangerfield",WR,-,74,27.6,2016,Undrafted,4.32,6.92,4.79,119,23
"Jared Green",WR,-,73,24.8,2012,Undrafted,4.42,6.96,4.47,129,3
"Jarius Wright",WR,"Carolina Panthers",70,25.8,2012,4.23,4.03,6.93,4.42,120,11
"Jaron Brown",WR,"Seattle Seahawks",74,26.3,2013,Undrafted,4.07,6.82,4.45,124,17
"Jarrett Boykin",WR,-,74,28.0,2012,Undrafted,4.28,7.12,4.74,123,11
"Jarvis Landry",WR,"Cleveland Browns",71,28.6,2014,2.31,4.59,7.56,4.65,110,12
"Jason Avant",WR,-,72,28.7,2006,4.12,4.19,7.02,4.67,118,20
"Jasper Collins",WR,-,70,27.0,2013,Undrafted,4.07,6.85,4.53,121,12
"Javon Wims",WR,"Chicago Bears",75,26.9,2018,7.06,-,7.00,4.53,113,-
"Javone Lawson",WR,-,73,24.1,2013,Undrafted,4.47,7.38,4.73,113,7
"Javontee Herndon",WR,-,72,28.1,2014,Undrafted,4.34,6.87,4.49,118,23
"Jawill Davis",WR,"Green Bay Packers",73,25.2,2018,Undrafted,4.56,7.52,4.43,123,14
"Jaxon Shipley",WR,-,73,25.7,2015,Undrafted,4.37,6.82,4.57,128,10
"Jay Lee",WR,-,74,27.6,2016,Undrafted,4.28,6.75,4.58,119,13
"Jaydon Mickens",WR,-,70,25.0,2016,Undrafted,3.93,6.62,4.59,121,15
"Jaylen Smith",WR,"Baltimore Ravens",74,28.1,2019,Undrafted,4.48,7.55,4.47,-,14
"Jaz Reynolds",WR,-,74,25.4,2014,Undrafted,-,-,4.62,125,9
"Jazz Ferguson",WR,"Seattle Seahawks",77,26.9,2019,Undrafted,4.59,7.25,4.45,123,8
"Jeff Badet",WR,"Minnesota Vikings",71,25.4,2018,Undrafted,4.54,7.24,4.39,131,16
"Jeff Fuller",WR,-,76,27.1,2012,Undrafted,4.42,7.09,4.58,120,17
"Jeff Janis",WR,-,75,27.4,2014,7.21,3.98,6.64,4.42,123,20
"Jeff Maehl",WR,-,73,25.1,2011,Undrafted,3.94,6.42,4.62,115,8
"Jehu Chesson",WR,Washington,75,25.5,2017,4.33,4.09,6.70,4.47,132,10
"Jeremy Butler",WR,-,74,28.8,2014,Undrafted,4.28,7.19,4.65,114,15
"Jeremy Gallon",WR,-,67,29.0,2014,7.29,4.26,7.07,4.49,130,15
"Jeremy Johnson",WR,-,72,24.3,2014,Undrafted,4.44,6.91,4.69,114,15
"Jeremy Kerley",WR,-,69,27.8,2011,5.22,3.99,6.70,4.62,120,16
"Jeremy Maclin",WR,-,72,26.9,2009,1.19,4.25,7.06,4.48,120,-
"Jeremy Ross",WR,-,72,28.3,2012,Undrafted,4.19,7.20,4.49,115,22
"Jermaine Jones",WR,-,75,24.2,2014,Undrafted,4.35,7.47,4.50,125,12
"Jermaine Kearse",WR,-,73,27.6,2012,Undrafted,4.12,7.03,4.58,119,14
"Jerome Lane",WR,-,74,29.0,2017,Undrafted,4.12,6.87,4.60,125,16
"Jerome Simpson",WR,-,74,24.3,2008,2.15,4.52,7.08,4.47,136,-
"Jerrel Jernigan",WR,-,69,27.9,2011,3.19,4.25,7.07,4.46,117,11
"Jerricho Cotchery",WR,-,72,27.5,2004,4.12,3.92,6.95,4.54,121,-
"Jesper Horsted",WR,-,76,27.9,2019,Undrafted,-,-,4.82,118,14
"Jester Weah",WR,"Houston Texans",74,27.0,2018,Undrafted,4.41,7.24,4.43,129,15
"Jhajuan Seales",WR,-,73,27.2,2017,Undrafted,4.36,7.27,4.56,123,20
"Jimmie Hunt",WR,-,72,29.2,2015,Undrafted,4.46,7.00,4.60,116,12
"JoJo Natson",WR,"Los Angeles Rams",69,23.5,2017,Undrafted,4.19,7.20,4.51,122,16
"Joe Morgan",WR,-,72,25.0,2011,Undrafted,4.25,6.91,4.44,123,10
"John Brown",WR,"Buffalo Bills",70,25.7,2014,3.27,4.12,6.91,4.34,119,8
"John Harris",WR,-,74,28.0,2015,Undrafted,4.45,6.82,4.64,118,19
"John Ross",WR,"Cincinnati Bengals",71,26.2,2017,1.09,-,-,4.22,133,-
"John Ursua",WR,"Seattle Seahawks",69,26.3,2019,7.22,4.16,6.77,4.61,120,17
"Johnnie Dixon",WR,"Houston Texans",70,28.8,2019,Undrafted,4.43,7.38,4.41,120,16
"Johnny Holton",WR,-,73,25.1,2016,Undrafted,4.20,6.90,4.54,123,8
"Jon Baldwin",WR,-,76,28.0,2011,1.26,4.34,7.07,4.50,129,20
"Jon Duhart",WR,"Detroit Lions",75,26.5,2019,Undrafted,4.40,6.90,4.64,128,21
"Jonah Trinnaman",WR,-,70,27.5,2018,Undrafted,4.36,6.96,4.35,144,14
"Jonathan Krause",WR,-,71,26.1,2014,Undrafted,4.04,6.94,4.42,128,13
"Jonâ€™Vea Johnson",WR,"Dallas Cowboys",71,26.2,2019,Undrafted,4.17,6.68,4.45,128,12
"Jordan Harris",WR,-,74,27.6,2014,Undrafted,4.39,7.29,4.70,119,7
"Jordan Lasley",WR,"Baltimore Ravens",73,26.8,2018,5.25,4.19,7.27,4.50,112,8
"Jordan Leslie",WR,-,74,26.3,2015,Undrafted,4.08,6.87,4.51,130,18
"Jordan Matthews",WR,"San Francisco 49ers",75,26.5,2014,2.10,4.18,6.95,4.46,120,21
"Jordan Norwood",WR,-,71,25.1,2009,Undrafted,4.20,6.80,4.62,119,-
"Jordan Payton",WR,-,73,27.3,2016,5.15,4.33,7.08,4.47,121,-
"Jordan Smallwood",WR,-,74,28.1,2018,Undrafted,4.26,6.95,4.58,130,21
"Jordan Taylor",WR,"Minnesota Vikings",77,24.2,2015,Undrafted,4.46,6.69,4.57,122,9
"Jordan Veasy",WR,"Indianapolis Colts",75,27.6,2018,Undrafted,4.47,7.07,4.58,123,16
"Jordan Westerkamp",WR,-,71,27.1,2017,Undrafted,-,-,-,-,-
"Jordan Williams-Lambert",WR,"Chicago Bears",75,28.4,2016,Undrafted,4.45,7.03,4.69,116,21
"Jordy Nelson",WR,-,75,27.1,2008,2.05,4.35,7.03,4.51,123,-
"Josh Barge",WR,-,72,25.0,2017,Undrafted,4.44,7.38,4.82,113,8
"Josh Bellamy",WR,"New York Jets",72,27.9,2012,Undrafted,4.13,6.67,4.52,124,19
"Josh Boyce",WR,-,71,28.7,2013,4.05,4.10,6.68,4.38,131,22
"Josh Cooper",WR,-,71,26.5,2012,Undrafted,4.35,7.12,4.70,115,11
"Josh Crockett",WR,-,74,25.3,2018,Undrafted,4.50,7.47,4.64,137,9
"Josh Doctson",WR,Washington,74,25.9,2016,1.22,4.08,6.84,4.50,131,14
"Josh Gordon",WR,"New England Patriots",75,28.1,2012,"Supplemental (2nd)",-,-,4.57,121,13
"Josh Harper",WR,-,73,25.2,2015,Undrafted,4.36,7.15,4.64,108,13
"Josh Huff",WR,-,71,28.7,2014,3.22,4.12,6.96,4.51,116,14
"Josh Lenz",WR,-,72,26.4,2013,Undrafted,4.20,6.59,4.44,121,21
"Josh Magee",WR,-,70,26.4,2017,Undrafted,4.26,6.91,4.54,107,14
"Josh Malone",WR,"Cincinnati Bengals",75,26.0,2017,4.22,4.19,7.05,4.40,121,10
"Josh Morgan",WR,-,73,28.9,2008,6.08,4.29,7.06,4.51,120,14
"Josh Reynolds",WR,"Los Angeles Rams",75,24.2,2017,4.10,4.13,6.83,4.52,124,-
"Josh Stewart",WR,-,70,25.5,2014,Undrafted,4.33,7.10,4.69,117,11
"Jovon Durante",WR,-,71,22.3,2019,Undrafted,4.31,7.00,4.55,120,-
"JuJu Smith-Schuster",WR,"Pittsburgh Steelers",73,28.4,2017,2.30,4.19,6.88,4.54,120,15
"JuWann Winfree",WR,"Denver Broncos",73,27.7,2019,6.14,4.25,6.97,4.58,125,16
"Julian Edelman",WR,"New England Patriots",70,28.4,2009,7.23,3.92,6.62,4.57,123,14
"Julian Talley",WR,-,73,25.3,2012,Undrafted,4.09,6.65,4.62,128,14
"Julian Williams",WR,-,70,27.7,2018,Undrafted,4.21,6.95,4.77,119,15
"Julio Jones",WR,"Atlanta Falcons",75,27.5,2011,1.06,4.25,6.66,4.39,135,17
"Junior Hemingway",WR,-,73,29.3,2012,7.31,3.98,6.59,4.53,124,21
"Juron Criner",WR,-,74,28.2,2012,5.33,4.30,7.15,4.68,117,17
"Justice Liggins",WR,"Los Angeles Chargers",73,27.2,2017,Undrafted,4.25,6.86,4.56,127,16
"Justin Blackmon",WR,-,73,27.3,2012,1.05,4.38,7.13,4.53,123,14
"Justin Brown",WR,-,75,26.1,2013,6.18,4.31,6.96,4.65,117,8
"Justin Hardy",WR,"Atlanta Falcons",70,27.5,2015,4.08,4.21,6.63,4.56,114,11
"Justin Hunter",WR,-,76,23.9,2013,2.02,4.33,7.19,4.44,136,-
"Justin Thomas",WR,-,69,27.5,2017,Undrafted,4.14,7.19,4.40,115,-
"Justin Veltung",WR,-,71,25.4,2013,Undrafted,4.15,6.79,4.51,129,8
"Justin Watson",WR,"Tampa Bay Buccaneers",74,27.6,2018,5.07,4.26,7.08,4.49,124,20
"Juston Christian",WR,"Baltimore Ravens",72,26.6,2019,Undrafted,4.50,7.32,4.54,126,16
"K.J. Brent",WR,"Tampa Bay Buccaneers",75,25.2,2016,Undrafted,4.30,6.89,4.59,118,6
"K.J. Maye",WR,-,68,29.0,2016,Undrafted,4.35,7.18,4.66,113,10
"KD Cannon",WR,-,71,25.4,2017,Undrafted,4.37,7.10,4.41,119,13
"Ka'Raun White",WR,"Pittsburgh Steelers",73,26.3,2018,Undrafted,4.57,7.16,4.52,118,24
"Kadron Boone",WR,-,72,26.2,2014,Undrafted,4.60,7.37,4.52,118,9
"Kaelin Clay",WR,-,70,28.0,2015,6.08,4.26,6.97,4.51,113,10
"Kain Colter",WR,-,70,28.4,2014,Undrafted,4.20,6.68,4.76,113,11
"Kalif Raymond",WR,"Tennessee Titans",69,23.9,2016,Undrafted,-,-,4.39,-,-
"Kamar Aiken",WR,-,74,27.6,2011,Undrafted,4.63,7.19,4.50,128,17
"Karel Hamilton",WR,-,72,27.0,2017,Undrafted,4.62,7.10,4.66,115,12
"Kasen Williams",WR,-,73,28.9,2015,Undrafted,4.46,7.10,4.65,119,17
"Kashif Moore",WR,-,69,26.6,2012,Undrafted,4.05,6.82,4.42,126,19
"Kassim Osgood",WR,-,77,26.1,2003,Undrafted,4.44,7.19,4.68,122,-
"KeVonn Mabon",WR,-,73,28.0,2017,Undrafted,4.33,6.91,4.71,122,14
"Kealoha Pilares",WR,-,70,28.8,2011,5.01,4.11,6.85,4.47,125,19
"KeeSean Johnson",WR,"Arizona Cardinals",73,26.5,2019,6.01,4.23,7.28,4.60,117,14
"Keelan Cole",WR,"Jacksonville Jaguars",73,25.6,2017,Undrafted,4.40,6.69,4.64,-,-
"Keelan Doss",WR,"Oakland Raiders",74,27.1,2019,Undrafted,-,-,4.61,124,8
"Keenan Allen",WR,"Los Angeles Chargers",74,26.4,2013,3.14,-,-,4.71,-,-
"Keenan Reynolds",WR,"Seattle Seahawks",69,28.1,2016,6.07,-,-,4.62,120,15
"Keeon Johnson",WR,-,74,27.1,2017,Undrafted,4.34,7.00,4.62,132,25
"Keevan Lucas",WR,-,69,28.4,2017,Undrafted,4.43,7.23,4.55,119,11
"Keith Kirkwood",WR,"New Orleans Saints",74,28.4,2018,Undrafted,4.43,6.94,4.50,123,-
"Keith Mumphery",WR,-,72,29.2,2015,5.39,4.25,7.07,4.54,121,15
"Keke Coutee",WR,"Houston Texans",70,26.0,2018,4.03,4.15,6.93,4.43,113,14
"Kelvin Benjamin",WR,-,77,28.5,2014,1.28,4.39,7.33,4.61,119,13
"Kelvin Harmon",WR,Washington,74,28.4,2019,6.33,4.32,7.15,4.60,117,18
"Kenbrell Thompkins",WR,-,73,25.1,2013,Undrafted,4.21,6.88,4.54,121,8
"Kendall Wright",WR,-,70,28.1,2012,1.20,4.18,6.93,4.61,121,4
"Kendrick Bourne",WR,"San Francisco 49ers",73,26.8,2017,Undrafted,4.21,6.73,4.68,125,9
"Kenneth Walker",WR,-,69,27.8,2017,Undrafted,4.40,7.28,4.35,115,19
"Kenny Bell",WR,-,73,26.0,2015,5.26,4.15,6.66,4.42,129,7
"Kenny Britt",WR,-,75,26.9,2009,1.30,-,-,4.56,124,23
"Kenny Cook",WR,-,76,26.5,2015,Undrafted,4.37,7.13,4.65,120,12
"Kenny Golladay",WR,"Detroit Lions",76,26.5,2017,3.32,4.15,7.00,4.50,120,18
"Kenny Lawler",WR,-,74,26.1,2016,7.22,4.20,7.13,4.64,111,-
"Kenny Shaw",WR,-,71,24.3,2014,Undrafted,4.27,6.62,4.61,120,8
"Kenny Stills",WR,"Miami Dolphins",72,26.3,2013,5.11,4.13,7.13,4.38,124,16
"Keon Hatcher",WR,"Oakland Raiders",73,28.0,2017,Undrafted,-,-,4.64,-,16
"Kermit Whitfield",WR,"Cincinnati Bengals",68,28.1,2017,Undrafted,4.37,7.17,4.44,120,8
"Kerry Taylor",WR,-,72,27.1,2011,Undrafted,4.18,6.63,4.56,120,16
"Keshawn Martin",WR,-,71,26.4,2012,4.26,4.13,6.85,4.45,122,13
"Kevin Cone",WR,-,74,27.7,2011,Undrafted,4.35,7.53,4.46,121,20
"Kevin Dorsey",WR,-,73,27.3,2013,7.18,4.28,7.08,4.52,130,17
"Kevin Elliott",WR,-,75,26.6,2012,Undrafted,4.20,6.72,4.58,122,-
"Kevin Norwood",WR,-,74,25.4,2014,4.23,4.32,6.68,4.48,121,8
"Kevin Ogletree",WR,-,73,26.1,2009,Undrafted,4.08,6.67,4.46,122,-
"Kevin Smith",WR,-,72,28.2,2014,Undrafted,4.36,6.96,4.59,126,10
"Kevin White",WR,"Arizona Cardinals",75,26.9,2015,1.07,4.14,6.92,4.35,123,23
"Kevonte Martin-Manley",WR,-,72,27.8,2015,Undrafted,4.21,6.94,4.63,124,-
"Keyarris Garrett",WR,-,75,27.5,2016,Undrafted,4.33,7.30,4.53,128,14
"Khadarel Hodge",WR,"Los Angeles Rams",74,25.4,2018,Undrafted,-,-,4.63,124,-
"Kofi Hughes",WR,-,73,27.4,2014,Undrafted,4.20,6.90,4.57,126,24
"Kolby Listenbee",WR,-,72,26.7,2016,6.17,-,-,4.39,129,15
"Korey Robertson",WR,-,73,28.0,2018,Undrafted,4.40,7.55,4.56,123,13
"Kris Durham",WR,-,77,25.5,2011,4.10,4.41,6.89,4.51,121,17
"Krishawn Hogan",WR,"Indianapolis Colts",75,27.7,2017,Undrafted,4.21,6.74,4.56,124,13
"Kyle Prater",WR,-,77,26.7,2015,Undrafted,4.29,7.12,4.76,121,20
"Kyle Williams",WR,-,70,26.7,2010,6.37,4.19,7.00,4.43,118,11
"L'Damian Washington",WR,-,76,23.7,2014,Undrafted,4.35,7.19,4.46,115,8
"LaRon Byrd",WR,-,76,26.8,2012,Undrafted,4.10,7.07,4.50,125,15
"LaVon Brazill",WR,-,71,26.8,2012,6.36,4.37,7.08,4.48,118,11
"Lamaar Thomas",WR,-,72,25.1,2013,Undrafted,4.24,6.80,4.45,123,16
"Lamont Bryant",WR,-,77,27.2,2012,Undrafted,4.38,6.78,4.44,128,19
"Lance Lenoir",WR,"Dallas Cowboys",72,27.0,2017,Undrafted,4.39,6.87,4.70,107,13
"Lance Moore",WR,-,69,28.1,2006,Undrafted,4.32,7.12,4.57,117,-
"Laquon Treadwell",WR,"Minnesota Vikings",74,28.4,2016,1.23,4.25,7.05,4.68,117,12
"Larry Fitzgerald",WR,"Arizona Cardinals",75,27.2,2004,1.03,-,-,4.53,-,-
"Larry Pinkard",WR,-,72,26.6,2015,Undrafted,4.31,7.15,4.56,128,18
"Lavelle Hawkins",WR,-,71,27.1,2008,4.27,4.24,6.95,4.57,117,14
"Lee Doss",WR,-,73,23.5,2014,Undrafted,4.31,6.95,4.59,122,11
"Lemar Durant",WR,-,74,29.7,2015,Undrafted,4.60,7.35,4.64,119,27
"Leonard Hankerson",WR,-,73,27.6,2011,3.15,4.21,6.94,4.43,117,14
"Leonte Carroo",WR,-,72,28.6,2016,3.23,-,-,4.50,120,14
"Lestar Jean",WR,-,75,26.9,2011,Undrafted,4.43,7.45,4.65,113,14
"Levern Jacobs",WR,-,71,25.4,2017,Undrafted,4.07,6.85,4.50,135,13
"Levi Norwood",WR,-,73,25.7,2015,Undrafted,4.19,6.78,4.64,123,-
"Lil'Jordan Humphrey",WR,"New Orleans Saints",76,25.6,2019,Undrafted,4.29,7.09,4.75,119,13
"Linell Bonner",WR,-,72,27.1,2018,Undrafted,4.33,6.97,4.81,115,16
"Louis Murphy",WR,-,74,25.7,2009,4.24,4.02,6.87,4.43,117,12
"Lucky Whitehead",WR,-,70,23.4,2015,Undrafted,4.18,6.89,4.44,121,20
"Mack Hollins",WR,"Philadelphia Eagles",76,26.9,2017,4.12,-,-,4.53,-,-
"Malachi Dupre",WR,"Arizona Cardinals",74,25.2,2017,7.29,4.26,7.19,4.52,135,11
"Malcolm Lewis",WR,-,70,27.7,2017,Undrafted,4.59,7.23,4.63,115,14
"Malcolm Mitchell",WR,-,72,26.9,2016,4.14,4.34,6.94,4.45,129,15
"Malcolm Williams",WR,-,69,27.2,2019,Undrafted,4.43,7.15,4.61,116,14
"Malcom Floyd",WR,-,77,26.7,2004,Undrafted,4.18,6.66,4.55,-,-
"Malcome Kennedy",WR,-,72,27.8,2015,Undrafted,4.26,7.10,4.67,119,10
"Malik Turner",WR,"Seattle Seahawks",74,25.9,2018,Undrafted,-,-,-,-,17
"MarQuez North",WR,-,74,28.6,2016,Undrafted,4.13,6.90,4.48,123,17
"Marcell Ateman",WR,"Oakland Raiders",77,25.6,2018,7.10,4.25,7.07,4.62,121,13
"Marcus Beaurem",WR,-,71,25.8,2015,Undrafted,4.33,6.85,4.45,113,12
"Marcus Green",WR,"Atlanta Falcons",68,28.9,2019,6.30,4.41,6.88,4.46,124,14
"Marcus Harris",WR,-,73,24.7,2011,Undrafted,4.16,6.68,4.55,124,9
"Marcus Johnson",WR,"Indianapolis Colts",73,26.9,2016,Undrafted,4.39,7.26,4.44,135,22
"Marcus Kemp",WR,"Kansas City Chiefs",75,25.0,2017,Undrafted,4.36,7.10,4.59,126,10
"Marcus Tucker",WR,-,70,27.5,2016,Undrafted,4.33,7.14,4.60,122,13
"Mario Alford",WR,-,68,27.4,2015,7.21,4.07,6.64,4.43,121,13
"Mario Manningham",WR,-,72,25.1,2008,3.32,4.27,7.34,4.59,117,16
"Marken Michel",WR,"Philadelphia Eagles",71,26.9,2016,Undrafted,4.29,7.17,4.62,125,25
"Markus Wheaton",WR,-,71,26.4,2013,3.17,4.02,6.80,4.45,120,20
"Marlon Brown",WR,-,76,25.9,2013,Undrafted,-,-,4.65,-,10
"Marqise Lee",WR,"Jacksonville Jaguars",72,26.0,2014,2.07,4.01,6.96,4.52,127,11
"Marques Colston",WR,-,77,26.7,2006,7.44,4.44,6.96,4.50,123,16
"Marquess Wilson",WR,-,76,22.4,2013,7.30,4.33,6.65,4.51,122,7
"Marquez Valdes-Scantling",WR,"Green Bay Packers",76,25.1,2018,5.37,4.17,6.85,4.37,124,15
"Marquis Bundy",WR,-,76,25.8,2016,Undrafted,4.39,7.12,4.54,118,15
"Marquise Brown",WR,"Baltimore Ravens",69,24.5,2019,1.25,-,-,-,-,-
"Marquise Goodwin",WR,"San Francisco 49ers",69,27.0,2013,3.16,4.09,6.66,4.27,132,13
"Martavis Bryant",WR,"Oakland Raiders",76,25.7,2014,4.18,4.15,7.18,4.42,124,16
"Marvin Hall",WR,"Chicago Bears",69,28.4,2016,Undrafted,4.24,6.86,4.45,125,15
"Marvin Jones",WR,"Detroit Lions",74,25.7,2012,5.31,4.11,6.81,4.46,112,22
"Marvin McNutt",WR,-,75,27.0,2012,6.24,4.07,7.15,4.54,122,-
"Matt Hazel",WR,-,73,26.1,2014,6.14,4.20,7.08,4.50,118,15
"Matt Miller",WR,-,74,28.5,2015,Undrafted,4.43,7.12,4.83,114,9
"Matthew Slater",WR,"New England Patriots",71,27.2,2008,5.18,-,-,4.45,-,-
"Maurice Harris",WR,"New England Patriots",74,25.0,2016,Undrafted,4.35,6.95,4.61,-,-
"Max McCaffrey",WR,"San Francisco 49ers",74,24.4,2016,Undrafted,4.15,7.09,4.51,122,9
"Mecole Hardman",WR,"Kansas City Chiefs",70,26.8,2019,2.24,4.25,6.75,4.33,119,17
"Mekale McKay",WR,-,76,25.2,2016,Undrafted,4.63,7.08,4.55,123,12
"Micah Hatfield",WR,-,73,24.0,2014,Undrafted,4.04,6.50,4.49,121,11
"Michael Campanaro",WR,-,70,27.5,2014,7.03,4.01,6.77,4.46,122,20
"Michael Clark",WR,-,78,25.1,2017,Undrafted,4.31,7.54,4.58,126,17
"Michael Crabtree",WR,-,73,28.2,2009,1.10,4.06,6.87,4.59,122,-
"Michael Floyd",WR,-,75,27.5,2012,1.13,4.37,7.11,4.47,122,16
"Michael Gallup",WR,"Dallas Cowboys",73,27.0,2018,3.17,4.37,6.95,4.51,122,10
"Michael Preston",WR,-,77,24.4,2011,Undrafted,4.13,6.83,4.65,120,13
"Michael Rector",WR,-,72,26.2,2017,Undrafted,4.19,6.77,4.42,129,13
"Michael Thomas",WR,"New Orleans Saints",75,26.5,2016,2.16,4.13,6.80,4.57,126,18
"Micheal Spurlock",WR,-,71,29.3,2006,Undrafted,-,-,-,-,-
"Mike A. Thomas",WR,-,68,30.1,2009,4.07,4.28,6.65,4.40,126,16
"Mike A. Williams",WR,-,73,28.0,2010,4.03,4.31,6.90,4.53,118,8
"Mike Brown",WR,-,70,29.4,2012,Undrafted,4.25,6.96,4.74,116,17
"Mike Davis",WR,-,72,26.7,2014,Undrafted,4.39,7.11,4.55,117,-
"Mike Evans",WR,"Tampa Bay Buccaneers",77,27.4,2014,1.07,4.26,7.08,4.53,123,12
"Mike Thomas",WR,"Los Angeles Rams",73,26.4,2016,6.31,4.26,7.06,4.59,126,16
"Mike Wallace",WR,-,72,27.0,2009,3.20,4.27,6.90,4.33,129,14
"Mike Williams",WR,"Los Angeles Chargers",76,26.5,2017,1.07,-,-,4.59,121,15
"Miles Austin",WR,-,74,27.9,2006,Undrafted,4.14,7.09,4.47,123,21
"Miles Boykin",WR,"Baltimore Ravens",76,26.8,2019,3.29,4.07,6.77,4.42,140,12
"Milton Williams",WR,-,75,25.0,2015,Undrafted,4.45,6.91,4.74,120,10
"Mitch Mathews",WR,-,77,26.3,2016,Undrafted,4.25,6.99,4.54,129,12
"Mohamed Sanu",WR,"Atlanta Falcons",73,27.8,2012,3.19,4.22,6.88,4.67,126,19
"Montay Crockett",WR,-,71,26.5,2017,Undrafted,4.25,6.82,4.44,131,18
"Mose Frazier",WR,"Carolina Panthers",70,28.1,2016,Undrafted,-,-,4.60,125,15
"Myles White",WR,-,72,24.7,2013,Undrafted,4.15,6.90,4.42,121,11
"N'Keal Harry",WR,"New England Patriots",74,29.3,2019,1.32,4.28,7.05,4.53,122,27
"Nate Burleson",WR,-,72,26.9,2003,3.07,4.16,6.96,4.51,126,-
"Nate Cole",WR,-,72,27.0,2017,Undrafted,4.60,7.31,4.98,109,11
"Nate Washington",WR,-,73,24.1,2005,Undrafted,-,-,4.60,-,-
"Nathan Palmer",WR,-,71,27.6,2012,Undrafted,4.25,6.92,4.39,125,13
"Nathan Slaughter",WR,-,69,27.2,2014,Undrafted,4.18,7.18,4.39,138,16
"Nelson Agholor",WR,"Philadelphia Eagles",72,26.9,2015,1.20,4.34,6.83,4.42,125,12
"Nelson Spruce",WR,-,73,27.2,2016,Undrafted,4.20,7.09,4.69,114,12
"Nicholas Norris",WR,-,68,24.3,2017,Undrafted,4.14,7.03,4.54,125,8
"Nick Harwell",WR,-,71,26.9,2015,Undrafted,4.22,6.65,4.45,123,9
"Nick Kurtz",WR,-,78,25.2,2017,Undrafted,4.39,7.05,4.73,117,7
"Nick Toon",WR,-,76,26.2,2012,4.27,-,-,4.49,130,18
"Nick Williams",WR,-,69,27.0,2013,Undrafted,4.11,6.79,4.64,114,-
"Nigel King",WR,-,75,26.2,2015,Undrafted,4.38,6.58,4.62,128,15
"Noah Brown",WR,"Dallas Cowboys",74,28.5,2017,7.21,4.33,7.07,4.64,-,19
"Noel Grigsby",WR,-,71,24.4,2014,Undrafted,4.34,7.00,4.74,121,13
"Noel Thomas",WR,-,72,27.8,2017,Undrafted,-,-,4.54,118,9
"Nyqwan Murray",WR,-,70,27.4,2019,Undrafted,4.40,7.20,4.63,113,8
"Odell Beckham",WR,"Cleveland Browns",71,27.6,2014,1.12,3.94,6.69,4.43,122,7
"Olabisi Johnson",WR,"Minnesota Vikings",72,27.7,2019,7.33,4.16,6.88,4.51,124,14
"Olamide Zaccheaus",WR,"Atlanta Falcons",68,28.6,2019,Undrafted,4.19,7.00,4.54,125,12
"Papi White",WR,"Jacksonville Jaguars",68,28.6,2019,Undrafted,4.46,7.06,4.48,122,15
"Parris Campbell",WR,"Indianapolis Colts",72,27.8,2019,2.27,4.03,-,4.31,135,11
"Patrick Edwards",WR,-,69,25.8,2012,Undrafted,4.20,7.12,4.62,118,5
"Paul McRoberts",WR,-,74,25.9,2016,Undrafted,4.42,7.28,4.74,125,8
"Paul Richardson",WR,Washington,72,23.7,2014,2.13,4.23,6.98,4.40,124,10
"Paul Turner",WR,-,70,27.7,2016,Undrafted,4.31,7.25,4.60,130,18
"Penny Hart",WR,"Indianapolis Colts",68,27.4,2019,Undrafted,4.75,7.64,4.68,111,18
"Percy Harvin",WR,-,71,25.7,2009,1.22,-,-,4.41,121,19
"Pharoh Cooper",WR,"Arizona Cardinals",71,28.3,2016,4.19,4.26,7.15,4.70,118,19
"Phil Bates",WR,-,73,29.0,2012,Undrafted,4.39,6.87,4.53,128,19
"Phil Mayhue",WR,-,74,27.1,2018,Undrafted,4.39,7.11,4.67,117,11
"Phillip Dorsett",WR,"New England Patriots",70,26.5,2015,1.29,4.11,6.70,4.33,122,13
"Pierre Garcon",WR,-,72,28.5,2008,6.39,4.19,6.90,4.48,125,20
"Pig Howard",WR,-,67,28.8,2016,Undrafted,4.29,6.92,4.65,117,11
"Preston Parker",WR,-,72,27.1,2010,Undrafted,4.16,6.92,4.65,117,16
"Preston Williams",WR,"Miami Dolphins",76,25.7,2019,Undrafted,4.35,7.11,4.66,116,-
"Quadree Henderson",WR,"New York Jets",68,28.9,2018,Undrafted,4.28,6.89,4.50,120,12
"Quan Bray",WR,-,70,27.8,2015,Undrafted,4.28,6.87,4.55,116,12
"Quenton Bundrage",WR,-,73,27.2,2016,Undrafted,4.64,7.07,4.59,123,17
"Quincy Adeboyejo",WR,"Baltimore Ravens",75,24.6,2017,Undrafted,4.14,6.73,4.42,123,8
"Quincy Enunwa",WR,"New York Jets",74,28.9,2014,6.33,-,-,4.45,-,19
"Quinshad Davis",WR,-,75,27.2,2016,Undrafted,4.35,7.07,4.74,113,17
"Quinton Patton",WR,-,72,27.7,2013,4.31,4.01,6.91,4.53,118,8
"Quron Pratt",WR,-,72,26.4,2014,Undrafted,4.19,6.85,4.55,128,14
"R.J. Harris",WR,-,72,27.1,2015,Undrafted,4.20,7.23,4.57,127,18
"R.J. Shelton",WR,-,70,28.7,2017,Undrafted,4.23,6.91,4.69,109,17
"Ramses Barden",WR,-,78,25.9,2009,3.21,4.26,6.97,4.68,118,17
"Randall Cobb",WR,"Dallas Cowboys",70,27.5,2011,2.32,4.34,7.08,4.46,115,16
"Rannell Hall",WR,-,72,26.9,2015,Undrafted,4.15,6.86,4.60,132,16
"Rashad Greene",WR,-,71,25.4,2015,5.03,4.12,6.88,4.53,122,-
"Rashad Ross",WR,"Carolina Panthers",72,23.7,2013,Undrafted,4.37,7.19,4.41,115,12
"Rashard Davis",WR,-,68,26.3,2017,Undrafted,4.05,6.90,4.52,121,9
"Rashard Higgins",WR,"Cleveland Browns",73,25.9,2016,5.35,4.53,7.13,4.64,116,13
"Rashawn Scott",WR,-,73,26.3,2016,Undrafted,4.33,6.88,4.59,116,17
"Rasheed Bailey",WR,-,74,26.3,2015,Undrafted,4.40,6.90,4.62,118,14
"Ray-Ray McCloud",WR,"Buffalo Bills",70,27.3,2018,6.13,4.32,6.89,4.53,113,13
"Reggie Davis",WR,"Dallas Cowboys",72,21.4,2017,Undrafted,4.12,6.94,4.41,115,4
"Reggie Diggs",WR,-,75,26.7,2016,Undrafted,4.29,7.08,4.69,132,12
"Reggie Wayne",WR,-,72,26.9,2001,1.30,-,-,4.45,121,-
"Reggie White",WR,"New York Giants",74,26.7,2019,Undrafted,4.07,6.81,4.57,120,10
"Ricardo Lockette",WR,-,74,27.1,2011,Undrafted,4.19,7.15,4.37,127,22
"Ricardo Louis",WR,"Miami Dolphins",74,27.6,2016,4.16,4.32,7.07,4.43,132,18
"Richard Mullaney",WR,-,74,26.2,2016,Undrafted,4.39,7.16,4.81,111,12
"Richie James",WR,"San Francisco 49ers",69,27.3,2018,7.22,4.16,6.87,4.48,122,6
"Ricky Collins",WR,-,72,27.1,2015,Undrafted,4.39,7.43,4.58,119,-
"Ricky Jeune",WR,-,74,27.3,2018,Undrafted,4.39,6.96,4.61,119,15
"Rico Gafford",WR,"Oakland Raiders",70,26.4,2018,Undrafted,4.46,-,4.27,122,10
"Rico Richardson",WR,-,73,24.4,2013,Undrafted,4.12,6.77,4.43,121,12
"Riley Cooper",WR,-,75,27.7,2010,5.28,4.15,6.73,4.53,114,-
"Riley McCarron",WR,-,69,27.8,2017,Undrafted,4.16,6.59,4.46,124,-
"Riley Ridley",WR,"Chicago Bears",73,26.3,2019,4.24,4.28,7.22,4.58,124,13
"Rishard Matthews",WR,-,72,28.5,2012,7.20,4.19,6.88,4.62,123,20
"River Cracraft",WR,"Denver Broncos",72,26.2,2017,Undrafted,-,-,-,-,15
"Robby Anderson",WR,"New York Jets",75,23.7,2016,Undrafted,4.27,7.07,4.41,128,8
"Robert Davis",WR,Washington,75,27.4,2017,6.25,4.28,6.82,4.44,136,10
"Robert Foster",WR,"Buffalo Bills",74,25.2,2018,Undrafted,4.20,6.90,4.41,116,-
"Robert Herron",WR,-,69,28.5,2014,6.09,4.27,6.84,4.48,125,18
"Robert Meachem",WR,-,74,27.6,2007,1.27,4.31,6.97,4.39,121,-
"Robert Wheelwright",WR,-,74,26.3,2017,Undrafted,4.14,6.68,4.65,128,15
"Robert Woods",WR,"Los Angeles Rams",72,27.3,2013,2.09,4.47,7.15,4.51,117,14
"Rod Streater",WR,-,75,25.0,2012,Undrafted,4.07,7.06,4.51,133,18
"Roddy White",WR,-,73,27.4,2005,1.27,4.01,7.12,4.50,126,18
"Rodney Adams",WR,-,73,24.9,2017,5.27,4.28,6.98,4.44,125,8
"Rodney Smith",WR,-,76,26.7,2013,Undrafted,4.07,7.03,4.51,120,-
"Roger Lewis",WR,-,72,27.3,2016,Undrafted,4.45,7.58,4.57,116,8
"Ron'Quavion Tarver",WR,-,76,27.4,2019,Undrafted,4.60,7.31,4.74,122,16
"Ross Apo",WR,-,75,26.2,2015,Undrafted,4.27,6.99,4.61,134,12
"Rudy Rudolph",WR,-,73,22.4,2015,Undrafted,4.46,7.06,4.56,104,-
"Rueben Randle",WR,-,75,26.0,2012,2.31,4.36,6.99,4.55,121,15
"Russell Gage",WR,"Atlanta Falcons",72,25.2,2018,6.20,4.25,7.03,4.55,122,15
"Russell Shepard",WR,"New York Giants",73,25.7,2013,Undrafted,4.37,7.09,4.51,122,8
"Ryan Broyles",WR,-,70,27.0,2012,2.22,-,-,4.57,117,21
"Ryan Davis",WR,"New England Patriots",70,27.1,2019,Undrafted,4.23,7.09,4.68,124,12
"Ryan Grant",WR,"Oakland Raiders",73,25.2,2014,5.02,4.11,6.68,4.64,119,8
"Ryan Spadola",WR,-,73,26.9,2013,Undrafted,4.07,6.72,4.48,119,15
"Ryan Switzer",WR,"Pittsburgh Steelers",68,27.5,2017,4.27,4.00,6.77,4.51,116,11
"Ryan Whalen",WR,-,73,26.6,2011,6.02,4.09,6.67,4.62,123,18
"Saalim Hakim",WR,-,71,26.2,2012,Undrafted,-,-,4.33,-,-
"Saeed Blacknall",WR,"Oakland Raiders",74,26.7,2018,Undrafted,4.19,6.77,4.42,127,24
"Sam Mentkowski",WR,-,73,25.7,2018,Undrafted,4.00,6.76,4.46,120,3
"Sammie Coates",WR,-,73,28.0,2015,3.23,4.06,6.98,4.43,131,23
"Sammy Watkins",WR,"Kansas City Chiefs",73,27.8,2014,1.04,4.34,6.95,4.43,126,16
"Santana Moss",WR,-,70,28.7,2001,1.16,-,-,4.31,127,-
"Santonio Holmes",WR,-,71,26.8,2006,1.25,4.26,6.82,4.40,126,-
"Scott Miller",WR,"Tampa Bay Buccaneers",69,25.7,2019,6.35,4.02,6.97,4.44,123,15
"Seantavius Jones",WR,-,75,26.0,2014,Undrafted,4.32,6.96,4.58,125,14
"Seth Roberts",WR,"Baltimore Ravens",74,25.2,2014,Undrafted,4.41,6.77,4.46,117,9
"Seyi Ajirotutu",WR,-,75,26.4,2010,Undrafted,4.39,7.22,4.60,115,14
"Shane Wynn",WR,-,66,25.3,2015,Undrafted,4.25,6.89,4.34,120,13
"Shaq Evans",WR,-,73,28.1,2014,4.15,4.21,7.07,4.51,122,13
"Shaq Hill",WR,-,69,28.5,2017,Undrafted,-,-,4.53,124,21
"Shawn Poindexter",WR,"San Francisco 49ers",77,25.1,2019,Undrafted,4.33,7.03,4.73,125,11
"Shay Fields",WR,-,70,26.8,2018,Undrafted,4.14,6.97,4.51,123,13
"Shelton Gibson",WR,"Philadelphia Eagles",71,26.6,2017,5.22,4.20,6.83,4.50,118,8
"Shun Brown",WR,-,68,28.1,2019,Undrafted,4.30,7.06,4.77,114,-
"Sidney Rice",WR,-,75,25.2,2007,2.12,4.34,7.09,4.51,119,14
"Simmie Cobbs",WR,"New Orleans Saints",75,27.5,2018,Undrafted,4.32,6.70,4.64,113,11
"Skye Dawson",WR,-,69,23.6,2013,Undrafted,4.26,6.90,4.44,118,-
"Solomon Patton",WR,-,68,27.2,2014,Undrafted,4.13,7.02,4.43,120,16
"Speedy Noil",WR,-,71,27.8,2017,Undrafted,-,-,4.50,133,18
"Stacy Coley",WR,"New York Jets",72,26.4,2017,7.01,4.40,7.15,4.45,122,10
"Stanley Morgan",WR,"Cincinnati Bengals",72,27.4,2019,Undrafted,4.13,6.78,4.53,125,14
"Stedman Bailey",WR,-,70,27.7,2013,3.30,4.09,6.81,4.52,117,11
"Stefon Diggs",WR,"Minnesota Vikings",72,26.4,2015,5.10,4.32,7.03,4.46,115,11
"Stephen Hill",WR,-,76,26.2,2012,2.11,4.48,6.88,4.36,133,14
"Sterling Shepard",WR,"New York Giants",70,27.8,2016,2.09,4.35,7.00,4.48,123,20
"Steve Ishmael",WR,"Indianapolis Colts",74,27.2,2018,Undrafted,4.38,6.84,4.64,120,16
"Steve Johnson",WR,-,74,25.9,2008,7.17,4.26,7.07,4.58,121,-
"Steve Smith",WR,-,69,27.3,2001,3.12,4.19,6.68,4.41,120,-
"Steven Dunbar",WR,-,74,26.3,2018,Undrafted,4.45,7.03,4.83,120,9
"Steven Mitchell",WR,"Houston Texans",70,27.1,2018,Undrafted,4.40,6.75,4.56,121,13
"T.J. Graham",WR,-,71,25.1,2012,3.06,4.18,6.77,4.41,120,8
"T.J. Jones",WR,-,72,25.5,2014,6.13,4.27,6.82,4.48,119,13
"T.J. Moe",WR,-,71,27.9,2013,Undrafted,3.96,6.53,4.74,120,26
"T.Y. Hilton",WR,"Indianapolis Colts",69,27.0,2012,3.29,4.36,7.03,4.39,119,7
"Tajae Sharpe",WR,"Tennessee Titans",74,24.9,2016,5.01,-,-,4.55,114,11
"Tandon Doss",WR,-,74,26.6,2011,4.26,4.22,6.91,4.67,116,14
"Tanner Gentry",WR,"Chicago Bears",73,27.4,2017,Undrafted,4.43,7.29,4.63,123,19
"Tanner McEvoy",WR,-,78,25.7,2016,Undrafted,4.29,7.00,4.62,117,17
"Tavares Martin",WR,-,73,24.4,2018,Undrafted,-,-,4.80,-,-
"Tavarres King",WR,-,72,25.6,2013,5.28,4.33,6.91,4.47,123,11
"Taylor Gabriel",WR,"Chicago Bears",68,25.4,2014,Undrafted,4.21,6.84,4.45,125,17
"Taylor Price",WR,-,72,28.7,2010,3.26,4.34,6.82,4.41,114,16
"Taywan Taylor",WR,"Tennessee Titans",71,28.3,2017,3.08,4.21,6.57,4.50,132,13
"Ted Ginn",WR,"New Orleans Saints",71,25.1,2007,1.09,-,-,4.43,-,-
"Tello Luckett",WR,-,72,28.6,2015,Undrafted,4.50,7.51,4.65,118,17
"Teo Redding",WR,"Green Bay Packers",73,23.9,2018,Undrafted,4.22,6.85,4.51,132,10
"Terrance Williams",WR,-,74,26.7,2013,3.12,4.32,7.01,4.52,119,11
"Terrelle Pryor",WR,-,76,28.4,2011,Supplemental,4.30,7.20,4.41,124,-
"Terren Encalade",WR,-,71,25.9,2019,Undrafted,4.37,7.26,4.72,121,9
"Terrence Toliver",WR,-,77,24.2,2011,Undrafted,4.03,6.48,4.59,122,-
"Terry Godwin",WR,"Carolina Panthers",71,25.7,2019,7.23,4.18,6.96,4.55,117,-
"Terry McLaurin",WR,Washington,72,28.2,2019,3.12,4.15,7.01,4.35,125,18
"Terry Wright",WR,"Seattle Seahawks",70,25.4,2019,Undrafted,4.39,6.77,4.49,128,9
"Tevaun Smith",WR,-,72,27.8,2016,Undrafted,4.27,6.68,4.46,122,13
"Tevin Jones",WR,"Pittsburgh Steelers",74,27.9,2016,Undrafted,4.18,6.88,4.53,125,18
"Tevin Reese",WR,-,70,23.4,2014,7.25,4.18,6.63,4.46,132,13
"Thomas Owens",WR,-,73,26.5,2018,Undrafted,4.37,7.14,4.83,116,14
"Thomas Sperbeck",WR,-,71,26.1,2017,Undrafted,4.05,6.71,4.64,113,10
"Tim Benford",WR,-,71,27.9,2012,Undrafted,4.35,7.30,4.51,121,15
"Tim Patrick",WR,"Denver Broncos",76,25.3,2017,Undrafted,4.38,6.99,4.52,128,22
"Tim White",WR,"New York Jets",70,25.1,2017,Undrafted,4.44,7.11,4.56,130,14
"Tiquan Underwood",WR,-,73,23.1,2009,7.44,4.11,6.62,4.41,129,7
"Titus Davis",WR,-,73,25.9,2015,Undrafted,4.28,7.14,4.51,119,12
"Tommy Streeter",WR,-,77,26.1,2012,6.28,4.36,7.08,4.40,125,17
"Tommylee Lewis",WR,"Detroit Lions",66,27.4,2016,Undrafted,4.22,7.13,4.53,120,11
"Toney Clemons",WR,-,74,27.0,2012,7.24,4.33,6.93,4.45,128,11
"Tony Pierson",WR,-,71,24.4,2015,Undrafted,4.35,6.89,4.48,134,9
"Tony Stevens",WR,-,76,25.8,2017,Undrafted,4.34,7.15,4.54,126,12
"Tony Washington",WR,-,70,28.0,2014,Undrafted,4.45,6.98,4.55,125,21
"Tori Gurley",WR,-,76,28.2,2011,Undrafted,4.25,7.05,4.53,118,15
"Torrence Allen",WR,-,72,24.8,2014,Undrafted,4.56,7.14,4.46,129,15
"Torrey Smith",WR,"Carolina Panthers",72,27.8,2011,2.26,4.13,6.72,4.43,126,19
"Travin Dural",WR,"New Orleans Saints",73,26.6,2017,Undrafted,4.55,7.29,4.57,116,-
"Travis Benjamin",WR,"Los Angeles Chargers",70,25.1,2012,4.05,4.17,6.96,4.36,119,14
"Travis Fulgham",WR,"Detroit Lions",74,27.6,2019,6.11,4.22,6.84,4.58,126,15
"Travis Labhart",WR,-,69,26.6,2014,Undrafted,4.28,6.71,4.72,120,9
"Travis Rudolph",WR,-,72,25.6,2017,Undrafted,4.46,6.93,4.65,114,12
"Tre McBride",WR,-,72,28.5,2015,7.28,4.08,6.96,4.41,122,16
"Tre'Quan Smith",WR,"New Orleans Saints",74,27.0,2018,3.27,4.50,6.97,4.49,130,12
"Trent Bostick",WR,-,72,27.4,2018,Undrafted,4.34,7.12,4.62,118,-
"Trent Sherfield",WR,"Arizona Cardinals",72,27.5,2018,Undrafted,4.20,6.90,4.50,125,19
"Trent Taylor",WR,"San Francisco 49ers",68,27.5,2017,5.34,4.01,6.74,4.63,117,13
"Trenton Irwin",WR,"Miami Dolphins",73,26.9,2019,Undrafted,-,-,-,-,-
"Trevon Brown",WR,-,73,27.6,2019,Undrafted,4.55,7.40,4.78,117,10
"Trevor Davis",WR,"Green Bay Packers",73,24.8,2016,5.26,4.22,6.60,4.42,124,11
"Trevor Harman",WR,-,75,25.6,2015,Undrafted,4.21,6.77,4.67,117,19
"Trey Brock",WR,-,75,27.2,2019,Undrafted,-,-,4.81,118,10
"Trey Griffey",WR,"Pittsburgh Steelers",74,26.8,2017,Undrafted,4.50,7.32,4.64,118,17
"Trey Quinn",WR,Washington,71,28.3,2018,7.38,4.19,6.91,4.55,116,17
"Trindon Holliday",WR,-,65,26.5,2010,6.28,4.48,6.54,4.34,116,10
"Troy Pelletier",WR,-,75,27.1,2018,Undrafted,4.44,7.09,4.71,112,14
"Tyler Boyd",WR,"Cincinnati Bengals",73,26.0,2016,2.24,4.35,6.90,4.58,119,11
"Tyler Lockett",WR,"Seattle Seahawks",70,26.1,2015,3.05,4.07,6.89,4.40,121,-
"Tyler Rutenbeck",WR,-,74,23.9,2015,Undrafted,4.08,6.62,4.50,123,-
"Tyler Slavin",WR,-,74,27.6,2015,Undrafted,4.23,7.01,4.67,117,13
"Tyre Brady",WR,"Jacksonville Jaguars",75,26.4,2019,Undrafted,4.25,7.24,4.81,117,12
"Tyreek Hill",WR,"Kansas City Chiefs",70,26.5,2016,5.28,4.06,6.53,4.34,129,13
"Tyrell Williams",WR,"Oakland Raiders",75,25.5,2015,Undrafted,4.17,6.74,4.48,127,-
"Tyron Johnson",WR,"Houston Texans",73,25.5,2019,Undrafted,4.40,7.07,4.41,116,16
"Vernon Johnson",WR,-,73,25.1,2015,Undrafted,4.47,7.37,4.61,127,18
"Victor Bolden",WR,"Buffalo Bills",68,27.1,2017,Undrafted,4.22,6.83,4.54,117,9
"Victor Cruz",WR,-,72,27.7,2010,Undrafted,4.17,6.96,4.52,125,16
"Vincent Brown",WR,-,71,26.5,2011,3.18,4.25,6.64,4.68,121,12
"Vincent Jackson",WR,-,77,27.3,2005,2.29,4.00,6.84,4.46,129,23
"Vyncint Smith",WR,"Houston Texans",74,25.3,2018,Undrafted,4.27,6.89,4.43,130,-
"Walter Powell",WR,-,71,26.4,2014,6.20,4.23,6.70,4.63,120,10
"Wendall Williams",WR,-,71,25.8,2016,Undrafted,4.11,6.64,4.32,127,-
"Wes Welker",WR,-,69,27.3,2004,Undrafted,4.01,7.09,4.70,113,-
"Will Fuller",WR,"Houston Texans",72,25.2,2016,1.21,4.27,6.93,4.32,126,10
"Willie Snead",WR,"Baltimore Ravens",71,27.2,2014,Undrafted,4.39,7.19,4.62,113,11
"Wyatt Demps",WR,-,75,25.7,2018,Undrafted,4.59,7.47,4.78,121,9
"Xavier Ubosi",WR,"New England Patriots",75,26.9,2019,Undrafted,4.53,7.50,4.63,125,14
"Zach Pascal",WR,"Indianapolis Colts",74,28.1,2017,Undrafted,4.29,7.11,4.55,126,14
"Zay Jones",WR,"Buffalo Bills",74,25.8,2017,2.05,4.01,6.79,4.45,133,15
