"Full Name",Position,"Hand Size","Arm Length","Height (Inches)","Draft Pick",BMI,"Draft Year"
"A.J. Cann",OL,"10 1/4","32 5/8",75,3.03,39.1,2015
"A.Q. Shipley",OL,-,-,73,7.17,40.1,2009
"Aaron Neary",OL,"9 7/8","33    ",76,Undrafted,36.6,2016
"Aaron Stinnie",OL,"9 1/2","34 1/4",75,Undrafted,39.0,2018
"Adam Bisnowaty",OL,"11 3/8","33 7/8",78,6.16,35.1,2017
"Adam Gettis",OL,"9 1/2","33 1/8",74,5.06,37.6,2012
"Adam Pankey",OL,"10 1/8","34 1/2",77,Undrafted,37.1,2017
"Adam Redmond",OL,-,-,78,Undrafted,34.7,2016
"Alejandro Villanueva",OL,-,-,81,Undrafted,29.7,2010
"Alex Balducci",OL,"9 3/8","32    ",76,Undrafted,37.7,2016
"Alex Bars",OL,"9 3/8","32 3/4",78,Undrafted,36.1,2019
"Alex Boone",OL,-,-,79,Undrafted,36.9,2009
"Alex Cappa",OL,"9 1/4","32 5/8",78,3.30,35.2,2018
"Alex Lewis",OL,"10    ","34    ",78,4.32,36.1,2016
"Alex Light",OL,"11 1/4","33 1/4",77,Undrafted,36.6,2018
"Alex Mack",OL,"10 3/4","33    ",76,1.21,37.9,2009
"Alex Redmond",OL,"10 1/2","33 1/4",76,3.05,35.8,2016
"Ali Marpet",OL,"10    ","33 3/8",76,2.29,37.4,2015
"Allen Barbe",OL,-,-,76,4.19,36.5,2007
"Alvin Bailey",OL,"9 3/8","34 5/8",75,Undrafted,39.0,2013
"Amini Silatolu",OL,"10 1/8","33    ",76,2.08,37.1,2012
"Andre Dillard",OL,"10    ","33 1/2",77,1.22,37.3,2019
"Andre James",OL,"10    ","32    ",76,Undrafted,36.4,2019
"Andre Smith",OL,"9 3/4","35 3/8",76,1.06,40.2,2009
"Andreas Knappe",OL,"9 3/4","33    ",80,Undrafted,34.2,2017
"Andrew Donnal",OL,"10    ","33 1/2",78,4.02,36.2,2015
"Andrew Jelks",OL,-,-,78,Undrafted,35.5,2017
"Andrew Lauderdale",OL,-,-,78,Undrafted,33.6,2017
"Andrew Norwell",OL,"9 7/8","33 5/8",78,Undrafted,37.6,2014
"Andrew Tiller",OL,"9 3/8","33 1/4",76,6.09,39.4,2012
"Andrew Whitworth",OL,-,-,79,2.23,37.6,2006
"Andrew Wylie",OL,-,-,77,Undrafted,36.0,2017
"Andrus Peat",OL,"10 5/8","34 3/8",79,1.13,35.3,2015
"Andy Gallik",OL,"10 1/4","32 3/4",74,6.32,39.3,2015
"Andy Levitre",OL,-,-,75,2.19,38.1,2009
"Anthony Castonzo",OL,"10 5/8","34 1/2",79,1.22,35.0,2011
"Anthony Davis",OL,-,"34    ",77,1.11,38.3,2010
"Anthony Fabiano",OL,"9 3/8","31 1/2",73,Undrafted,40.0,2016
"Anthony Steen",OL,"9 1/8","30 1/2",75,Undrafted,39.2,2014
"Antonio Garcia",OL,"9 7/8","33 3/8",78,3.02,34.9,2017
"Arie Kouandjio",OL,"10 7/8","34 1/8",77,4.13,36.8,2015
"Austin Blythe",OL,"9 3/8","30 1/4",74,7.28,38.3,2016
"Austin Corbett",OL,"10 1/2","33 1/8",76,2.01,37.2,2018
"Austin Howard",OL,-,-,79,Undrafted,37.2,2010
"Austin Pasztor",OL,-,-,79,Undrafted,34.4,2012
"Austin Reiter",OL,"9 1/2","32    ",75,7.05,37.5,2015
"Austin Shepherd",OL,"10    ","32 7/8",76,7.11,38.3,2015
"Avery Gennesy",OL,"9 1/2","33 5/8",75,Undrafted,39.7,2017
"Avery Young",OL,"10 1/2","33 3/4",76,Undrafted,39.9,2016
"Aviante Collins",OL,"9 3/8","33 3/8",76,Undrafted,35.9,2017
"B.J. Finney",OL,"10    ","32    ",76,Undrafted,38.7,2015
"Beau Benzschawel",OL,"9 5/8","33 3/8",78,Undrafted,35.7,2019
"Ben Braden",OL,"9 7/8","34    ",78,Undrafted,38.0,2017
"Ben Garland",OL,-,-,77,Undrafted,34.1,2010
"Ben Ijalana",OL,"10 1/2","36    ",76,2.17,38.6,2011
"Ben Jones",OL,"9 5/8","32 1/2",75,4.04,37.9,2012
"Ben Powers",OL,"9 7/8","33 3/4",76,4.21,37.4,2019
"Billy Price",OL,"9 3/4","32    ",76,1.21,37.1,2018
"Billy Turner",OL,"10    ","34    ",77,3.03,37.3,2014
"Blaine Clausell",OL,-,-,78,Undrafted,38.0,2015
"Bobby Evans",OL,"9 7/8","34 3/4",76,3.33,38.0,2019
"Bobby Hart",OL,"10 1/8","33    ",77,7.09,39.0,2015
"Bobby Massie",OL,"9    ","35    ",78,4.17,36.5,2012
"Brad Lundblade",OL,"9 5/8","31 3/4",75,Undrafted,36.9,2018
"Brad Seaton",OL,-,-,79,7.18,37.1,2017
"Braden Smith",OL,"9 3/8","32 1/4",78,2.05,36.4,2018
"Bradley Bozeman",OL,"9 3/4","31 1/4",77,6.41,35.1,2018
"Bradley Sowell",OL,-,-,79,Undrafted,34.8,2012
"Branden Albert",OL,-,-,78,1.15,35.7,2008
"Brandon Brooks",OL,-,-,77,3.13,41.0,2012
"Brandon Fusco",OL,"10    ","33 3/4",76,6.07,37.2,2011
"Brandon Greene",OL,-,-,76,Undrafted,35.1,2017
"Brandon Knight",OL,"10    ","34    ",76,Undrafted,38.2,2019
"Brandon Kublanow",OL,-,-,74,Undrafted,38.5,2017
"Brandon Linder",OL,"10 1/4","34 1/2",78,3.29,35.9,2014
"Brandon Parker",OL,"9 3/4","35    ",80,3.01,33.5,2018
"Brandon Scherff",OL,"11    ","33 3/8",77,1.05,37.8,2015
"Brandon Shell",OL,"10 3/4","34 3/4",77,5.19,38.4,2016
"Brandon Thomas",OL,"10 1/2","34 3/4",75,3.36,39.6,2014
"Breno Giacomini",OL,-,-,79,5.15,34.1,2008
"Brent Qvale",OL,"9 1/4","34 3/8",78,Undrafted,36.7,2014
"Brett Boyko",OL,"9    ","32    ",79,Undrafted,33.9,2015
"Brett Jones",OL,-,-,74,Undrafted,40.1,2015
"Brett Toth",OL,"10 1/4","33 3/8",78,Undrafted,33.6,2018
"Brian Allen",OL,"10    ","34    ",75,5.30,26.9,2017
"Brian Mihalik",OL,-,-,81,7.20,32.4,2015
"Brian O'Neill",OL,"9 3/8","34 1/8",79,2.30,33.5,2018
"Brian Schwenke",OL,"10 1/4","32    ",75,4.10,39.2,2013
"Brian Winters",OL,"9 3/4","32 3/4",76,3.10,38.9,2013
"Bryan Buluga",OL,"9 1/4","33 1/4",78,1.23,36.3,2010
"Bryan Witzmann",OL,"10 1/4","33    ",79,Undrafted,35.0,2014
"Bryce Harris",OL,-,-,78,Undrafted,34.7,2012
"Byron Bell",OL,-,-,77,Undrafted,40.2,2011
"Caleb Benenoch",OL,-,-,77,5.09,36.9,2016
"Cam Robinson",OL,"10 1/2","35 1/2",78,2.20,37.2,2017
"Cameron Erving",OL,"10 3/8","34 1/8",77,1.19,37.1,2015
"Cameron Fleming",OL,"9 7/8","34    ",77,4.04,38.3,2014
"Cameron Hunt",OL,-,-,76,Undrafted,37.4,2017
"Cameron Jefferson",OL,-,-,77,Undrafted,37.6,2015
"Cameron Lee",OL,"10 7/8","33 7/8",77,Undrafted,37.0,2017
"Cameron Tom",OL,-,-,75,Undrafted,36.4,2017
"Cedric Ogbuehi",OL,"10    ","35 7/8",77,Undrafted,36.3,2015
"Cedrick Lang",OL,-,-,79,Undrafted,29.9,2016
"Chad Slade",OL,-,-,77,Undrafted,37.1,2015
"Chad Wheeler",OL,"9 1/2","33 1/8",79,Undrafted,34.5,2017
"Chance Warmack",OL,"9 5/8","34 5/8",74,1.10,40.7,2013
"Charles Leno",OL,"10 1/8","34 3/8",76,7.31,36.9,2014
"Chase Roullier",OL,"9 1/2","32 1/4",76,6.15,38.0,2017
"Chaz Green",OL,"10 7/8","33 3/8",77,3.27,37.2,2015
"Chris Barker",OL,"9 3/8","33    ",75,Undrafted,38.1,2013
"Chris Chester",OL,-,-,76,2.24,36.9,2006
"Chris Clark",OL,-,-,76,Undrafted,36.3,2008
"Chris Hairston",OL,"8 7/8","30 3/4",71,Undrafted,27.8,2016
"Chris Hubbard",OL,-,-,75,Undrafted,35.7,2013
"Chris Lindstrom",OL,"9 1/2","34 1/8",76,1.14,37.5,2019
"Chris Reed",OL,-,-,75,Undrafted,38.1,2015
"Chris Scott",OL,"10 3/8","34 1/8",75,5.19,39.9,2010
"Chris Watt",OL,"9 1/2","32 3/4",75,3.25,38.7,2014
"Christian Schneider",OL,"9 7/8","32 3/8",77,Undrafted,35.7,2017
"Christian Westerman",OL,"11 7/8","33 1/2",75,5.21,37.2,2016
"Chukwuma Okorafor",OL,"10 1/4","34 1/2",78,3.28,37.0,2018
"Chuma Edoga",OL,"9 5/8","34 3/4",75,3.28,38.5,2019
"Clint Boling",OL,"9 1/4","33 1/2",77,4.04,36.5,2011
"Cody Ford",OL,"9 3/4","34    ",76,2.06,40.0,2019
"Cody Wallace",OL,-,-,76,4.08,36.0,2008
"Cody Whitehair",OL,"10 1/8","32 3/8",75,2.24,37.6,2016
"Cody Wichmann",OL,-,-,78,6.39,36.4,2015
"Colby Gossett",OL,"10 7/8","33 7/8",77,6.39,36.9,2018
"Cole Boozer",OL,"9 5/8","33 7/8",77,Undrafted,35.6,2018
"Cole Croston",OL,-,-,77,Undrafted,37.2,2017
"Cole Gardner",OL,"9 3/4","33 3/4",78,Undrafted,34.8,2017
"Cole Madison",OL,"10 3/8","32 1/4",77,5.01,36.5,2018
"Cole Manhart",OL,-,-,75,Undrafted,38.1,2015
"Cole Toner",OL,"9 3/4","33 1/8",77,5.31,36.3,2016
"Coleman Shelton",OL,"8 1/2","31 1/2",75,Undrafted,36.5,2018
"Collin Buchanan",OL,"10 1/2","32 3/8",77,Undrafted,37.5,2017
"Connor J. McGovern",OL,"9 7/8","34 1/8",77,3.26,36.5,2019
"Connor McGovern",OL,"10 3/8","32 7/8",76,5.05,37.2,2016
"Connor Williams",OL,"10 1/2","33    ",77,2.18,35.1,2018
"Conor McDermott",OL,"11    ","34 3/4",80,6.27,33.7,2017
"Cordy Glenn",OL,"10 1/8","35 3/4",78,2.09,39.9,2012
"Corey Levin",OL,"10 7/8","33 1/2",76,6.33,37.4,2017
"Corey Linsley",OL,"9 7/8","32    ",75,5.21,37.0,2014
"Corey Robinson",OL,"10 3/4","35 5/8",79,7.23,36.5,2015
"Cornelius Edison",OL,-,-,75,Undrafted,38.4,2015
"Cornelius Lucas",OL,"10    ","36 3/4",80,Undrafted,34.7,2014
"Cyrus Kouandjio",OL,"10 1/4","35 5/8",79,2.12,36.3,2014
"D.J. Fluker",OL,"10 1/2","36 5/8",77,1.11,40.2,2013
"D.J. Humphries",OL,"10    ","33 5/8",77,1.24,36.4,2015
"Dakota Dozier",OL,"9 7/8","33 7/8",76,4.37,38.1,2014
"Dalton Risner",OL,"10 1/4","34    ",77,2.09,37.0,2019
"Damien Mama",OL,"11    ","35    ",75,Undrafted,41.7,2017
"Dan Feeney",OL,"10 1/4","33 3/8",76,3.07,37.1,2017
"Dan France",OL,-,-,77,Undrafted,35.6,2014
"Dan Skipper",OL,"10 1/2","33 3/8",82,Undrafted,32.3,2017
"Daniel Brunskill",OL,"9 7/8","33 7/8",77,Undrafted,32.4,2017
"Daniel Kilgore",OL,"10    ","32 1/2",75,5.31,38.5,2011
"Daniel Munyer",OL,-,-,73,Undrafted,40.2,2015
"Danny Isidora",OL,"9 7/8","33    ",75,5.35,38.2,2017
"Darrell D. Williams",OL,"9 1/2","33    ",77,Undrafted,37.3,2017
"Darrell Greene",OL,"9 5/8","31 5/8",74,Undrafted,41.2,2016
"Darrell Williams",OL,-,-,76,Undrafted,36.6,2015
"Daryl Williams",OL,"9 3/4","35    ",77,4.03,38.8,2015
"David Andrews",OL,-,-,75,Undrafted,36.7,2015
"David Arkin",OL,"10 1/2","33 7/8",77,4.13,35.6,2011
"David Bakhtiari",OL,"9 1/2","34    ",76,4.12,36.4,2013
"David Bright",OL,"10 1/4","33 1/4",77,Undrafted,35.5,2018
"David DeCastro",OL,"10    ","32 3/8",77,1.24,37.5,2012
"David Edwards",OL,"9 3/4","33 3/8",78,5.31,35.6,2019
"David Quessenberry",OL,"10 5/8","34 3/8",77,6.08,35.8,2013
"David Sharpe",OL,"10    ","35 3/8",78,4.21,39.6,2017
"David Yankey",OL,"9 1/2","34    ",78,5.05,36.4,2014
"De'Ondre Wesley",OL,-,-,78,Undrafted,36.2,2015
"Dejon Allen",OL,"9 1/4","32 5/8",74,Undrafted,37.9,2018
"Demar Dotson",OL,-,-,81,Undrafted,32.8,2009
"Demetrius Rhaney",OL,"9 1/2","32    ",74,7.35,38.6,2014
"Dennis Daley",OL,"9 1/2","33 3/8",77,6.39,37.6,2019
"Dennis Kelly",OL,"9 3/4","33 1/2",80,5.18,35.3,2012
"Denver Kirkland",OL,"9 5/8","34 5/8",76,Undrafted,40.8,2016
"Denzelle Good",OL,-,-,77,Undrafted,40.2,2015
"Derek Newton",OL,"9 3/8","33 1/8",77,7.11,36.9,2011
"Derwin Gray",OL,"9 5/8","34 3/8",76,7.05,38.9,2019
"Desmond Harrison",OL,"10 3/8","34    ",78,Undrafted,33.7,2018
"Devon Johnson",OL,"9 1/2","34 3/4",79,Undrafted,38.1,2019
"Deyshawn Bond",OL,-,-,73,Undrafted,39.6,2017
"Dieugot Joseph",OL,-,-,78,Undrafted,33.9,2017
"Dillon Day",OL,-,-,76,Undrafted,37.1,2015
"Dillon Gordon",OL,"9 5/8","33    ",76,Undrafted,37.5,2016
"Dion Dawkins",OL,"9 7/8","35    ",76,2.31,38.2,2017
"Don Barclay",OL,-,-,76,Undrafted,37.1,2012
"Donald Penn",OL,-,-,76,Undrafted,38.6,2006
"Donald Stephenson",OL,"9 7/8","34 7/8",78,3.11,36.1,2012
"Donavon Clark",OL,-,-,76,7.03,38.0,2016
"Donnell Greene",OL,"9 1/2","35 1/4",77,Undrafted,39.7,2019
"Donovan Smith",OL,"10 5/8","34 3/8",78,2.02,39.1,2015
"Dorian Johnson",OL,"10 7/8","35 1/4",77,4.07,35.6,2017
"Doug Free",OL,-,-,78,4.22,37.4,2007
"Drew Forbes",OL,"10    ","32 5/8",77,6.16,36.5,2019
"Dru Samia",OL,"10 1/8","33    ",77,4.12,36.2,2019
"Duane Brown",OL,-,-,76,1.26,38.3,2008
"Dustin Stanton",OL,"9    ","32 3/8",78,Undrafted,34.4,2017
"Earl Watford",OL,"10    ","34    ",75,4.19,37.5,2013
"Elgton Jenkins",OL,"10 1/4","34    ",76,2.12,37.7,2019
"Elijah Nkansah",OL,"9 3/8","34    ",77,Undrafted,35.3,2018
"Elijah Wilkinson",OL,-,-,77,Undrafted,38.9,2017
"Emmett Cleary",OL,"9 3/4","34 1/4",79,Undrafted,35.6,2013
"Ereck Flowers",OL,"9 7/8","34 1/2",78,1.09,38.0,2015
"Eric Fisher",OL,"10 1/2","34 1/2",79,1.01,34.5,2013
"Eric Kush",OL,"9 5/8","33 3/8",76,6.02,37.0,2014
"Eric Smith",OL,-,-,76,Undrafted,38.0,2017
"Eric Winston",OL,-,-,79,3.02,34.9,2006
"Eric Wood",OL,-,-,76,1.28,37.7,2009
"Erik Austell",OL,"9    ","32    ",75,Undrafted,37.6,2017
"Erik Magnuson",OL,-,-,77,Undrafted,36.2,2017
"Erik McCoy",OL,"9 5/8","33    ",76,2.16,36.9,2019
"Ethan Cooper",OL,"10 3/8","32 5/8",74,Undrafted,41.3,2017
"Ethan Greenidge",OL,"10 3/8","34 3/4",76,Undrafted,39.8,2019
"Ethan Pocic",OL,"10 1/8","33 1/8",78,Undrafted,35.8,2017
"Evan Boehm",OL,"10 1/4","31 5/8",74,4.29,38.8,2016
"Evan Brown",OL,"10    ","32 1/2",74,Undrafted,38.8,2018
"Evan Mathis",OL,-,-,77,3.14,36.0,2005
"Evan Smith",OL,-,-,74,Undrafted,37.6,2009
"Fahn Cooper",OL,"10    ","34 3/4",76,5.34,36.9,2016
"Forrest Lamp",OL,"10 5/8","32 1/4",76,2.06,37.6,2017
"Frank Ragnow",OL,"9 3/8","33 1/8",77,1.20,37.0,2018
"Fred Johnson",OL,"10 5/8","34    ",79,Undrafted,36.7,2019
"Gabe Ikard",OL,"9 5/8","33 1/8",76,Undrafted,37.0,2014
"Gabe Jackson",OL,"10    ","33 3/4",75,3.17,42.0,2014
"Garett Bolles",OL,"9 3/8","34    ",77,1.20,35.2,2017
"Garrett Bradbury",OL,"10 1/2","31 3/4",75,1.18,38.2,2019
"Garry Gilliam",OL,-,-,78,Undrafted,35.4,2014
"Geoff Gray",OL,-,-,77,Undrafted,37.3,2017
"George Asafo-Adjei",OL,"10 1/8","33 1/4",77,7.18,36.3,2019
"George Fant",OL,-,-,77,Undrafted,35.1,2016
"Germain Ifedi",OL,"10 3/4","36    ",77,1.31,38.4,2016
"Geron Christian",OL,"10 3/4","35    ",77,3.10,35.3,2018
"Gino Gradkowski",OL,-,-,75,4.03,37.5,2012
"Givens Price",OL,"10 1/4","34 3/4",76,Undrafted,36.3,2016
"Gosder Cherilus",OL,-,-,79,1.17,35.4,2008
"Graham Glasgow",OL,"10 3/4","33 5/8",77,3.31,36.4,2016
"Greg Little",OL,"10 1/4","35 1/4",77,2.05,36.8,2019
"Greg Mancz",OL,"10    ",-,76,Undrafted,36.6,2015
"Greg Robinson",OL,"10    ","35    ",77,1.02,39.4,2014
"Greg Senat",OL,"9 7/8","34 7/8",78,6.38,34.9,2018
"Greg Van Roten",OL,-,-,75,Undrafted,37.9,2012
"Halapoulivaati Vaitai",OL,"10 5/8","34 1/4",78,5.24,37.0,2016
"Hjalte Froholdt",OL,"9 3/4","31 1/4",77,4.16,36.3,2019
"Hroniss Grasu",OL,"10 1/4","32 1/8",75,3.07,37.1,2015
"Hugh Thornton",OL,"10    ","34 1/6",75,3.24,40.0,2013
"Ian Silberman",OL,-,-,77,6.14,36.3,2015
"Isaac Asiata",OL,"10 3/8","33 3/4",75,5.20,40.4,2017
"Isaac Seumalo",OL,"9 7/8","33    ",75,3.16,37.9,2016
"Isaiah Battle",OL,-,-,78,"Supplemental Rd. 5",35.6,2015
"Isaiah Prince",OL,"10 1/8","35 1/2",78,6.29,35.2,2019
"Isaiah Williams",OL,-,-,75,Undrafted,38.4,2016
"Isaiah Wynn",OL,"8 1/2","33 3/8",75,1.23,39.1,2018
"J'Marcus Webb",OL,-,-,79,7.11,36.9,2010
"J.C. Tretter",OL,"10 1/8","33 3/8",76,4.25,37.4,2013
"J.J. Dielman",OL,"10    ","32 1/4",77,5.32,36.6,2017
"J.P. Flynn",OL,-,-,78,Undrafted,35.8,2017
"J.R. Sweezy",OL,"9 5/8","34    ",77,7.18,35.3,2012
"Ja'Wuan James",OL,"9 7/8","35    ",79,1.19,34.6,2014
"Jack Allen",OL,"10 1/8","32 1/4",73,Undrafted,38.8,2016
"Jack Conklin",OL,"10 3/8","35    ",77,1.08,36.5,2016
"Jack Mewhort",OL,"9 3/4","34    ",78,2.27,35.7,2014
"Jackson Barton",OL,"9 1/4","34    ",79,7.26,34.9,2019
"Jah Reid",OL,"10 1/4","34 3/8",79,3.21,36.8,2011
"Jahri Evans",OL,"9 3/4","32 1/4",76,4.11,38.7,2006
"Jake Brendel",OL,-,-,76,Undrafted,36.9,2016
"Jake Eldrenkamp",OL,-,-,77,Undrafted,35.6,2017
"Jake Matthews",OL,"9 7/8","33 3/8",77,1.06,36.5,2014
"Jake Rodgers",OL,-,-,77,7.08,37.3,2015
"Jamarco Jones",OL,"9 1/2","35 1/8",76,5.31,36.4,2018
"James Carpenter",OL,"9 3/4","34    ",76,1.25,39.1,2011
"James Daniels",OL,"9 1/2","33 3/4",75,2.07,38.2,2018
"James Ferentz",OL,-,-,74,Undrafted,36.6,2013
"James Hurst",OL,"10 1/8","33 3/4",77,Undrafted,35.1,2014
"James Stone",OL,"10 1/8","33 7/8",75,Undrafted,36.2,2014
"Jamil Demby",OL,"10 3/4","33 3/4",77,6.18,37.8,2018
"Jamil Douglas",OL,"10 3/4","33 3/8",76,4.15,37.0,2015
"Jamon Brown",OL,"9 3/4","34 3/8",76,3.08,39.3,2015
"Jared Veldheer",OL,-,"33    ",80,3.05,34.3,2010
"Jarron Jones",OL,"10 1/2","35 1/2",78,Undrafted,37.0,2017
"Jaryd Jones-Smith",OL,"10    ","36 1/4",79,Undrafted,35.7,2018
"Jason Kelce",OL,"9 1/2","32 1/2",75,6.26,35.0,2011
"Jason King",OL,-,-,76,Undrafted,37.7,2017
"Jason Peters",OL,"9 3/8","33 1/8",76,Undrafted,39.9,2004
"Jason Spriggs",OL,"10 1/8","34 1/8",77,2.17,35.7,2016
"Jason Weaver",OL,"9 1/4","34    ",76,Undrafted,38.1,2013
"Javarius Leamon",OL,"9 5/8","35 1/4",79,Undrafted,37.4,2017
"Javon Patterson",OL,"9    ","32 1/2",75,7.32,38.4,2019
"Jawaan Taylor",OL,"10    ","35 1/8",77,2.03,37.0,2019
"Jeff Allen",OL,"10    ","33 1/2",76,2.12,37.4,2012
"Jerald Hawkins",OL,"9 5/8","34 1/4",77,4.24,36.2,2016
"Jeremiah Poutasi",OL,"9 1/2","33 7/8",77,3.02,39.7,2015
"Jeremiah Sirles",OL,"9    ","34 1/8",78,Undrafted,36.4,2014
"Jeremy Vujnovich",OL,"9 5/8","32 3/4",77,Undrafted,34.4,2013
"Jeremy Zuttah",OL,-,-,76,3.20,36.9,2008
"Jermaine Eluemunor",OL,"9 1/2","33 1/4",76,5.15,40.4,2017
"Jermey Parnell",OL,-,-,78,Undrafted,37.7,2009
"Jermon Bushrod",OL,"0    ","34 1/2",77,4.26,37.7,2007
"Jerry Ugokwe",OL,"10 3/8","35 3/8",79,Undrafted,36.2,2017
"Jessamen Dunker",OL,"10    ","33 1/2",76,Undrafted,38.7,2017
"Jesse Davis",OL,-,-,78,Undrafted,37.1,2015
"Jimmy Murray",OL,"10    ","32 1/8",77,Undrafted,36.2,2018
"Joe Barksdale",OL,"10    ","36    ",77,3.28,38.7,2011
"Joe Berger",OL,-,-,78,6.33,35.0,2005
"Joe Cheek",OL,"9 1/4","32 3/4",78,Undrafted,34.7,2016
"Joe Dahl",OL,"9 1/8","33 1/8",76,5.12,37.0,2016
"Joe Haeg",OL,"9 5/8","33 3/4",78,5.17,35.1,2016
"Joe Hawley",OL,"10 5/8","33 1/8",75,4.19,37.1,2010
"Joe Looney",OL,"9 3/4","32 1/4",75,4.22,38.6,2012
"Joe Staley",OL,-,-,78,1.28,35.4,2007
"Joe Thomas",OL,-,-,79,1.03,35.0,2007
"Joe Thuney",OL,"9 5/8","32 1/4",76,3.15,37.0,2016
"Joel Bitonio",OL,"9 5/8","33 7/8",76,2.03,36.8,2014
"Joey Hunt",OL,"9 7/8","10 1/4",74,6.04,38.4,2016
"John Fullington",OL,"10 3/4","33 1/2",77,Undrafted,35.6,2014
"John Greco",OL,-,-,77,3.02,36.2,2008
"John Jerry",OL,"9 3/4","34    ",77,3.09,38.9,2010
"John Kling",OL,"10 1/8","34 3/8",79,Undrafted,35.3,2016
"John Miller",OL,"10 1/4","33 1/4",74,3.17,38.9,2015
"John Sullivan",OL,"10    ","31 1/2",76,6.21,37.7,2008
"John Theus",OL,"10 1/8","34 1/2",78,5.06,36.2,2016
"John Urschel",OL,"10 3/8","33    ",75,5.35,39.1,2014
"John Wetzel",OL,"10    ","34    ",79,Undrafted,35.5,2013
"Jon Feliciano",OL,"9 3/4","32 3/8",76,4.29,39.3,2015
"Jon Halapio",OL,"10 1/4","33 5/8",75,6.03,39.4,2014
"Jon Toth",OL,"10    ","33 5/8",77,Undrafted,36.4,2017
"Jonah Williams",OL,"10 1/8","33 5/8",76,1.11,36.8,2019
"Jonathan Cooper",OL,"10 1/4","33    ",74,1.07,39.9,2013
"Jonotthan Harrison",OL,"9 7/8","33 3/8",75,Undrafted,38.0,2014
"Jordan Devey",OL,"9 5/8","32 2/3",79,Undrafted,35.7,2013
"Jordan Mailata",OL,-,"35 1/2",80,7.15,38.0,2018
"Jordan Mills",OL,"9 3/4","34    ",77,5.30,37.5,2013
"Jordan Morgan",OL,"10    ","34 5/8",75,5.03,38.6,2017
"Jordan Roos",OL,-,-,75,Undrafted,37.7,2017
"Jordan Simmons",OL,-,-,75,Undrafted,42.4,2017
"Joseph Noteboom",OL,"9 5/8","34 3/8",77,3.25,36.6,2018
"Josh Allen",OL,"10 3/4","34 1/4",75,Undrafted,39.0,2014
"Josh Andrews",OL,-,-,74,Undrafted,39.9,2014
"Josh Harris",OL,"9    ","30 1/2",73,Undrafted,33.2,2012
"Josh James",OL,-,-,77,Undrafted,37.3,2016
"Josh Kline",OL,"9 1/4","31 3/8",75,Undrafted,37.5,2013
"Josh LeRibeus",OL,"9 3/8","32 1/2",74,3.08,40.4,2012
"Josh Sitton",OL,-,-,75,4.37,40.0,2008
"Josh Walker",OL,"9    ","33 1/2",77,Undrafted,39.1,2014
"Josh Wells",OL,-,-,78,Undrafted,35.4,2014
"Joshua Garnett",OL,"10 1/8","33 7/8",76,1.28,38.0,2016
"Joshua Miles",OL,"10 3/4","35 5/8",77,7.34,37.2,2019
"Josue Matias",OL,"10    ","33 1/8",77,Undrafted,36.6,2015
"Julie'n Davenport",OL,"10 1/2","36 1/2",79,4.24,35.8,2017
"Justin Britt",OL,"10 1/4","33 1/2",78,2.32,37.6,2014
"Justin McCray",OL,-,-,75,Undrafted,40.1,2014
"Justin Murray",OL,-,-,77,Undrafted,36.0,2016
"Justin Pugh",OL,"10 1/4","32    ",77,1.19,36.4,2013
"Justin Senior",OL,"10 1/4","34    ",77,6.26,39.2,2017
"Justin Skule",OL,"10    ","33 7/8",79,6.10,36.0,2019
"Jylan Ware",OL,-,-,79,7.13,35.7,2017
"K.J. Malone",OL,"9 1/4","33 1/2",76,Undrafted,36.9,2018
"KC McDermott",OL,"9 3/4","32 1/2",78,Undrafted,35.9,2018
"Kadeem Edwards",OL,"9 3/8","35 3/8",76,5.03,38.3,2014
"Kahlil McKenzie",OL,"10 1/8","31 1/2",75,6.24,39.2,2018
"Kaleb Johnson",OL,-,-,76,Undrafted,36.5,2015
"Kaleb McGary",OL,"10 1/8","32 7/8",79,1.31,35.7,2019
"Kelechi Osemele",OL,"10 1/4","35 7/8",78,2.28,38.5,2012
"Kelvin Beachum",OL,"9 3/8","33 1/4",75,7.41,37.9,2012
"Kendall Lamm",OL,-,-,77,Undrafted,35.9,2015
"Kenny Wiggins",OL,-,-,78,Undrafted,36.3,2011
"Kent Perkins",OL,-,-,77,Undrafted,37.9,2017
"Kevin Bowen",OL,"10 1/2","34    ",81,Undrafted,37.1,2016
"Kevin Pamphile",OL,"9 1/8","34 1/4",77,5.09,36.8,2014
"Kevin Zeitler",OL,"10 1/4","32 3/4",76,1.27,38.2,2012
"Khalif Barnes",OL,"10 1/8","34    ",78,2.20,37.0,2005
"King Dunlap",OL,-,-,81,7.23,33.2,2008
"Kofi Amichia",OL,-,-,75,6.27,38.0,2017
"Kolton Miller",OL,"10 3/4","34 1/8",81,1.15,33.1,2018
"Korey Cunningham",OL,"9 3/8","32 1/4",77,7.36,36.9,2018
"Kory Lichtensteiger",OL,-,-,74,4.09,38.3,2008
"Kraig Urbik",OL,-,-,77,3.14,38.9,2009
"Kristjan Sokoli",OL,-,-,77,6.38,35.6,2015
"Kyle Friend",OL,"10 5/8","30 7/8",74,Undrafted,39.2,2016
"Kyle Fuller",OL,"10 1/4","34 1/8",77,7.25,36.8,2017
"Kyle Kalis",OL,"10 1/4","32 7/8",76,Undrafted,36.8,2017
"Kyle Long",OL,"11    ","33 3/8",78,1.20,36.2,2013
"Kyle Murphy",OL,"9 3/4","33 1/2",78,6.25,35.2,2016
"La'el Collins",OL,-,-,76,Undrafted,37.1,2015
"LaAdrian Waddle",OL,"11 1/8","36    ",78,Undrafted,36.4,2013
"Laken Tomlinson",OL,"10 1/8","33 5/8",75,1.28,40.4,2015
"Lamont Gaillard",OL,"10 3/8","33 1/2",75,6.06,38.1,2019
"Landon Turner",OL,"10 3/8","32 7/8",75,Undrafted,41.2,2016
"Lane Johnson",OL,"10 1/8","35 1/4",78,1.04,35.0,2013
"Lane Taylor",OL,"10 1/2","32 1/4",75,Undrafted,40.5,2013
"Laremy Tunsil",OL,"10    ","34 1/4",77,1.13,36.8,2016
"Larry Warford",OL,"9 1/2","33 3/8",75,3.03,41.5,2013
"Larson Graham",OL,"9 1/2","31 3/4",76,Undrafted,37.0,2017
"Laurence Gibson",OL,"10 3/8","35 1/8",78,7.26,35.2,2015
"Laurent Duvernay-Tardif",OL,"11    ","33    ",77,6.24,38.1,2014
"Le'Raven Clark",OL,"11 7/8","36 1/8",77,3.19,36.9,2016
"Leo Koloamatangi",OL,-,-,77,Undrafted,36.2,2017
"Leonard Wester",OL,"9 5/8","34    ",77,Undrafted,36.4,2016
"Lucas Crowley",OL,-,-,75,Undrafted,33.6,2017
"Lucas Patrick",OL,-,-,75,Undrafted,39.1,2016
"Luke Bowanko",OL,"9 1/2","34 1/2",78,6.29,34.7,2014
"Luke Joeckel",OL,"10 1/8","34 1/4",78,2.01,35.4,2013
"Marcus Cannon",OL,"9 1/8","34    ",77,5.07,42.4,2011
"Marcus Gilbert",OL,"9 3/4","33 1/2",78,2.30,38.1,2011
"Marcus Martin",OL,"10    ","34    ",75,1.16,40.0,2014
"Mark Glowinski",OL,"9 3/4","33 1/8",76,4.35,37.4,2015
"Marshal Yanda",OL,"10    ","32 1/2",75,3.22,38.1,2007
"Marshall Newhouse",OL,"10 1/4","34    ",76,5.37,38.8,2010
"Martez Ivey",OL,"10 3/8","36 1/4",77,Undrafted,37.3,2019
"Martinas Rankin",OL,"10 1/8","33 3/4",76,3.16,37.5,2018
"Mason Cole",OL,"9 5/8","32 1/8",76,3.33,37.4,2018
"Matt Feiler",OL,"9 1/2","32    ",78,Undrafted,38.1,2014
"Matt Gono",OL,"9 7/8","34 3/8",76,Undrafted,38.5,2018
"Matt Kalil",OL,"10 3/8","34 1/2",79,1.04,34.5,2012
"Matt McCants",OL,"9 1/4","35 3/8",78,6.31,35.6,2012
"Matt Paradis",OL,"9 7/8","32 3/8",75,6.31,37.5,2014
"Matt Pryor",OL,"11 1/2","35 1/2",79,6.32,36.9,2018
"Matt Skura",OL,-,-,75,Undrafted,38.1,2016
"Matt Slauson",OL,"10 1/2","33 1/8",77,6.20,37.3,2009
"Matt Tobin",OL,-,-,78,Undrafted,35.0,2013
"Maurkice Pouncey",OL,-,-,77,1.18,36.0,2010
"Maurquice Shakir",OL,-,-,76,Undrafted,38.1,2017
"Max Garcia",OL,"10 1/4","33 1/8",76,4.34,37.6,2015
"Max Scharping",OL,"10    ","33 5/8",78,2.23,37.8,2019
"Max Tuerk",OL,"10 3/4","32 1/2",77,3.03,35.3,2016
"Max Unger",OL,-,-,77,2.16,36.6,2009
"Menelik Watson",OL,"10 3/8","34    ",77,2.10,36.8,2013
"Michael Deiter",OL,"10 3/4","33 1/8",77,3.14,36.6,2019
"Michael Dunn",OL,"9 3/4","31 5/8",77,Undrafted,35.6,2017
"Michael Liedtke",OL,-,-,75,Undrafted,38.1,2015
"Michael Oher",OL,-,-,77,1.23,36.6,2009
"Michael Ola",OL,-,-,77,Undrafted,37.0,2011
"Michael Schofield",OL,"9 5/8","34    ",78,3.31,34.8,2014
"Mike Adams",OL,"10 7/8","34    ",79,2.24,36.4,2012
"Mike Iupati",OL,-,-,77,1.17,39.2,2010
"Mike Jordan",OL,"10    ","34 1/4",78,4.34,36.1,2019
"Mike Matthews",OL,-,-,74,Undrafted,38.5,2016
"Mike McGlinchey",OL,"10    ","34    ",80,1.09,33.9,2018
"Mike Person",OL,"9 5/8","32 3/4",76,7.36,36.5,2011
"Mike Pouncey",OL,"9 3/4","32 1/4",77,1.15,35.9,2011
"Mike Remmers",OL,-,-,77,Undrafted,36.8,2012
"Mitch Hyatt",OL,"10 1/4","34 1/8",77,Undrafted,35.9,2019
"Mitch Morse",OL,"9 1/4","32 1/4",77,2.17,36.2,2015
"Mitchell Schwartz",OL,"10    ","33 1/2",77,5.02,37.7,2012
"Morgan Moses",OL,"9 7/8","35 3/8",78,2.03,36.3,2014
"Nate Davis",OL,"9 1/2","33 1/8",75,3.18,39.5,2019
"Nate Herbig",OL,"10 1/8","33 1/4",75,Undrafted,41.9,2019
"Nate Solder",OL,"9 7/8","35 1/2",80,1.17,35.0,2011
"Nate Theaker",OL,"9 5/8","32 5/8",77,Undrafted,37.3,2017
"Nick Allegretti",OL,"10 1/8","32 1/4",76,7.02,37.7,2019
"Nick Becton",OL,"9    ","35 1/2",77,Undrafted,38.3,2013
"Nick Easton",OL,-,-,74,Undrafted,39.4,2015
"Nick Gates",OL,"10 1/4","32    ",77,Undrafted,35.0,2018
"Nick Mangold",OL,-,-,76,1.29,36.5,2006
"Nick Martin",OL,"9 3/4","32 1/2",76,2.19,36.4,2016
"Nico Falah",OL,"10 5/8","33 1/4",76,Undrafted,36.6,2018
"Nico Siragusa",OL,"10 5/8","33 1/2",76,4.16,38.8,2017
"Nila Kasitati",OL,"10 1/2","32    ",75,Undrafted,39.6,2016
"Oday Aboushi",OL,"10 5/8","33 3/4",77,5.08,36.5,2013
"Oli Udoh",OL,"10    ","35 3/8",77,6.20,38.3,2019
"Oni Omoile",OL,-,-,74,Undrafted,39.8,2016
"Orlando Brown",OL,"9 3/4","35    ",80,3.19,37.9,2018
"Orlando Franklin",OL,"11 1/8","35    ",78,2.14,36.5,2011
"Pace Murphy",OL,-,-,78,Undrafted,35.6,2016
"Parker Collins",OL,"9 1/2","30 1/4",74,Undrafted,39.0,2017
"Parker Ehinger",OL,"9 7/8","33    ",78,4.07,35.8,2016
"Pat Elflein",OL,"9 3/4","33 1/4",75,3.06,37.9,2017
"Patrick Morris",OL,"9    ","31 1/4",74,Undrafted,38.5,2018
"Patrick Omameh",OL,-,"34    ",76,Undrafted,39.8,2013
"Paul Adams",OL,"10    ","33 1/2",78,Undrafted,36.6,2019
"Peter Daniel",OL,"9    ","32 5/8",79,Undrafted,34.2,2018
"Phil Haynes",OL,"9 1/2","33 1/2",76,4.22,39.2,2019
"Quenton Nelson",OL,"10 3/8","33 3/4",77,1.06,38.5,2018
"Quinton Spain",OL,-,-,76,Undrafted,40.4,2015
"Ramon Foster",OL,-,-,77,Undrafted,38.9,2009
"Rashod Hill",OL,-,-,78,Undrafted,36.2,2016
"Rees Odhiambo",OL,"9 5/8","33 1/4",75,3.35,39.2,2016
"Richie Incognito",OL,-,-,75,3.17,38.1,2005
"Rick Leonard",OL,"9 1/4","32 1/4",79,4.27,35.0,2018
"Ricky Wagner",OL,"9 7/8","34    ",78,5.35,35.6,2013
"Riley Reiff",OL,"10 1/8","33 1/4",78,1.23,36.2,2012
"Rob Havenstein",OL,"9 7/8","33 3/4",79,2.25,36.2,2015
"Roderick Johnson",OL,"10 3/4","36    ",79,5.16,33.6,2017
"Roderick Taylor",OL,"9 3/4","34 1/4",75,7.34,40.0,2018
"Rodger Saffold",OL,-,"33 5/8",77,2.01,37.5,2010
"Rodney Hudson",OL,"9 3/8","32 1/2",74,2.23,38.4,2011
"Ronald Leary",OL,"8 5/8","34 3/4",75,Undrafted,39.4,2012
"Ronnie Stanley",OL,"10 5/8","35 5/8",77,1.06,37.0,2016
"Ross Pierschbacher",OL,"10    ","32 1/8",76,5.15,37.4,2019
"Roubbens Joseph",OL,"10    ","34    ",76,Undrafted,38.0,2017
"Russell Bodine",OL,"10    ","32 1/2",75,4.11,38.7,2014
"Russell Okung",OL,"10 1/2","36    ",77,1.06,36.4,2010
"Ryan Bates",OL,"9 1/2","32 1/2",76,Undrafted,37.2,2019
"Ryan Groy",OL,"10 3/8","33 1/4",77,Undrafted,37.5,2014
"Ryan Harris",OL,-,-,77,3.06,36.2,2007
"Ryan Jensen",OL,"9 1/8","32 3/8",76,6.35,38.8,2013
"Ryan Kalil",OL,-,-,75,2.27,37.4,2007
"Ryan Kelly",OL,"9 5/8","33 5/8",76,1.18,37.9,2016
"Ryan Pope",OL,"11 1/8","34 1/4",79,Undrafted,36.0,2019
"Ryan Ramczyk",OL,"10 7/8","33 3/4",78,1.32,35.8,2017
"Ryan Schraeder",OL,-,-,79,Undrafted,33.8,2013
"Salesi Uhatafe",OL,"10 1/4","33    ",77,Undrafted,36.8,2018
"Sam Jones",OL,"9 1/2","31    ",77,6.09,36.2,2018
"Sam Tevi",OL,"10 1/8","34    ",77,6.06,36.9,2017
"Sam Young",OL,"10 1/8","34 1/2",80,6.10,33.6,2010
"Scott Quessenberry",OL,"9 3/4","31 3/4",76,5.18,37.7,2018
"Sean Harlow",OL,"9 1/2","32    ",76,4.30,36.9,2017
"Sean Hickey",OL,"10 1/2","32 3/4",78,Undrafted,35.4,2015
"Sean Welsh",OL,"10 1/4","32    ",75,Undrafted,38.2,2018
"Seantrel Henderson",OL,"10 1/2","34 5/8",79,7.22,37.3,2014
"Sebastian Tretola",OL,"10 3/8","31 1/2",76,6.18,38.2,2016
"Senio Kelemete",OL,"9 5/8","33 1/2",76,5.16,37.4,2012
"Shane McDermott",OL,-,-,76,Undrafted,36.8,2015
"Shaq Calhoun",OL,"10    ","33 1/8",74,Undrafted,39.8,2019
"Shaquille Mason",OL,-,-,74,4.32,39.8,2015
"Shawn Lauvao",OL,"9 1/2","33    ",75,3.28,39.4,2010
"Shon Coleman",OL,"10 5/8","35 1/8",77,3.13,36.4,2016
"Skyler Phillips",OL,"9 1/2","33    ",75,Undrafted,39.7,2018
"Spencer Drango",OL,"9 1/2","33 3/4",77,5.31,37.3,2016
"Spencer Long",OL,"10 3/4","33 1/8",77,3.14,37.7,2014
"Spencer Pulley",OL,"9 7/8","31 1/2",76,Undrafted,37.5,2016
"Stefen Wisniewski",OL,"10 3/8","33    ",75,2.16,39.1,2011
"Stephane Nembot",OL,"10 3/4","34 5/8",78,Undrafted,37.2,2016
"Steven Moore",OL,-,-,78,Undrafted,35.0,2017
"Storm Norton",OL,"10 1/8","35 1/4",79,Undrafted,34.6,2017
"Sua Opeta",OL,"9 7/8","33 1/4",76,Undrafted,36.6,2019
"T.J. Clemmings",OL,"10 3/8","35 1/8",77,4.11,36.6,2015
"T.J. Johnson",OL,"9 1/2","33 1/2",76,7.45,37.7,2013
"T.J. Lang",OL,"9 5/8","32 3/4",76,4.09,38.3,2009
"Taylor Decker",OL,"10    ","33 3/4",79,1.16,34.9,2016
"Taylor Hart",OL,"10 1/8","32 3/4",78,5.01,32.5,2014
"Taylor Hearn",OL,"8 3/4","32 1/2",76,Undrafted,40.2,2018
"Taylor Lewan",OL,"9 1/4","33 7/8",79,1.11,34.8,2014
"Taylor Moton",OL,"10 5/8","34 1/8",77,2.32,37.8,2017
"Ted Karras",OL,"9 1/8","32    ",76,6.46,37.1,2016
"Ted Larsen",OL,-,-,75,6.35,38.0,2010
"Terron Armstead",OL,"9 1/4","34    ",77,3.13,36.3,2013
"Terry Poole",OL,"9 1/2","33 1/4",77,4.31,36.4,2015
"Tim Barnes",OL,-,-,76,Undrafted,36.5,2011
"Timon Parris",OL,"9 3/8","33 7/8",78,Undrafted,36.1,2018
"Toby Weathersby",OL,"10 1/4","33 1/4",76,Undrafted,38.6,2018
"Tom Compton",OL,"10    ","34    ",77,6.23,37.2,2012
"Tony Adams",OL,"9 1/8","33 1/2",73,Undrafted,39.8,2018
"Tony Bergstrom",OL,"9    ","32    ",77,3.32,37.1,2012
"Trai Turner",OL,"9 1/2","34    ",75,3.28,38.7,2014
"Travis Averill",OL,-,-,75,Undrafted,36.9,2017
"Travis Frederick",OL,"10    ","33    ",76,1.31,38.0,2013
"Travis Swanson",OL,"10    ","33 1/8",77,3.12,37.0,2014
"Trent Brown",OL,-,-,80,7.27,39.0,2015
"Trent Williams",OL,-,"34 1/4",77,1.04,37.3,2010
"Trenton Scott",OL,"9 1/4","34 3/8",76,Undrafted,36.6,2018
"Trevon Tate",OL,"9 5/8","32 3/8",74,Undrafted,37.6,2019
"Trey Hopkins",OL,"9 3/8","34 1/2",75,Undrafted,38.7,2014
"Trey Pipkins",OL,"9 5/8","33 7/8",78,3.27,35.7,2019
"Ty Nsekhe",OL,-,-,80,Undrafted,37.1,2009
"Ty Sambrailo",OL,"10    ","33    ",78,2.27,35.9,2015
"Tyler Catalina",OL,"9 3/4","32 7/8",78,Undrafted,37.6,2017
"Tyler Johnstone",OL,"10 3/8","34    ",77,Undrafted,35.7,2016
"Tyler Jones",OL,"9 3/4","33 3/4",75,Undrafted,38.2,2019
"Tyler Larsen",OL,"9 1/4","31 1/2",76,Undrafted,38.1,2014
"Tyler Marz",OL,"10    ","33 1/2",78,Undrafted,36.5,2016
"Tyler Orlosky",OL,"9 3/4","32 1/4",75,Undrafted,37.2,2017
"Tyler Roemer",OL,"10 1/4","33 7/8",78,Undrafted,36.1,2019
"Tyler Shatley",OL,-,-,75,Undrafted,38.7,2014
"Tyreek Burwell",OL,-,-,78,Undrafted,35.8,2015
"Tyrell Crosby",OL,"10 3/4","35 1/4",77,5.16,36.6,2018
"Tyron Smith",OL,"11    ","36 3/8",77,1.09,36.4,2011
"Tyrus Thompson",OL,"10 1/4","34 7/8",77,6.09,38.4,2015
"Tytus Howard",OL,"10 5/8","34    ",77,1.23,38.2,2019
"Ulrick John",OL,-,-,78,7.17,35.7,2014
"Vadal Alexander",OL,"10 1/2","35 1/4",77,7.13,38.7,2016
"Valerian Ume-Ezeoke",OL,-,-,74,Undrafted,39.2,2015
"Victor Salako",OL,-,"34 1/4",77,Undrafted,37.5,2017
"Vinston Painter",OL,"9 7/8","34    ",76,5.06,37.2,2013
"Vladimir Ducasse",OL,-,-,77,2.28,39.4,2010
"Wes Martin",OL,"9 3/8","32 3/4",75,4.29,38.9,2019
"Wes Schweitzer",OL,-,"32 5/8",76,6.02,36.5,2016
"Wesley Johnson",OL,"10 1/4","33 1/8",77,5.33,35.2,2014
"Weston Richburg",OL,"9 1/4","33 3/8",75,2.11,37.2,2014
"Will Beatty",OL,"10    ","34 3/4",78,2.28,36.9,2009
"Will Clapp",OL,"9 5/8","31 1/4",77,7.27,36.9,2018
"Will Hernandez",OL,"9 7/8","35 1/4",74,2.02,42.0,2018
"Will Holden",OL,"10 1/8","33 1/4",79,5.13,35.0,2017
"Will Richardson",OL,"9 7/8","32    ",78,4.29,35.4,2018
"William Poehls",OL,-,-,80,Undrafted,37.8,2014
"William Sweet",OL,"10 1/8","34 3/8",78,Undrafted,36.2,2019
"Willie Beavers",OL,"9 1/2","33 1/2",76,4.23,39.1,2016
"Wyatt Teller",OL,"10 1/4","34    ",77,5.29,37.2,2018
"Xavier Su'a-Filo",OL,"9 3/8","33 3/8",76,2.01,37.4,2014
"Yodny Cajuste",OL,"10    ","34    ",77,3.37,37.0,2019
"Yosh Nijman",OL,"10    ","34    ",79,Undrafted,36.5,2019
"Zac Kerin",OL,-,-,76,Undrafted,37.1,2014
"Zach Banner",OL,"10 3/4","34 7/8",80,4.31,38.8,2017
"Zach Crabtree",OL,"9 1/8","34 1/8",78,Undrafted,36.6,2018
"Zach Fulton",OL,"10 1/4","33 1/4",77,6.17,37.5,2014
"Zach Sterup",OL,"9 3/8","34    ",81,Undrafted,34.1,2016
"Zach Strief",OL,-,-,80,7.02,36.2,2006
"Zack Bailey",OL,"9 5/8","33    ",77,Undrafted,35.5,2019
"Zack Golditch",OL,"10 3/4","33 3/8",77,Undrafted,35.3,2018
"Zack Martin",OL,"9 1/2","32 7/8",76,1.16,38.3,2014
"Zane Beadles",OL,"9 3/4","33 3/4",77,2.12,36.8,2010
