"Full Name",Position,"20-Yard Shuttle","3-Cone Drill","Bench Press","40-Yard Dash","Broad Jump","Vertical Jump"
"A.J. Cann",OL,-,-,26,5.47,-,-
"A.Q. Shipley",OL,4.40,7.46,33,5.19,100,31.0
"Aaron Neary",OL,4.47,7.53,26,5.20,104,28.5
"Aaron Stinnie",OL,4.65,7.63,21,5.28,114,27.0
"Adam Bisnowaty",OL,4.94,8.02,23,5.23,96,29.5
"Adam Gettis",OL,4.65,7.99,-,4.90,112,31.5
"Adam Pankey",OL,4.71,7.85,-,5.36,113,28.0
"Adam Redmond",OL,4.64,7.51,24,5.24,99,28.0
"Alex Balducci",OL,4.63,7.55,25,5.06,113,33.0
"Alex Boone",OL,4.69,7.83,33,5.16,103,27.5
"Alex Cappa",OL,4.84,8.04,24,5.39,97,26.5
"Alex Lewis",OL,4.72,7.94,27,5.22,100,29.5
"Alex Light",OL,4.81,8.00,26,5.57,108,29.5
"Alex Mack",OL,4.75,7.31,20,5.22,106,28.5
"Alex Redmond",OL,4.90,7.75,30,5.30,111,28.0
"Ali Marpet",OL,4.47,7.33,30,4.98,108,30.5
"Allen Barbe",OL,4.63,7.40,28,4.84,105,32.0
"Alvin Bailey",OL,-,-,27,4.95,-,-
"Amini Silatolu",OL,4.87,7.95,28,5.43,107,31.5
"Andre Dillard",OL,4.40,7.44,24,4.96,118,29.0
"Andre James",OL,4.84,8.00,21,5.32,105,29.0
"Andre Smith",OL,4.93,7.88,19,5.33,94,25.0
"Andreas Knappe",OL,-,-,23,5.22,106,30.0
"Andrew Donnal",OL,4.77,7.84,17,5.31,101,32.0
"Andrew Jelks",OL,4.94,8.06,21,5.66,101,29.0
"Andrew Lauderdale",OL,4.74,7.27,21,4.95,103,28.0
"Andrew Norwell",OL,4.93,8.09,22,5.33,105,28.0
"Andrew Tiller",OL,4.80,7.92,16,5.44,85,23.0
"Andrew Whitworth",OL,4.84,8.26,28,5.16,112,30.5
"Andrew Wylie",OL,4.76,7.46,20,5.19,115,34.0
"Andrus Peat",OL,4.62,8.01,-,5.18,105,31.0
"Andy Gallik",OL,4.58,7.66,29,5.50,96,27.0
"Andy Levitre",OL,4.52,-,23,5.33,103,30.5
"Anthony Castonzo",OL,4.40,7.25,28,5.21,105,29.5
"Anthony Davis",OL,4.97,8.17,21,5.36,-,33.0
"Anthony Fabiano",OL,4.42,7.41,25,5.09,108,32.5
"Anthony Steen",OL,4.71,7.95,-,5.38,106,25.0
"Antonio Garcia",OL,4.94,7.98,24,5.15,108,31.0
"Arie Kouandjio",OL,-,-,-,5.48,-,-
"Austin Blythe",OL,4.53,7.52,29,5.36,99,27.5
"Austin Corbett",OL,4.50,7.87,19,5.15,106,28.0
"Austin Howard",OL,4.62,8.10,19,5.45,109,30.5
"Austin Pasztor",OL,4.63,7.54,24,5.47,113,30.0
"Austin Reiter",OL,4.53,7.65,-,5.22,107,34.0
"Austin Shepherd",OL,4.70,8.04,17,5.39,94,29.0
"Avery Gennesy",OL,5.00,8.08,24,5.35,91,20.0
"Avery Young",OL,4.91,8.22,-,5.39,-,-
"Aviante Collins",OL,-,-,34,4.81,-,-
"B.J. Finney",OL,4.76,-,20,5.25,99,24.0
"Beau Benzschawel",OL,4.74,7.48,20,5.24,98,26.5
"Ben Braden",OL,4.90,7.85,25,5.04,102,28.0
"Ben Garland",OL,4.47,7.14,18,5.12,112,35.0
"Ben Ijalana",OL,4.70,7.75,-,5.25,105,25.5
"Ben Jones",OL,4.74,7.95,29,5.44,105,30.5
"Ben Powers",OL,4.83,-,21,-,97,29.0
"Billy Turner",OL,4.71,7.92,25,5.16,108,28.0
"Blaine Clausell",OL,-,-,-,5.22,-,-
"Bobby Evans",OL,4.72,8.00,22,5.20,116,27.5
"Bobby Hart",OL,-,-,-,5.09,-,-
"Bobby Massie",OL,4.95,7.70,22,5.18,103,27.5
"Brad Lundblade",OL,4.80,8.01,24,5.50,95,28.0
"Brad Seaton",OL,5.00,7.84,24,5.42,105,26.0
"Braden Smith",OL,4.77,7.81,35,5.22,113,33.5
"Bradley Bozeman",OL,5.17,8.25,27,5.51,97,24.0
"Bradley Sowell",OL,4.65,7.43,21,5.27,102,29.0
"Branden Albert",OL,4.78,7.97,23,5.17,111,26.0
"Brandon Brooks",OL,-,-,-,4.99,-,-
"Brandon Fusco",OL,4.43,7.29,26,5.18,108,28.5
"Brandon Greene",OL,5.07,8.18,22,5.37,101,25.0
"Brandon Knight",OL,-,-,27,-,-,-
"Brandon Kublanow",OL,4.69,8.01,31,5.32,100,29.0
"Brandon Linder",OL,-,-,30,5.35,99,26.5
"Brandon Parker",OL,4.68,7.82,-,5.40,113,28.5
"Brandon Scherff",OL,-,-,23,5.05,-,-
"Brandon Shell",OL,-,-,22,5.22,112,30.5
"Brandon Thomas",OL,4.83,8.13,35,5.09,98,29.0
"Breno Giacomini",OL,4.63,7.56,23,5.20,108,22.5
"Brent Qvale",OL,4.86,7.40,24,5.25,99,29.0
"Brett Boyko",OL,4.75,7.91,17,5.60,103,25.0
"Brett Toth",OL,4.75,7.40,16,5.19,103,25.0
"Brian Allen",OL,4.34,6.64,15,4.48,117,34.5
"Brian Mihalik",OL,4.37,7.23,23,4.94,122,35.5
"Brian O'Neill",OL,4.50,7.14,22,4.82,107,29.5
"Brian Schwenke",OL,4.74,7.31,31,4.99,108,26.5
"Brian Winters",OL,4.77,7.55,9,5.27,107,31.5
"Bryan Buluga",OL,4.75,7.70,26,5.20,98,27.5
"Bryan Witzmann",OL,5.01,7.84,23,5.20,113,28.0
"Bryce Harris",OL,4.69,7.57,20,5.26,109,30.0
"Byron Bell",OL,4.76,7.69,20,5.41,102,30.5
"Caleb Benenoch",OL,5.11,8.15,-,4.98,104,28.0
"Cam Robinson",OL,4.82,7.81,-,5.15,106,26.0
"Cameron Erving",OL,4.63,7.48,30,5.15,112,30.5
"Cameron Fleming",OL,5.00,8.24,26,5.28,97,23.5
"Cameron Hunt",OL,4.70,7.96,24,5.52,94,23.5
"Cameron Jefferson",OL,4.97,8.16,19,5.37,102,24.5
"Cameron Lee",OL,4.75,8.02,18,5.44,100,25.5
"Cameron Tom",OL,4.59,7.57,23,4.94,116,32.0
"Cedric Ogbuehi",OL,-,-,23,4.98,-,-
"Cedrick Lang",OL,4.22,6.91,18,5.02,116,31.5
"Chad Slade",OL,4.74,7.91,25,5.18,106,29.5
"Chad Wheeler",OL,5.01,8.51,15,5.48,105,20.5
"Chance Warmack",OL,-,-,-,5.49,110,-
"Charles Leno",OL,4.40,7.57,21,5.21,108,29.0
"Chase Roullier",OL,4.47,7.60,19,5.54,97,26.5
"Chaz Green",OL,4.70,8.00,21,5.16,106,29.5
"Chris Barker",OL,4.77,8.09,29,5.25,99,27.5
"Chris Chester",OL,4.51,7.33,27,4.83,106,31.5
"Chris Hairston",OL,4.34,7.15,18,4.59,124,33.0
"Chris Hubbard",OL,4.69,7.52,21,5.00,108,28.5
"Chris Lindstrom",OL,4.54,7.61,25,4.91,117,30.5
"Chris Reed",OL,5.08,8.09,25,5.09,110,28.5
"Chris Scott",OL,5.03,8.24,19,5.52,-,22.5
"Chris Watt",OL,-,-,29,5.50,-,-
"Christian Schneider",OL,4.65,7.48,25,5.17,102,26.5
"Christian Westerman",OL,4.71,7.69,34,5.12,98,-
"Chukwuma Okorafor",OL,4.80,7.87,19,5.31,102,23.5
"Chuma Edoga",OL,4.53,7.47,21,5.19,108,24.5
"Clint Boling",OL,4.64,7.66,28,5.28,102,31.0
"Cody Ford",OL,4.87,8.27,19,5.21,104,28.5
"Cody Wallace",OL,4.55,7.45,26,5.30,113,30.5
"Cody Whitehair",OL,4.58,7.32,16,5.02,110,25.5
"Cody Wichmann",OL,-,-,-,4.98,-,-
"Colby Gossett",OL,4.83,7.60,32,5.20,103,25.0
"Cole Boozer",OL,4.81,7.63,26,5.14,102,30.0
"Cole Croston",OL,4.68,7.61,17,5.34,103,32.5
"Cole Gardner",OL,4.51,7.46,16,5.15,108,33.0
"Cole Madison",OL,4.88,7.86,26,5.33,97,28.5
"Cole Manhart",OL,-,-,-,5.36,-,-
"Cole Toner",OL,4.59,7.88,22,5.32,103,26.0
"Coleman Shelton",OL,4.59,7.62,-,5.24,110,26.5
"Collin Buchanan",OL,-,-,23,-,97,25.0
"Connor J. McGovern",OL,4.57,-,28,-,112,-
"Connor McGovern",OL,4.65,7.50,33,5.11,109,33.0
"Connor Williams",OL,4.63,7.83,26,5.05,112,34.0
"Conor McDermott",OL,4.58,7.52,-,5.18,105,28.5
"Cordy Glenn",OL,5.00,8.13,31,5.08,93,23.5
"Corey Levin",OL,4.73,7.55,26,5.16,106,26.5
"Corey Linsley",OL,-,-,36,5.24,-,27.0
"Corey Robinson",OL,-,-,28,5.34,-,-
"Cornelius Edison",OL,4.92,7.84,25,5.43,91,25.0
"Cyrus Kouandjio",OL,4.84,7.71,21,5.59,96,27.5
"D.J. Fluker",OL,-,-,21,5.31,-,-
"D.J. Humphries",OL,4.64,7.87,26,5.12,104,31.0
"Dakota Dozier",OL,4.89,8.14,23,5.42,100,24.0
"Dalton Risner",OL,4.52,7.69,23,5.30,110,28.5
"Damien Mama",OL,5.38,8.31,-,5.84,96,24.5
"Dan Feeney",OL,4.68,7.52,26,5.24,101,28.0
"Dan France",OL,4.70,7.69,27,5.50,102,28.0
"Dan Skipper",OL,5.01,7.61,-,5.42,97,26.0
"Daniel Brunskill",OL,4.84,7.71,17,-,106,28.0
"Daniel Kilgore",OL,4.68,7.59,23,5.28,105,32.5
"Daniel Munyer",OL,4.72,7.95,25,5.31,104,33.0
"Danny Isidora",OL,4.90,8.13,26,5.03,94,29.0
"Darrell D. Williams",OL,4.93,7.81,25,5.29,99,29.0
"Darrell Greene",OL,4.98,8.07,28,5.20,98,21.5
"Darrell Williams",OL,-,-,-,5.46,-,-
"Daryl Williams",OL,5.15,8.18,27,5.34,97,26.0
"David Andrews",OL,-,-,-,5.12,-,-
"David Arkin",OL,4.63,7.60,25,5.31,103,29.0
"David Bakhtiari",OL,4.74,7.70,28,5.18,101,25.5
"David DeCastro",OL,4.56,7.30,34,5.32,98,29.5
"David Edwards",OL,4.77,7.69,16,5.28,99,25.5
"David Quessenberry",OL,4.45,7.49,25,5.08,112,29.5
"David Sharpe",OL,4.78,7.87,19,5.44,97,20.5
"David Yankey",OL,4.86,7.81,22,5.48,102,28.5
"De'Ondre Wesley",OL,4.65,7.73,18,5.30,115,31.0
"Dejon Allen",OL,4.82,7.63,29,5.02,109,30.5
"Demetrius Rhaney",OL,4.22,7.59,24,4.95,110,29.0
"Dennis Daley",OL,4.92,7.95,20,5.23,103,26.5
"Dennis Kelly",OL,4.91,7.73,30,5.38,104,27.0
"Denver Kirkland",OL,5.06,8.72,19,5.55,94,22.5
"Denzelle Good",OL,4.85,8.02,23,5.39,103,31.0
"Derek Newton",OL,5.00,7.76,24,5.00,100,25.5
"Derwin Gray",OL,4.94,8.15,26,5.26,90,26.0
"Desmond Harrison",OL,4.79,7.64,-,4.90,98,30.0
"Devon Johnson",OL,5.28,8.34,26,5.16,89,27.5
"Deyshawn Bond",OL,-,-,25,-,107,31.0
"Dieugot Joseph",OL,4.87,7.83,21,5.26,102,31.0
"Dillon Day",OL,-,-,-,5.24,-,-
"Dion Dawkins",OL,4.78,7.30,26,5.11,106,26.0
"Don Barclay",OL,4.70,7.54,23,5.08,103,29.5
"Donald Penn",OL,-,-,22,-,-,-
"Donald Stephenson",OL,4.78,7.52,19,4.94,114,35.5
"Donavon Clark",OL,4.72,7.60,26,5.24,102,27.0
"Donovan Smith",OL,4.79,7.95,26,5.27,109,32.0
"Dorian Johnson",OL,5.09,8.39,21,5.27,114,30.0
"Doug Free",OL,4.53,7.38,22,5.19,111,30.0
"Drew Forbes",OL,4.70,7.65,28,5.01,107,30.5
"Dru Samia",OL,4.70,7.89,28,5.29,101,27.5
"Duane Brown",OL,4.52,7.58,24,5.07,105,27.5
"Dustin Stanton",OL,4.65,7.85,18,5.24,109,30.0
"Earl Watford",OL,5.00,7.77,24,5.06,107,30.0
"Elgton Jenkins",OL,4.62,7.77,29,5.15,109,28.0
"Elijah Nkansah",OL,4.66,7.51,26,5.14,102,28.0
"Elijah Wilkinson",OL,-,-,27,-,-,-
"Emmett Cleary",OL,4.70,7.81,24,5.21,108,28.5
"Ereck Flowers",OL,-,-,37,5.31,-,-
"Eric Fisher",OL,4.44,7.59,27,5.05,116,28.5
"Eric Kush",OL,4.35,7.40,25,5.09,108,30.0
"Eric Smith",OL,-,-,26,5.44,100,23.5
"Eric Winston",OL,4.49,7.47,-,4.94,108,29.0
"Eric Wood",OL,4.51,7.56,30,5.19,99,30.5
"Erik Austell",OL,4.90,8.13,24,5.23,107,27.5
"Erik Magnuson",OL,4.70,8.07,21,5.46,97,25.0
"Erik McCoy",OL,4.62,8.28,29,4.89,107,31.0
"Ethan Cooper",OL,4.88,8.02,26,5.36,99,24.5
"Ethan Pocic",OL,4.81,7.89,26,5.15,107,27.0
"Evan Boehm",OL,4.69,7.52,24,5.33,96,28.5
"Evan Brown",OL,4.46,7.87,36,5.08,113,36.0
"Evan Mathis",OL,4.16,7.39,35,4.92,117,35.5
"Evan Smith",OL,4.40,7.36,30,5.18,104,28.0
"Fahn Cooper",OL,4.89,7.85,19,5.17,102,25.0
"Forrest Lamp",OL,4.62,7.55,34,5.00,111,27.5
"Frank Ragnow",OL,4.51,8.04,26,5.04,115,33.5
"Fred Johnson",OL,5.09,7.91,20,5.37,104,24.5
"Gabe Ikard",OL,4.37,7.30,22,5.13,102,26.0
"Gabe Jackson",OL,4.78,8.25,30,5.34,108,29.0
"Garett Bolles",OL,4.55,7.83,-,4.95,115,28.0
"Garrett Bradbury",OL,4.53,7.41,34,4.92,104,31.0
"Garry Gilliam",OL,4.56,7.59,19,5.08,113,35.0
"Geoff Gray",OL,4.69,7.70,25,5.39,114,31.0
"George Asafo-Adjei",OL,4.88,8.07,31,5.08,109,30.0
"George Fant",OL,4.54,7.20,22,4.89,119,37.0
"Germain Ifedi",OL,4.75,-,24,5.27,109,32.5
"Geron Christian",OL,-,-,19,5.33,-,-
"Gino Gradkowski",OL,4.78,7.75,29,5.30,103,28.5
"Givens Price",OL,4.64,7.48,24,5.13,110,32.0
"Gosder Cherilus",OL,4.82,7.60,24,5.14,102,23.0
"Graham Glasgow",OL,4.63,7.63,23,5.13,106,25.0
"Greg Little",OL,4.74,8.19,15,5.33,113,25.0
"Greg Mancz",OL,-,-,-,5.08,-,-
"Greg Robinson",OL,4.86,7.80,32,4.92,112,28.5
"Greg Senat",OL,4.71,7.41,19,5.38,106,26.0
"Greg Van Roten",OL,4.60,7.98,31,5.17,112,34.5
"Halapoulivaati Vaitai",OL,5.00,8.26,23,5.26,113,29.0
"Hjalte Froholdt",OL,4.54,7.51,31,5.20,105,27.5
"Hroniss Grasu",OL,-,-,-,5.03,-,-
"Hugh Thornton",OL,4.63,7.45,27,5.11,-,-
"Ian Silberman",OL,4.87,7.90,26,5.19,111,27.5
"Isaac Asiata",OL,4.93,7.84,35,5.34,102,25.5
"Isaac Seumalo",OL,4.52,7.40,-,5.19,105,26.0
"Isaiah Prince",OL,5.02,7.90,23,5.09,115,27.0
"Isaiah Williams",OL,4.83,8.03,25,5.26,102,26.0
"J'Marcus Webb",OL,4.80,7.82,17,5.28,101,26.0
"J.C. Tretter",OL,4.69,7.48,29,5.09,109,29.5
"J.J. Dielman",OL,-,7.29,27,-,-,-
"J.P. Flynn",OL,4.73,7.50,21,5.22,102,30.5
"J.R. Sweezy",OL,4.41,7.40,21,5.01,113,36.0
"Ja'Wuan James",OL,4.56,7.42,22,5.34,103,29.0
"Jack Allen",OL,4.73,7.90,23,5.29,101,26.5
"Jack Conklin",OL,4.57,7.63,25,5.00,103,30.0
"Jack Mewhort",OL,4.64,7.79,28,5.37,100,26.0
"Jackson Barton",OL,4.66,7.85,25,5.18,109,27.0
"Jah Reid",OL,4.65,7.73,28,5.32,111,29.5
"Jahri Evans",OL,4.80,7.97,20,5.29,95,27.0
"Jake Brendel",OL,4.27,7.31,25,5.01,108,28.0
"Jake Eldrenkamp",OL,4.71,7.71,-,5.44,106,26.0
"Jake Matthews",OL,4.47,7.34,24,5.07,104,30.5
"Jake Rodgers",OL,-,-,-,5.28,-,-
"Jamarco Jones",OL,4.99,8.32,-,5.50,102,24.0
"James Carpenter",OL,-,-,23,5.22,-,-
"James Daniels",OL,4.40,7.29,21,-,108,30.5
"James Ferentz",OL,4.69,7.46,23,5.16,97,27.5
"James Hurst",OL,4.73,-,20,5.64,-,22.0
"James Stone",OL,4.63,8.16,22,5.17,105,27.5
"Jamil Demby",OL,4.95,7.86,24,5.58,98,23.5
"Jamil Douglas",OL,4.75,7.99,28,5.25,99,29.0
"Jamon Brown",OL,-,-,-,5.08,-,-
"Jared Veldheer",OL,4.51,7.40,32,5.06,109,33.5
"Jarron Jones",OL,4.77,5.14,22,5.33,102,20.5
"Jaryd Jones-Smith",OL,4.94,8.10,16,5.22,109,27.0
"Jason Kelce",OL,4.14,7.22,-,4.89,110,30.5
"Jason King",OL,4.72,7.75,35,5.35,107,31.0
"Jason Peters",OL,4.75,7.70,21,4.94,115,29.0
"Jason Spriggs",OL,4.44,7.70,31,4.94,115,31.5
"Jason Weaver",OL,5.07,8.23,23,5.44,94,21.0
"Javarius Leamon",OL,-,-,22,-,-,23.5
"Javon Patterson",OL,4.78,7.72,27,5.13,98,27.5
"Jawaan Taylor",OL,-,-,24,-,-,-
"Jeff Allen",OL,4.90,8.01,26,5.17,102,27.5
"Jerald Hawkins",OL,4.89,8.19,23,5.23,100,23.5
"Jeremiah Poutasi",OL,4.89,8.09,26,5.32,95,26.5
"Jeremiah Sirles",OL,4.86,7.63,21,5.42,102,26.0
"Jeremy Vujnovich",OL,4.64,7.57,35,4.92,107,27.5
"Jeremy Zuttah",OL,4.54,7.59,35,4.99,107,26.5
"Jermaine Eluemunor",OL,-,-,34,5.22,-,-
"Jermey Parnell",OL,-,-,-,5.11,-,-
"Jermon Bushrod",OL,4.72,-,22,4.97,102,30.5
"Jerry Ugokwe",OL,5.17,8.35,18,5.61,103,26.0
"Jessamen Dunker",OL,-,-,23,4.98,108,28.5
"Jesse Davis",OL,4.85,7.41,26,5.33,108,30.5
"Jimmy Murray",OL,-,-,-,5.16,-,-
"Joe Barksdale",OL,4.75,8.27,29,5.38,103,29.0
"Joe Berger",OL,4.68,7.77,30,5.18,96,27.0
"Joe Cheek",OL,4.96,-,20,5.51,95,23.5
"Joe Dahl",OL,4.77,7.64,28,5.18,109,31.0
"Joe Haeg",OL,4.47,7.47,-,5.16,111,27.5
"Joe Hawley",OL,4.73,7.50,35,5.21,105,26.0
"Joe Looney",OL,-,-,26,5.02,-,-
"Joe Staley",OL,-,-,27,4.78,-,-
"Joe Thomas",OL,4.88,7.95,28,4.92,110,33.0
"Joe Thuney",OL,4.54,7.47,28,4.95,110,28.5
"Joel Bitonio",OL,4.44,7.37,22,4.97,113,32.0
"Joey Hunt",OL,-,-,34,-,-,-
"John Fullington",OL,4.70,7.70,30,5.44,104,28.5
"John Greco",OL,4.82,8.03,30,5.29,108,26.0
"John Jerry",OL,4.69,7.93,31,5.15,101,27.5
"John Kling",OL,4.85,7.79,21,5.46,104,30.0
"John Miller",OL,4.75,8.20,29,5.33,104,27.0
"John Sullivan",OL,4.55,7.62,21,5.36,105,30.0
"John Theus",OL,4.78,7.90,-,5.22,103,28.0
"John Urschel",OL,4.47,7.55,30,5.31,101,29.0
"John Wetzel",OL,4.81,7.90,22,5.46,105,25.0
"Jon Feliciano",OL,4.74,-,-,5.33,97,26.5
"Jon Halapio",OL,4.83,8.26,-,5.34,100,21.5
"Jon Toth",OL,4.84,8.09,21,5.51,100,25.5
"Jonah Williams",OL,4.79,8.01,-,5.12,100,28.0
"Jonathan Cooper",OL,4.84,7.78,35,5.07,108,27.0
"Jonotthan Harrison",OL,4.86,7.97,27,5.15,112,27.0
"Jordan Devey",OL,4.77,7.91,21,5.25,98,24.0
"Jordan Mailata",OL,4.67,-,22,5.17,-,-
"Jordan Mills",OL,4.88,8.10,20,5.37,101,28.5
"Jordan Morgan",OL,4.73,8.13,21,5.36,102,27.0
"Jordan Roos",OL,4.78,7.47,41,5.27,106,28.5
"Jordan Simmons",OL,4.86,8.03,23,5.26,99,25.0
"Joseph Noteboom",OL,4.44,7.65,27,4.96,102,24.0
"Josh Allen",OL,4.56,7.65,29,5.21,114,32.0
"Josh Andrews",OL,4.64,7.40,25,5.08,96,29.5
"Josh Harris",OL,-,-,15,4.82,-,-
"Josh James",OL,-,-,26,5.39,-,-
"Josh Kline",OL,4.59,7.63,25,5.11,102,27.0
"Josh LeRibeus",OL,4.65,7.64,29,5.37,96,26.0
"Josh Sitton",OL,4.50,7.55,28,5.25,108,-
"Josh Walker",OL,4.77,8.01,23,5.24,93,27.5
"Josh Wells",OL,4.59,7.50,24,5.30,114,32.0
"Joshua Garnett",OL,4.64,7.62,30,5.32,99,29.0
"Joshua Miles",OL,4.75,8.07,23,5.32,109,36.0
"Josue Matias",OL,5.12,8.19,-,5.52,84,17.5
"Julie'n Davenport",OL,4.69,7.57,18,5.45,106,27.0
"Justin Britt",OL,4.69,8.14,23,5.19,99,23.0
"Justin McCray",OL,4.78,7.87,32,5.54,99,25.5
"Justin Murray",OL,4.79,8.01,20,4.98,116,29.5
"Justin Pugh",OL,4.63,7.45,-,5.14,103,28.5
"Justin Senior",OL,5.06,8.19,-,5.55,98,23.0
"Justin Skule",OL,4.73,7.54,22,5.31,105,25.5
"Jylan Ware",OL,4.70,7.96,-,5.04,113,29.0
"K.J. Malone",OL,4.72,7.71,15,5.34,103,29.5
"KC McDermott",OL,4.82,7.72,26,5.35,97,23.5
"Kadeem Edwards",OL,4.82,7.95,26,5.25,99,27.0
"Kahlil McKenzie",OL,4.68,7.94,26,5.15,105,29.5
"Kaleb Johnson",OL,4.93,8.00,34,5.24,106,23.0
"Kaleb McGary",OL,4.58,7.66,23,5.05,111,33.5
"Kelechi Osemele",OL,4.87,7.91,32,5.22,104,26.5
"Kelvin Beachum",OL,4.80,7.79,19,5.38,101,28.5
"Kendall Lamm",OL,-,-,-,5.27,-,-
"Kent Perkins",OL,4.69,8.06,35,5.33,106,30.5
"Kevin Bowen",OL,5.05,8.03,12,5.44,103,25.5
"Kevin Pamphile",OL,4.81,7.61,25,4.99,108,32.0
"Kevin Zeitler",OL,4.61,7.77,32,5.32,101,29.0
"Khalif Barnes",OL,4.54,7.57,26,4.97,106,35.0
"King Dunlap",OL,-,-,21,5.28,-,-
"Kofi Amichia",OL,-,-,32,5.04,114,33.5
"Kolton Miller",OL,4.49,7.34,24,4.95,121,31.5
"Korey Cunningham",OL,-,-,27,4.95,119,35.5
"Kory Lichtensteiger",OL,4.56,7.60,-,5.25,104,23.0
"Kraig Urbik",OL,4.89,7.87,29,5.37,94,24.0
"Kristjan Sokoli",OL,4.36,7.25,31,4.91,119,38.0
"Kyle Friend",OL,4.69,7.48,41,5.14,102,28.5
"Kyle Fuller",OL,3.03,4.84,23,5.24,96,26.0
"Kyle Kalis",OL,4.95,7.84,30,5.57,99,24.5
"Kyle Long",OL,4.63,7.83,-,4.94,107,28.0
"Kyle Murphy",OL,-,-,23,-,-,-
"La'el Collins",OL,4.63,7.70,21,5.12,108,27.0
"LaAdrian Waddle",OL,4.90,8.23,-,5.46,102,29.0
"Laken Tomlinson",OL,4.87,8.17,25,5.33,103,31.5
"Lamont Gaillard",OL,4.78,7.81,18,5.20,97,26.5
"Landon Turner",OL,-,-,30,5.58,88,19.0
"Lane Johnson",OL,4.52,7.31,28,4.72,118,34.0
"Lane Taylor",OL,4.72,8.41,31,5.40,96,24.5
"Larry Warford",OL,5.10,7.78,28,5.58,96,22.5
"Larson Graham",OL,4.69,7.48,24,5.06,109,28.0
"Laurence Gibson",OL,4.56,7.72,24,5.04,113,33.5
"Laurent Duvernay-Tardif",OL,-,7.30,33,5.06,112,31.5
"Le'Raven Clark",OL,-,-,20,5.16,109,30.0
"Leo Koloamatangi",OL,4.94,8.00,16,5.48,99,27.5
"Leonard Wester",OL,4.73,7.92,20,5.22,108,29.0
"Lucas Crowley",OL,4.87,7.96,30,5.43,98,26.0
"Lucas Patrick",OL,4.66,7.77,29,5.31,106,29.0
"Luke Bowanko",OL,4.75,7.53,26,5.30,99,27.0
"Luke Joeckel",OL,4.68,7.40,27,5.30,106,28.5
"Marcus Cannon",OL,4.97,8.07,33,5.26,105,30.5
"Marcus Gilbert",OL,-,-,30,5.41,-,-
"Marcus Martin",OL,-,-,23,5.38,-,-
"Mark Glowinski",OL,4.58,7.56,31,5.20,113,29.5
"Marshal Yanda",OL,4.58,7.36,23,5.20,101,27.0
"Marshall Newhouse",OL,4.60,7.40,25,4.99,97,25.0
"Martez Ivey",OL,4.99,8.16,15,5.87,103,26.5
"Martinas Rankin",OL,-,-,24,-,108,29.0
"Mason Cole",OL,4.78,7.77,23,5.23,104,23.5
"Matt Feiler",OL,4.86,8.13,36,5.37,102,26.5
"Matt Gono",OL,4.60,7.76,26,5.26,118,27.0
"Matt Kalil",OL,4.65,7.33,30,4.96,-,27.0
"Matt McCants",OL,-,-,17,5.40,97,25.5
"Matt Paradis",OL,4.46,7.60,23,5.34,103,26.0
"Matt Pryor",OL,4.90,7.87,23,5.65,96,24.5
"Matt Skura",OL,4.76,7.89,27,5.39,103,24.0
"Matt Slauson",OL,4.86,7.86,23,5.31,110,34.0
"Matt Tobin",OL,4.62,7.69,-,4.95,107,28.5
"Maurkice Pouncey",OL,4.92,7.74,-,5.25,95,-
"Maurquice Shakir",OL,5.21,8.42,30,5.63,93,24.0
"Max Garcia",OL,-,-,-,5.24,-,-
"Max Scharping",OL,4.69,7.77,27,-,108,28.0
"Max Tuerk",OL,-,-,22,-,-,-
"Max Unger",OL,4.50,7.39,22,5.26,93,24.5
"Menelik Watson",OL,5.01,8.31,-,5.29,103,24.5
"Michael Deiter",OL,4.81,7.88,21,5.23,105,28.0
"Michael Liedtke",OL,4.70,7.35,28,4.99,113,33.0
"Michael Oher",OL,4.60,7.81,21,5.34,103,30.5
"Michael Ola",OL,4.80,7.35,25,5.28,108,29.5
"Michael Schofield",OL,4.57,7.62,-,5.01,92,24.0
"Mike Adams",OL,4.95,7.94,19,5.28,100,28.5
"Mike Iupati",OL,4.93,7.85,27,5.24,92,27.5
"Mike Jordan",OL,4.71,7.71,19,5.27,116,32.5
"Mike Matthews",OL,5.01,8.09,30,5.50,95,24.5
"Mike McGlinchey",OL,-,-,24,-,105,28.5
"Mike Person",OL,4.50,7.44,21,5.19,108,28.0
"Mike Pouncey",OL,4.64,7.66,-,5.12,96,25.0
"Mike Remmers",OL,4.70,7.36,20,5.19,105,27.0
"Mitch Hyatt",OL,4.52,7.72,28,-,102,25.5
"Mitch Morse",OL,4.50,7.60,36,5.14,112,31.0
"Mitchell Schwartz",OL,4.87,7.86,23,5.38,89,26.5
"Morgan Moses",OL,4.95,7.93,-,5.35,104,21.5
"Nate Davis",OL,4.83,7.94,23,5.23,107,26.0
"Nate Herbig",OL,5.04,8.15,29,5.41,90,24.0
"Nate Solder",OL,4.34,7.44,21,4.96,110,32.0
"Nate Theaker",OL,4.89,7.97,23,5.41,105,27.0
"Nick Allegretti",OL,4.66,7.56,22,5.37,103,29.5
"Nick Becton",OL,4.57,7.77,19,5.20,109,29.5
"Nick Easton",OL,-,-,-,5.12,-,-
"Nick Gates",OL,4.68,7.61,20,5.46,94,24.0
"Nick Mangold",OL,4.40,7.48,24,5.05,104,27.5
"Nick Martin",OL,4.72,7.57,28,5.22,97,28.0
"Nico Falah",OL,4.69,7.74,21,5.13,100,32.0
"Nico Siragusa",OL,4.56,7.90,28,5.35,110,32.0
"Nila Kasitati",OL,4.83,8.30,12,5.32,107,27.5
"Oday Aboushi",OL,4.84,7.92,17,5.45,100,23.5
"Oli Udoh",OL,5.05,7.88,26,5.05,105,28.5
"Oni Omoile",OL,4.54,7.81,21,4.98,111,33.0
"Orlando Brown",OL,5.38,7.87,14,5.85,82,19.5
"Orlando Franklin",OL,-,-,26,5.11,-,28.5
"Pace Murphy",OL,4.59,7.54,27,5.21,112,30.0
"Parker Collins",OL,4.74,8.20,25,5.18,104,28.0
"Parker Ehinger",OL,-,-,-,5.26,97,27.5
"Pat Elflein",OL,4.71,7.94,22,5.32,99,23.5
"Patrick Morris",OL,4.41,7.34,37,5.14,117,35.5
"Patrick Omameh",OL,4.66,7.94,22,5.28,107,27.0
"Paul Adams",OL,4.74,7.68,16,5.18,103,27.0
"Peter Daniel",OL,4.75,8.14,21,5.19,110,27.5
"Phil Haynes",OL,4.95,7.76,33,5.20,108,31.0
"Quenton Nelson",OL,4.62,7.65,35,-,105,26.5
"Quinton Spain",OL,-,-,-,5.08,-,-
"Ramon Foster",OL,4.98,7.96,20,5.57,92,26.0
"Rashod Hill",OL,4.75,8.00,21,5.35,105,26.0
"Rees Odhiambo",OL,-,-,23,-,-,-
"Richie Incognito",OL,-,-,29,4.84,-,-
"Rick Leonard",OL,-,-,19,-,112,30.5
"Ricky Wagner",OL,4.91,7.94,20,5.17,101,31.5
"Riley Reiff",OL,4.75,7.87,23,5.16,98,26.5
"Rob Havenstein",OL,4.87,8.28,16,5.46,96,28.5
"Roderick Johnson",OL,4.94,7.92,21,4.95,103,29.5
"Roderick Taylor",OL,4.83,8.00,21,5.24,99,30.5
"Rodger Saffold",OL,4.67,7.42,27,5.21,113,29.5
"Rodney Hudson",OL,4.96,8.03,27,5.27,95,25.5
"Ronald Leary",OL,4.91,7.87,30,5.23,104,29.0
"Ronnie Stanley",OL,4.90,8.03,-,5.20,-,28.5
"Ross Pierschbacher",OL,4.70,7.83,20,5.20,-,22.5
"Roubbens Joseph",OL,4.82,8.22,13,5.45,112,31.5
"Russell Bodine",OL,4.66,8.26,42,5.18,109,29.0
"Russell Okung",OL,-,-,38,5.18,-,-
"Ryan Bates",OL,4.53,7.45,28,5.09,102,27.0
"Ryan Groy",OL,4.47,7.49,26,5.19,108,26.5
"Ryan Harris",OL,4.52,7.78,22,5.09,100,25.5
"Ryan Jensen",OL,4.56,7.69,30,5.28,98,25.5
"Ryan Kalil",OL,4.34,7.50,34,4.96,104,26.0
"Ryan Kelly",OL,4.59,7.58,26,5.03,103,30.0
"Ryan Pope",OL,5.09,7.85,25,5.08,98,28.5
"Ryan Ramczyk",OL,-,-,25,-,-,-
"Ryan Schraeder",OL,4.62,7.47,24,5.18,110,31.5
"Salesi Uhatafe",OL,4.90,7.70,20,5.40,109,28.0
"Sam Jones",OL,4.86,7.92,28,5.32,101,27.0
"Sam Tevi",OL,4.60,-,15,5.27,107,26.0
"Sam Young",OL,4.87,7.73,29,5.24,104,29.5
"Scott Quessenberry",OL,4.69,7.50,25,5.09,111,33.5
"Sean Harlow",OL,4.81,8.16,26,5.15,105,30.5
"Sean Hickey",OL,4.75,7.75,35,5.44,104,27.0
"Sean Welsh",OL,4.81,7.90,20,5.43,103,25.0
"Seantrel Henderson",OL,4.77,8.15,-,5.04,93,24.0
"Sebastian Tretola",OL,5.02,7.94,22,5.45,90,23.5
"Senio Kelemete",OL,4.58,7.77,21,5.39,101,25.0
"Shane McDermott",OL,-,-,-,5.38,-,-
"Shaq Calhoun",OL,4.62,7.46,26,5.07,105,28.5
"Shaquille Mason",OL,-,-,-,4.99,-,-
"Shawn Lauvao",OL,4.51,7.56,33,5.22,101,26.5
"Shon Coleman",OL,-,-,22,-,-,-
"Skyler Phillips",OL,4.69,7.95,-,5.10,104,29.0
"Spencer Drango",OL,4.66,7.88,30,5.27,100,27.0
"Spencer Long",OL,-,-,28,-,-,-
"Spencer Pulley",OL,4.48,7.39,28,5.15,112,28.5
"Stefen Wisniewski",OL,4.63,7.51,30,5.29,100,28.5
"Stephane Nembot",OL,5.15,8.55,32,5.39,103,26.5
"Steven Moore",OL,4.52,7.69,15,5.36,101,26.0
"Storm Norton",OL,4.64,7.40,15,5.62,106,28.5
"Sua Opeta",OL,4.94,8.06,39,5.02,112,33.0
"T.J. Clemmings",OL,4.54,7.68,22,5.14,111,32.5
"T.J. Johnson",OL,4.74,7.83,32,5.33,96,25.5
"T.J. Lang",OL,4.42,-,30,5.20,-,26.5
"Taylor Decker",OL,4.76,7.70,20,5.23,101,29.0
"Taylor Hart",OL,-,-,21,4.92,-,-
"Taylor Hearn",OL,4.80,7.84,18,5.45,96,24.0
"Taylor Lewan",OL,4.49,7.39,29,4.87,116,30.5
"Taylor Moton",OL,4.58,7.73,23,5.18,109,30.5
"Ted Karras",OL,4.70,8.15,32,5.39,106,26.5
"Ted Larsen",OL,4.66,7.81,26,5.19,96,24.0
"Terron Armstead",OL,4.72,7.62,31,4.71,112,34.5
"Terry Poole",OL,4.66,7.90,25,5.09,113,31.0
"Tim Barnes",OL,4.42,7.19,26,5.22,105,31.5
"Timon Parris",OL,5.07,8.39,27,5.62,-,-
"Toby Weathersby",OL,5.38,8.55,28,5.34,106,24.5
"Tom Compton",OL,4.60,7.59,20,5.01,108,30.0
"Tony Adams",OL,4.89,8.13,21,5.52,100,25.5
"Tony Bergstrom",OL,4.84,7.95,32,5.19,101,29.5
"Trai Turner",OL,-,-,25,4.93,-,27.5
"Travis Averill",OL,4.67,7.73,23,5.44,100,27.5
"Travis Frederick",OL,4.76,7.81,21,5.58,97,28.5
"Travis Swanson",OL,4.65,7.73,20,5.28,93,26.0
"Trent Brown",OL,4.78,8.23,20,5.29,97,23.5
"Trent Williams",OL,4.63,7.64,23,4.81,113,34.5
"Trenton Scott",OL,4.94,7.97,15,5.41,102,26.0
"Trevon Tate",OL,4.80,7.73,22,5.31,108,28.5
"Trey Hopkins",OL,4.74,8.06,28,5.29,110,-
"Trey Pipkins",OL,4.70,7.61,16,5.12,114,33.5
"Ty Sambrailo",OL,4.58,7.54,23,5.36,97,29.0
"Tyler Catalina",OL,4.82,8.02,29,5.46,102,31.0
"Tyler Johnstone",OL,4.60,7.31,24,5.21,104,30.5
"Tyler Jones",OL,4.82,7.75,23,-,111,31.5
"Tyler Larsen",OL,4.70,8.22,36,5.17,101,23.5
"Tyler Marz",OL,4.97,8.38,19,5.54,99,27.5
"Tyler Orlosky",OL,-,-,24,-,-,-
"Tyler Roemer",OL,4.76,7.75,18,5.21,108,30.5
"Tyler Shatley",OL,4.66,7.95,40,5.22,110,30.5
"Tyreek Burwell",OL,4.79,-,30,5.05,109,32.5
"Tyrell Crosby",OL,4.77,7.89,17,5.23,105,30.0
"Tyron Smith",OL,-,-,29,5.08,-,-
"Tyrus Thompson",OL,4.92,-,29,5.35,97,29.0
"Tytus Howard",OL,4.87,8.34,21,5.05,103,29.5
"Ulrick John",OL,4.62,7.20,20,5.07,107,30.0
"Vadal Alexander",OL,4.90,8.04,25,5.57,95,24.0
"Valerian Ume-Ezeoke",OL,-,-,-,5.45,-,-
"Victor Salako",OL,5.10,8.47,24,5.52,96,23.0
"Vinston Painter",OL,4.56,7.71,32,4.95,97,30.5
"Vladimir Ducasse",OL,4.97,8.25,29,5.21,91,26.0
"Wes Martin",OL,4.82,7.56,38,5.46,113,28.5
"Wes Schweitzer",OL,4.73,7.80,28,5.20,108,27.5
"Wesley Johnson",OL,4.64,7.40,26,5.11,111,29.0
"Weston Richburg",OL,4.63,7.93,25,5.10,104,25.5
"Will Beatty",OL,4.77,7.62,27,5.12,107,33.5
"Will Clapp",OL,4.92,8.04,25,5.39,97,29.0
"Will Hernandez",OL,4.70,7.59,37,5.15,104,31.5
"Will Holden",OL,4.72,7.71,23,5.41,111,28.0
"Will Richardson",OL,4.83,7.80,16,5.26,108,24.0
"William Poehls",OL,4.69,7.88,23,5.43,101,28.0
"William Sweet",OL,5.00,8.01,23,5.27,111,30.5
"Willie Beavers",OL,4.71,7.96,20,5.28,103,25.5
"Wyatt Teller",OL,4.84,7.45,30,5.24,114,29.0
"Xavier Su'a-Filo",OL,4.44,7.60,25,5.04,101,25.0
"Yodny Cajuste",OL,-,-,32,-,-,-
"Yosh Nijman",OL,4.50,8.07,27,4.93,114,30.5
"Zac Kerin",OL,4.82,7.55,30,5.35,103,25.5
"Zach Banner",OL,5.21,-,22,5.58,92,23.5
"Zach Crabtree",OL,4.91,7.98,25,5.35,86,21.5
"Zach Fulton",OL,5.16,7.87,25,5.16,98,24.5
"Zach Sterup",OL,4.79,7.51,27,5.09,104,28.0
"Zach Strief",OL,4.85,8.02,19,5.38,94,21.0
"Zack Bailey",OL,4.88,7.71,24,5.26,103,28.0
"Zack Martin",OL,4.59,7.65,29,-,106,28.0
"Zane Beadles",OL,-,-,27,5.28,-,-
