"Full Name",Position,BMI,"Draft Pick","Height (Inches)",Weight,Age,"Birth Date","Hand Size","Arm Length",Height,Team
"A.C. Leonard",TE,32.4,Undrafted,74,"252 lbs",27.2,1/15/92,"9 1/4","33    ","6' 2""",-
"A.J. Derby",TE,31.0,6.26,76,"255 lbs",27.5,9/20/91,"9 1/2","30 1/2","6' 4""",-
"Adam Shaheen",TE,32.1,2.13,78,"278 lbs",24.4,10/24/94,"9 5/8","33 1/2","6' 6""","Chicago Bears"
"Adam Zaruba",TE,31.4,Undrafted,77,"265 lbs",28.0,3/31/91,-,-,"6' 5""",-
"Adrien Robinson",TE,32.1,4.32,76,"264 lbs",30.5,9/23/88,-,-,"6' 4""",-
"Alan Cross",TE,31.7,Undrafted,73,"240 lbs",25.9,5/2/93,"9 1/4","31 3/4","6' 1""",-
"Alex Bayer",TE,31.4,Undrafted,76,"258 lbs",28.4,11/8/90,"9 3/4","32 5/8","6' 4""",-
"Alex Ellis",TE,30.8,Undrafted,76,"253 lbs",26.1,2/10/93,"9 1/2","32 1/8","6' 4""",-
"Alex Gray",TE,28.1,Undrafted,76,"231 lbs",27.9,5/1/91,-,-,"6' 4""","Atlanta Falcons"
"Alize Mack",TE,30.3,-,76,"249 lbs",22.0,3/29/97,"9 3/8","33 3/4","6' 4""",-
"Andre Hardy",TE,28.3,Undrafted,78,"245 lbs",32.0,3/18/87,-,-,"6' 6""",-
"Andrew Quarless",TE,30.7,5.23,76,"252 lbs",30.5,10/6/88,"10 1/4","34    ","6' 4""",-
"Andrew Vollert",TE,27.6,Undrafted,78,"239 lbs",24.0,3/15/95,"9 1/4","30 3/8","6' 6""","Cincinnati Bengals"
"Anthony Denham",TE,29.4,Undrafted,75,"235 lbs",27.7,7/21/91,"10 1/2","33 3/8","6' 3""",-
"Anthony Fasano",TE,31.0,2.21,76,"255 lbs",34.9,4/20/84,-,-,"6' 4""",-
"Anthony Firkser",TE,31.6,Undrafted,74,"246 lbs",24.1,2/19/95,"9 7/8","31 1/4","6' 2""","Tennessee Titans"
"Anthony McCoy",TE,31.5,6.16,76,"259 lbs",31.2,12/28/87,"10 3/8","34    ","6' 4""",-
"Antonio Gates",TE,31.0,Undrafted,76,"255 lbs",38.8,6/18/80,-,-,"6' 4""",-
"Antony Auclair",TE,30.4,Undrafted,77,"256 lbs",25.8,5/28/93,"10 7/8","34 1/4","6' 5""","Tampa Bay Buccaneers"
"Arthur Lynch",TE,30.6,5.15,77,"258 lbs",28.8,6/17/90,"10 1/8","32 1/2","6' 5""",-
"Asa Watson",TE,30.7,Undrafted,74,"239 lbs",28.6,8/2/90,"9 1/2","32 5/8","6' 2""",-
"Asante Cleveland",TE,30.9,Undrafted,77,"261 lbs",27.0,3/21/92,"10 1/4","34 3/4","6' 5""",-
"Austin Hooper",TE,30.9,3.18,76,"254 lbs",24.4,10/30/94,"10 5/8","33 3/4","6' 4""","Atlanta Falcons"
"Austin Roberts",TE,30.0,Undrafted,74,"234 lbs",23.3,12/3/95,"10    ","31 1/2","6' 2""","Los Angeles Chargers"
"Austin Seferian-Jenkins",TE,30.3,2.06,78,"262 lbs",26.5,9/29/92,"9 3/4","33 3/4","6' 6""",-
"Austin Traylor",TE,31.2,Undrafted,75,"250 lbs",25.6,9/3/93,"9 1/8","33 1/4","6' 3""",-
"Barrett Burns",TE,31.1,Undrafted,75,"249 lbs",25.0,3/16/94,"8 3/4","31 5/8","6' 3""",-
"Beau Gardner",TE,29.2,Undrafted,76,"240 lbs",29.2,12/27/89,"9 7/8","31 1/2","6' 4""",-
"Beau Sandland",TE,30.8,7.31,76,"253 lbs",26.1,2/23/93,"10 1/8","34 1/4","6' 4""",-
"Ben Braunecker",TE,31.2,Undrafted,75,"250 lbs",25.1,2/7/94,"9 1/2","32 3/4","6' 3""","Chicago Bears"
"Ben Johnson",TE,29.9,Undrafted,76,"246 lbs",24.7,7/28/94,"9 3/4","30 1/2","6' 4""",-
"Ben Koyack",TE,30.2,7.12,77,"255 lbs",26.0,4/9/93,"10 3/4","32 5/8","6' 5""","Jacksonville Jaguars"
"Ben Watson",TE,31.9,1.32,75,"255 lbs",38.3,12/18/80,"10    ","33    ","6' 3""",-
"Billy Brown",TE,31.0,Undrafted,76,"255 lbs",26.0,3/20/93,"10 3/8","33    ","6' 4""","Indianapolis Colts"
"Billy Freeman",TE,30.3,Undrafted,74,"236 lbs",25.5,9/10/93,"9 1/4","30 1/2","6' 2""",-
"Blake Annen",TE,30.1,Undrafted,76,"247 lbs",27.8,5/28/91,"9 7/8","33    ","6' 4""",-
"Blake Bell",TE,29.1,4.18,78,"252 lbs",27.6,8/7/91,"10    ","33 1/8","6' 6""",-
"Blake Jackson",TE,28.0,Undrafted,76,"230 lbs",27.8,6/5/91,"9 1/4","33 7/8","6' 4""",-
"Blake Jarwin",TE,29.2,Undrafted,77,"246 lbs",24.7,7/16/94,"9 7/8","34 1/8","6' 5""","Dallas Cowboys"
"Blake Mack",TE,30.2,Undrafted,74,"235 lbs",22.9,4/24/96,"9 1/2","33    ","6' 2""",-
"Braedon Bowman",TE,30.0,Undrafted,75,"240 lbs",25.1,1/30/94,"9 3/4","31 1/8","6' 3""",-
"Brandon Barnes",TE,30.2,Undrafted,77,"255 lbs",24.8,5/31/94,"10 3/4","35    ","6' 5""",-
"Brandon Bostick",TE,30.6,Undrafted,75,"245 lbs",29.9,5/3/89,-,"34 1/8","6' 3""",-
"Brandon Myers",TE,30.4,6.29,76,"250 lbs",33.6,9/4/85,-,-,"6' 4""",-
"Brandon Pettigrew",TE,31.4,1.20,77,"265 lbs",34.1,2/23/85,"10 3/4","34 7/8","6' 5""",-
"Brandon Williams",TE,30.4,Undrafted,76,"250 lbs",31.5,10/12/87,-,-,"6' 4""",-
"Braxton Deaver",TE,29.9,Undrafted,76,"246 lbs",26.9,5/8/92,"9 1/4","31 1/4","6' 4""",-
"Brent Celek",TE,31.0,5.25,76,"255 lbs",34.2,1/25/85,"10 1/8","31 3/8","6' 4""",-
"Brian Parker",TE,31.6,Undrafted,76,"260 lbs",26.8,5/30/92,"10 1/8","33 1/2","6' 4""",-
"Bryce Williams",TE,29.7,Undrafted,78,"257 lbs",26.1,2/24/93,"9 5/8","33 5/8","6' 6""",-
"Bucky Hodges",TE,29.7,6.17,78,"257 lbs",23.6,8/8/95,"10 1/8","32 1/2","6' 6""","Pittsburgh Steelers"
"C.J. Conrad",TE,30.3,-,76,"249 lbs",22.9,5/9/96,"9 1/4","31    ","6' 4""",-
"C.J. Fiedorowicz",TE,30.6,3.01,78,"265 lbs",27.4,10/22/91,"10 1/4","33    ","6' 6""",-
"C.J. Uzomah",TE,31.2,5.21,77,"263 lbs",26.2,1/14/93,"9 3/8","34 1/8","6' 5""","Cincinnati Bengals"
"Caleb Wilson",TE,29.2,-,76,"240 lbs",22.7,7/15/96,"9 3/4","33    ","6' 4""",-
"Cam Serigne",TE,30.8,Undrafted,74,"240 lbs",24.6,8/6/94,"9    ","32 1/8","6' 2""",-
"Cameron Brate",TE,27.9,Undrafted,77,"235 lbs",27.7,7/3/91,"9 7/8","31 3/4","6' 5""","Tampa Bay Buccaneers"
"Cameron Clear",TE,32.8,Undrafted,77,"277 lbs",26.1,2/25/93,"9 5/8","33 5/8","6' 5""",-
"Casey Pierce",TE,30.5,Undrafted,75,"244 lbs",27.6,8/21/91,"9 3/8","31 3/8","6' 3""",-
"Cethan Carter",TE,30.1,Undrafted,75,"241 lbs",25.5,9/5/93,"9    ","32 3/8","6' 3""","Cincinnati Bengals"
"Charles Clay",TE,31.2,6.09,75,"250 lbs",30.1,2/13/89,"9 1/2","33    ","6' 3""","Arizona Cardinals"
"Chase Coffman",TE,29.7,3.34,78,"257 lbs",32.4,11/10/86,"9 3/4","33 1/2","6' 6""",-
"Chase Dixon",TE,29.0,Undrafted,76,"238 lbs",27.8,5/30/91,-,-,"6' 4""",-
"Chase Ford",TE,28.3,Undrafted,78,"245 lbs",28.7,7/19/90,"10 1/4","33    ","6' 6""",-
"Chris Bazile",TE,30.4,Undrafted,76,"250 lbs",25.4,10/25/93,-,-,"6' 4""",-
"Chris Coyle",TE,30.4,Undrafted,75,"243 lbs",28.0,3/25/91,"9 1/4","32 3/8","6' 3""",-
"Chris Gragg",TE,30.5,7.16,75,"244 lbs",28.7,6/30/90,"9    ","33 5/8","6' 3""",-
"Chris Herndon",TE,30.8,4.07,76,"253 lbs",23.1,2/23/96,"9 3/4","32 3/4","6' 4""","New York Jets"
"Chris Manhertz",TE,28.2,Undrafted,77,"238 lbs",27.0,4/10/92,-,-,"6' 5""","Carolina Panthers"
"Christian Scotland-Williamson",TE,29.5,Undrafted,81,"275 lbs",25.7,7/5/93,-,-,"6' 9""","Pittsburgh Steelers"
"Clay Harbor",TE,31.5,4.27,75,"252 lbs",31.7,7/2/87,"9 1/2","32 5/8","6' 3""",-
"Clive Walford",TE,30.5,3.04,76,"251 lbs",27.4,10/21/91,"10 1/4","34    ","6' 4""","Miami Dolphins"
"Coby Fleener",TE,28.5,2.02,78,"247 lbs",30.5,9/20/88,"10    ","33 3/8","6' 6""",-
"Cole Hikutini",TE,30.1,Undrafted,76,"247 lbs",24.8,6/10/94,"10    ","32 3/4","6' 4""","Minnesota Vikings"
"Cole Hunt",TE,29.3,Undrafted,78,"254 lbs",24.8,5/30/94,"9    ","32 1/4","6' 6""",-
"Cole Wick",TE,30.4,Undrafted,77,"256 lbs",25.3,11/30/93,"10 3/8","33 3/4","6' 5""","Tennessee Titans"
"Colin Thompson",TE,30.9,Undrafted,76,"254 lbs",25.3,12/15/93,"10 7/8","32 3/4","6' 4""",-
"Colt Lyerla",TE,29.5,Undrafted,76,"242 lbs",26.4,11/13/92,"10 1/4","32 3/4","6' 4""",-
"Cooper Helfet",TE,29.9,Undrafted,75,"239 lbs",29.8,6/2/89,-,-,"6' 3""",-
"Craig Stevens",TE,33.5,3.22,75,"268 lbs",34.6,9/1/84,-,"31 1/4","6' 3""",-
"Crockett Gillmore",TE,30.0,3.35,78,"260 lbs",27.4,11/16/91,"10 3/8","33 3/4","6' 6""",-
"D.J. Williams",TE,31.5,5.10,74,"245 lbs",30.5,9/10/88,"10 1/4","31 1/2","6' 2""",-
"Dallas Goedert",TE,30.4,2.17,77,"256 lbs",24.2,1/3/95,"9 1/4","32 7/8","6' 5""","Philadelphia Eagles"
"Dalton Schultz",TE,28.9,4.37,77,"244 lbs",22.7,7/11/96,"9 1/4","31 3/4","6' 5""","Dallas Cowboys"
"Damon Gibson",TE,29.2,Undrafted,76,"240 lbs",22.9,4/24/96,-,-,"6' 4""",-
"Dan Arnold",TE,26.3,Undrafted,77,"222 lbs",24.0,3/15/95,"9 5/8","32 1/8","6' 5""","New Orleans Saints"
"Daniel Brown",TE,26.9,Undrafted,77,"227 lbs",26.8,5/26/92,"9 7/8","34 5/8","6' 5""",-
"Daniel Fells",TE,31.6,Undrafted,76,"260 lbs",35.5,9/23/83,-,-,"6' 4""",-
"Daniel Helm",TE,30.3,-,76,"249 lbs",23.9,4/20/95,"9 1/2","33 3/8","6' 4""",-
"Dante Rosario",TE,31.2,5.18,75,"250 lbs",34.4,10/25/84,"9 5/8","32 3/4","6' 3""",-
"Darion Griswold",TE,31.2,Undrafted,75,"250 lbs",26.3,12/23/92,-,-,"6' 3""",-
"Darrell Daniels",TE,30.9,Undrafted,75,"247 lbs",24.3,11/22/94,"10 1/4","34 1/2","6' 3""","Arizona Cardinals"
"Darren Fells",TE,31.7,Undrafted,79,"281 lbs",32.9,4/22/86,-,-,"6' 7""",-
"Darren Waller",TE,27.5,6.28,78,"238 lbs",26.5,9/13/92,"9    ","33 1/4","6' 6""","Oakland Raiders"
"David Ausberry",TE,29.4,7.38,75,"235 lbs",31.5,9/25/87,-,-,"6' 3""",-
"David Grinnage",TE,29.4,Undrafted,77,"248 lbs",26.1,2/24/93,"10 1/8","34 1/2","6' 5""",-
"David Morgan",TE,31.9,6.13,76,"262 lbs",25.8,5/19/93,"10 1/2","33 5/8","6' 4""","Minnesota Vikings"
"David Njoku",TE,29.9,1.29,76,"246 lbs",22.7,7/10/96,"10    ","35 1/4","6' 4""","Cleveland Browns"
"David Paulson",TE,30.1,7.33,75,"241 lbs",30.1,2/22/89,"10 1/8","32 3/4","6' 3""",-
"David Wells",TE,29.5,Undrafted,78,"255 lbs",23.9,5/2/95,"9 5/8","32 1/4","6' 6""","Kansas City Chiefs"
"David Wright",TE,29.9,Undrafted,77,"252 lbs",28.0,3/21/91,"9 3/8","32 1/2","6' 5""",-
"Dawson Knox",TE,30.9,-,76,"254 lbs",22.4,11/14/96,"9 3/4","33 1/2","6' 4""",-
"Dax Raymond",TE,30.2,-,77,"255 lbs",-,-,"10 1/4","32 5/8","6' 5""",-
"DeAndre Goolsby",TE,29.2,Undrafted,76,"240 lbs",22.8,6/12/96,"10 5/8","32 3/4","6' 4""",-
"Delanie Walker",TE,31.9,6.06,73,"242 lbs",34.6,8/12/84,-,"32    ","6' 1""","Tennessee Titans"
"Demetrius Harris",TE,26.5,Undrafted,79,"235 lbs",27.7,7/29/91,-,"34 1/4","6' 7""","Cleveland Browns"
"Dennis Pitta",TE,29.9,4.16,76,"246 lbs",33.7,7/29/85,"10    ","32 1/4","6' 4""",-
"Deon Yelder",TE,31.9,Undrafted,75,"255 lbs",24.1,3/6/95,"10 1/8","33    ","6' 3""","Kansas City Chiefs"
"Derek Carrier",TE,30.1,Undrafted,75,"241 lbs",28.7,7/25/90,-,"32    ","6' 3""","Oakland Raiders"
"Derrick Griffin",TE,28.7,Undrafted,78,"248 lbs",25.6,9/3/93,"8 7/8","33 3/4","6' 6""",-
"Devin Mahina",TE,30.4,Undrafted,77,"256 lbs",30.2,1/6/89,"10 1/4","33 3/4","6' 5""",-
"Devon Cajuste",TE,28.5,Undrafted,76,"234 lbs",26.1,1/31/93,"10 3/4","33    ","6' 4""",-
"Dion Sims",TE,31.1,4.09,77,"262 lbs",28.1,2/18/91,"10 1/2","33 1/8","6' 5""",-
"Dominique Jones",TE,33.7,Undrafted,75,"270 lbs",31.6,8/15/87,-,-,"6' 3""",-
"Donnie Ernsberger",TE,30.1,Undrafted,75,"241 lbs",22.4,10/13/96,"9 3/4","31 5/8","6' 3""","Tampa Bay Buccaneers"
"Drew Sample",TE,30.2,-,77,"255 lbs",22.9,4/16/96,"9 5/8","33 3/8","6' 5""",-
"Durham Smythe",TE,30.0,4.23,77,"253 lbs",23.6,8/9/95,"10 3/4","32 1/2","6' 5""","Miami Dolphins"
"Dustin Keller",TE,32.1,1.30,74,"250 lbs",34.5,9/25/84,-,"32 3/8","6' 2""",-
"Dwayne Allen",TE,31.9,3.01,75,"255 lbs",29.1,2/24/90,"9 5/8","33    ","6' 3""","Miami Dolphins"
"E.J. Bibbs",TE,29.8,Undrafted,78,"258 lbs",27.6,8/28/91,"10 1/4","33 1/8","6' 6""",-
"Ed Dickson",TE,31.0,3.06,76,"255 lbs",31.7,7/25/87,"9 3/4","33    ","6' 4""","Seattle Seahawks"
"Emanuel Byrd",TE,30.7,Undrafted,74,"239 lbs",24.3,12/9/94,"9 3/8","33    ","6' 2""",-
"Eric Ebron",TE,30.4,1.10,76,"250 lbs",26.0,4/10/93,"10    ","33 1/4","6' 4""","Indianapolis Colts"
"Eric Frohnapfel",TE,27.7,Undrafted,78,"240 lbs",26.4,10/19/92,"10 1/4","34 1/8","6' 6""",-
"Eric Saubert",TE,30.0,5.31,77,"253 lbs",24.9,5/1/94,"10 3/8","33 1/2","6' 5""","Atlanta Falcons"
"Eric Tomlinson",TE,30.4,Undrafted,78,"263 lbs",26.9,4/22/92,"10    ","32 7/8","6' 6""",-
"Eric Waters",TE,30.5,Undrafted,75,"244 lbs",27.7,7/29/91,"9 5/8","33 3/4","6' 3""",-
"Erik Swoope",TE,30.5,Undrafted,77,"257 lbs",26.9,5/8/92,-,-,"6' 5""",-
"Ethan Wolf",TE,29.1,Undrafted,78,"252 lbs",23.4,11/7/95,"8 7/8","32 1/2","6' 6""",-
"Evan Baylis",TE,28.9,Undrafted,77,"244 lbs",25.3,11/18/93,"9    ","32 1/2","6' 5""","Green Bay Packers"
"Evan Engram",TE,29.2,1.23,75,"234 lbs",24.6,9/2/94,"10    ","33 1/2","6' 3""","New York Giants"
"Evan Wilson",TE,29.2,Undrafted,78,"253 lbs",27.1,2/13/92,"10    ","33 1/2","6' 6""",-
"Foster Moreau",TE,30.8,-,76,"253 lbs",21.9,5/6/97,"9 5/8","33 1/2","6' 4""",-
"Fred Davis",TE,30.1,2.17,76,"247 lbs",33.2,1/15/86,-,"33 1/4","6' 4""",-
"Gabe Holmes",TE,30.8,Undrafted,77,"260 lbs",28.0,3/29/91,"10 1/8","33    ","6' 5""","Indianapolis Colts"
"Garrett Celek",TE,29.9,Undrafted,77,"252 lbs",30.8,5/29/88,-,"31 1/8","6' 5""","San Francisco 49ers"
"Garrett Dickerson",TE,31.3,Undrafted,74,"244 lbs",23.2,12/30/95,"9    ","32 3/8","6' 2""","New York Giants"
"Garrett Graham",TE,30.4,4.20,75,"243 lbs",32.6,8/4/86,"9 1/2","32    ","6' 3""",-
"Garrett Griffin",TE,28.8,Undrafted,76,"237 lbs",25.1,3/3/94,"9 1/2","32    ","6' 4""","New Orleans Saints"
"Gary Barnidge",TE,28.9,5.06,78,"250 lbs",33.5,9/22/85,-,"32    ","6' 6""",-
"Gator Hoskins",TE,32.5,Undrafted,74,"253 lbs",27.3,12/19/91,"9 3/4","32 7/8","6' 2""",-
"Gavin Escobar",TE,29.3,2.15,78,"254 lbs",28.1,2/3/91,"9 3/4","33 5/8","6' 6""",-
"Geoff Swaim",TE,29.5,7.29,76,"242 lbs",25.5,9/16/93,"10    ","33 5/8","6' 4""","Jacksonville Jaguars"
"George Kittle",TE,30.1,5.02,76,"247 lbs",25.5,10/9/93,"9 1/4","33 1/8","6' 4""","San Francisco 49ers"
"Gerald Christian",TE,30.5,7.39,75,"244 lbs",25.6,8/26/93,"10 3/4","32 1/2","6' 3""",-
"Gerald Everett",TE,29.9,2.12,75,"239 lbs",24.7,6/25/94,"8 1/2","33    ","6' 3""","Los Angeles Rams"
"Gerell Robinson",TE,27.7,Undrafted,75,"222 lbs",29.4,10/13/89,"10 1/8","33    ","6' 3""",-
"Greg Olsen",TE,29.5,1.31,78,"255 lbs",34.0,3/11/85,"9 5/8","32 3/8","6' 6""","Carolina Panthers"
"Hakeem Valles",TE,30.2,Undrafted,75,"242 lbs",26.3,11/23/92,"9 3/4","33 3/8","6' 3""",-
"Harold Spears",TE,31.0,Undrafted,76,"255 lbs",27.0,3/9/92,"9 7/8","32    ","6' 4""",-
"Hayden Hurst",TE,29.6,1.25,77,"250 lbs",25.6,8/24/93,"9 3/4","32 1/8","6' 5""","Baltimore Ravens"
"Hayden Plinke",TE,32.1,Undrafted,76,"264 lbs",26.3,12/9/92,"10    ","32 1/2","6' 4""",-
"Heath Miller",TE,30.4,1.30,77,"256 lbs",36.4,10/22/82,"10 3/4","33    ","6' 5""",-
"Henry Krieger-Coble",TE,31.1,Undrafted,75,"249 lbs",26.8,6/12/92,"9 5/8","32 1/2","6' 3""",-
"Hunter Henry",TE,29.6,2.04,77,"250 lbs",24.3,12/7/94,"9 1/4","32 3/4","6' 5""","Los Angeles Chargers"
"Ian Thomas",TE,31.5,4.01,76,"259 lbs",22.8,6/6/96,"11 1/2","34 1/8","6' 4""","Carolina Panthers"
"Ifeanyi Momah",TE,27.9,Undrafted,79,"248 lbs",29.4,10/23/89,-,-,"6' 7""",-
"Irv Smith",TE,31.1,-,74,"242 lbs",20.6,8/9/98,"9 1/2","31 1/2","6' 2""",-
"Isaac Nauta",TE,30.5,-,75,"244 lbs",21.8,5/21/97,"9 3/8","31 7/8","6' 3""",-
"J.P. Holtz",TE,29.7,Undrafted,75,"238 lbs",25.6,8/28/93,"10 1/4","31 1/4","6' 3""",Washington
"Jace Amaro",TE,31.4,2.17,77,"265 lbs",26.7,6/26/92,"9    ","34    ","6' 5""",-
"Jace Sternberger",TE,30.5,-,76,"251 lbs",22.7,6/26/96,"9 3/4","32 1/8","6' 4""",-
"Jack Doyle",TE,30.1,Undrafted,77,"254 lbs",28.9,5/5/90,"9 3/8","32 1/8","6' 5""","Indianapolis Colts"
"Jacob Hollister",TE,29.9,Undrafted,75,"239 lbs",25.3,11/18/93,"9 3/4","30 7/8","6' 3""","New England Patriots"
"Jacob Maxwell",TE,30.3,Undrafted,76,"249 lbs",28.2,1/4/91,"10 1/8","32    ","6' 4""",-
"Jacob Pedersen",TE,29.0,Undrafted,76,"238 lbs",27.9,4/27/91,"9    ","31 3/4","6' 4""",-
"Jacob Tamme",TE,29.5,4.28,75,"236 lbs",34.0,3/15/85,-,"32    ","6' 3""",-
"Jaeden Graham",TE,30.4,Undrafted,76,"250 lbs",23.5,10/10/95,-,-,"6' 4""","Atlanta Falcons"
"Jake Ballard",TE,29.6,Undrafted,78,"256 lbs",31.3,12/21/87,-,-,"6' 6""",-
"Jake Butt",TE,29.2,5.01,77,"246 lbs",23.7,7/11/95,"10    ","32    ","6' 5""","Denver Broncos"
"Jake McGee",TE,29.6,Undrafted,77,"250 lbs",27.5,9/19/91,"9 5/8","32 3/8","6' 5""","Pittsburgh Steelers"
"Jake Murphy",TE,30.3,Undrafted,76,"249 lbs",29.5,9/21/89,"10    ","31 3/4","6' 4""",-
"Jake Roh",TE,30.2,Undrafted,74,"235 lbs",23.5,9/24/95,"9 3/8","30 5/8","6' 2""",-
"Jake Sinkovec",TE,29.6,Undrafted,76,"243 lbs",28.1,2/18/91,"9 1/2","30 5/8","6' 4""",-
"Jake Stoneburner",TE,31.1,Undrafted,75,"249 lbs",29.6,8/25/89,"9 3/8","32 1/4","6' 3""",-
"James Casey",TE,30.0,5.16,75,"240 lbs",34.5,9/22/84,-,"30 5/8","6' 3""",-
"James Hanna",TE,30.3,6.16,76,"249 lbs",29.7,7/14/89,"9 7/8","33 1/8","6' 4""",-
"James O'Shaughnessy",TE,30.2,5.37,76,"248 lbs",27.2,1/14/92,"9 3/4","32 1/8","6' 4""",-
"Jared Cook",TE,29.4,3.25,77,"248 lbs",32.0,4/7/87,"10 1/4","35 3/4","6' 5""",-
"Jason Croom",TE,29.2,Undrafted,77,"246 lbs",25.1,2/28/94,"9 5/8","33 3/8","6' 5""","Buffalo Bills"
"Jason Vander Laan",TE,30.4,Undrafted,75,"243 lbs",26.5,9/22/92,"9 5/8","31 1/2","6' 3""","Carolina Panthers"
"Jason Witten",TE,30.2,3.05,78,"261 lbs",36.9,5/6/82,-,-,"6' 6""","Dallas Cowboys"
"Je'Ron Hamm",TE,29.5,Undrafted,75,"236 lbs",26.8,6/15/92,"9 1/4","33    ","6' 3""",-
"Jean Sifrin",TE,29.0,Undrafted,77,"245 lbs",31.7,7/23/87,"11    ","33 3/8","6' 5""",-
"Jeff Cumberland",TE,31.6,Undrafted,76,"260 lbs",31.9,5/2/87,-,-,"6' 4""",-
"Jeff Heuerman",TE,30.1,3.28,77,"254 lbs",26.3,11/24/92,"10 1/8","33 1/4","6' 5""","Denver Broncos"
"Jerell Adams",TE,29.3,6.09,77,"247 lbs",26.2,12/31/92,"9 3/4","34 3/8","6' 5""","Houston Texans"
"Jeremy Eddington",TE,33.0,Undrafted,73,"250 lbs",26.6,8/7/92,"9 3/8","32 5/8","6' 1""",-
"Jeremy Sprinkle",TE,29.9,5.10,77,"252 lbs",24.6,8/10/94,"10 3/4","34 1/2","6' 5""",Washington
"Jermaine Gresham",TE,30.2,1.21,78,"261 lbs",30.8,6/16/88,"9 5/8","34 3/4","6' 6""",-
"Jermichael Finley",TE,30.1,3.28,76,"247 lbs",32.0,3/26/87,-,-,"6' 4""",-
"Jerome Cunningham",TE,31.2,Undrafted,75,"250 lbs",27.8,5/25/91,-,-,"6' 3""",-
"Jesse James",TE,29.4,5.24,79,"261 lbs",24.8,6/4/94,"9 3/8","33    ","6' 7""","Detroit Lions"
"Jevoni Robinson",TE,26.4,Undrafted,80,"240 lbs",26.4,11/16/92,-,-,"6' 8""",-
"Jim Dray",TE,30.2,7.26,77,"255 lbs",32.2,12/31/86,"10 1/8","33    ","6' 5""",-
"Jimmy Graham",TE,29.9,3.31,78,"259 lbs",32.3,11/24/86,"10 5/8","35    ","6' 6""","Green Bay Packers"
"Joe Don Duncan",TE,33.5,Undrafted,75,"268 lbs",28.5,9/17/90,"10 1/8","32 3/8","6' 3""",-
"Joel Dreessen",TE,30.4,6.24,76,"250 lbs",36.7,7/26/82,"9 1/4","33 3/8","6' 4""",-
"John Carlson",TE,29.4,2.07,77,"248 lbs",34.9,5/12/84,-,"34 1/2","6' 5""",-
"John Peters",TE,28.7,Undrafted,80,"261 lbs",26.9,4/29/92,-,-,"6' 8""",-
"John Phillips",TE,29.8,6.35,77,"251 lbs",31.8,6/11/87,"10 1/4","34 1/2","6' 5""",-
"Johnny Mundt",TE,29.6,Undrafted,76,"243 lbs",24.3,11/23/94,"9 5/8","32 3/8","6' 4""","Los Angeles Rams"
"Jonnu Smith",TE,31.0,3.36,75,"248 lbs",23.6,8/22/95,"9 1/4","32 7/8","6' 3""","Tennessee Titans"
"Jordan Akins",TE,31.1,3.34,75,"249 lbs",26.9,4/19/92,"9 1/2","32 1/2","6' 3""","Houston Texans"
"Jordan Cameron",TE,29.0,4.05,77,"245 lbs",30.6,8/8/88,"9 5/8","33 1/2","6' 5""",-
"Jordan Franks",TE,29.0,Undrafted,75,"232 lbs",23.1,2/1/96,"9 5/8","31 7/8","6' 3""","Cincinnati Bengals"
"Jordan Leggett",TE,30.6,5.06,77,"258 lbs",24.1,1/31/95,"10 3/8","33 1/2","6' 5""","New York Jets"
"Jordan Najvar",TE,29.6,Undrafted,78,"256 lbs",28.2,1/8/91,"10    ","32 1/4","6' 6""",-
"Jordan Reed",TE,30.3,3.23,74,"236 lbs",28.7,7/3/90,"10    ","33 1/2","6' 2""",Washington
"Jordan Thomas",TE,30.6,6.37,78,"265 lbs",22.6,8/2/96,"9 5/8","32 1/4","6' 6""","Houston Texans"
"Joseph Fauria",TE,28.7,Undrafted,79,"255 lbs",29.2,1/16/90,"10 7/8","33 3/4","6' 7""",-
"Josh Hill",TE,28.9,Undrafted,77,"244 lbs",28.8,5/21/90,"9    ","33    ","6' 5""","New Orleans Saints"
"Josh Oliver",TE,29.5,-,77,"249 lbs",22.2,1/1/97,"10 3/4","33 1/2","6' 5""",-
"Joshua Perkins",TE,27.9,Undrafted,75,"223 lbs",25.6,8/5/93,"9 1/4","33 3/8","6' 3""","Philadelphia Eagles"
"Josiah Price",TE,30.3,Undrafted,76,"249 lbs",25.7,7/19/93,"9 5/8","30 1/8","6' 4""","Minnesota Vikings"
"Julius Thomas",TE,29.2,4.32,77,"246 lbs",30.7,6/27/88,"10 1/4","33    ","6' 5""",-
"Justice Cunningham",TE,32.2,7.48,75,"258 lbs",28.2,1/14/91,"10    ","33 7/8","6' 3""",-
"Justin Jones",TE,30.1,Undrafted,80,"274 lbs",27.5,9/25/91,"10 1/4","35 5/8","6' 8""",-
"Justin Perillo",TE,31.2,Undrafted,75,"250 lbs",28.2,1/5/91,"9 1/8","32 3/4","6' 3""",-
"Kaden Smith",TE,30.2,-,77,"255 lbs",21.9,4/24/97,"9 5/8","32 1/4","6' 5""",-
"Kahale Warring",TE,29.9,-,77,"252 lbs",22.0,3/23/97,"9 3/4","32 3/4","6' 5""",-
"Keenen Brown",TE,32.1,-,74,"250 lbs",23.3,12/22/95,"9 7/8","34 1/2","6' 2""",-
"Keith Towbridge",TE,31.9,Undrafted,76,"262 lbs",23.8,5/21/95,"9 7/8","33 5/8","6' 4""",-
"Kellen Davis",TE,30.3,5.23,78,"262 lbs",33.5,10/11/85,"9 3/4","32 1/8","6' 6""",-
"Kendall Blanton",TE,30.3,-,78,"262 lbs",-,-,"10 3/8","33 3/4","6' 6""",-
"Kennard Backman",TE,32.2,6.37,75,"258 lbs",26.1,2/26/93,"9 3/8","33 3/8","6' 3""",-
"Kent Taylor",TE,28.9,Undrafted,77,"244 lbs",25.3,11/29/93,"9 3/8","30 1/4","6' 5""",-
"Kevin Rader",TE,30.4,Undrafted,76,"250 lbs",23.9,4/26/95,"9 5/8","32 1/2","6' 4""","Pittsburgh Steelers"
"Khari Lee",TE,28.6,Undrafted,76,"235 lbs",27.2,1/16/92,"9 1/2","33 1/8","6' 4""",-
"Kyle Carter",TE,31.0,Undrafted,75,"248 lbs",26.3,12/17/92,"10 1/2","33 5/8","6' 3""",-
"Kyle Nelson",TE,30.8,Undrafted,74,"240 lbs",32.5,10/3/86,-,-,"6' 2""","San Francisco 49ers"
"Kyle Rudolph",TE,29.8,2.11,78,"258 lbs",29.4,11/9/89,"10 5/8","34    ","6' 6""","Minnesota Vikings"
"Ladarius Green",TE,27.7,4.15,78,"240 lbs",28.8,5/29/90,"10 1/8","34 1/2","6' 6""",-
"Lance Kendricks",TE,30.4,2.15,75,"243 lbs",31.2,1/30/88,"9 1/2","32    ","6' 3""",-
"Larry Donnell",TE,30.6,Undrafted,78,"265 lbs",30.4,11/1/88,-,"34 1/8","6' 6""",-
"Lee Smith",TE,30.7,5.28,78,"266 lbs",31.3,11/21/87,"9 3/4","34 3/8","6' 6""","Oakland Raiders"
"Levine Toilolo",TE,28.6,4.36,80,"260 lbs",27.7,7/30/91,"10 1/4","34 1/2","6' 8""",-
"Logan Paulsen",TE,31.3,Undrafted,77,"264 lbs",32.1,2/26/87,-,-,"6' 5""","Atlanta Falcons"
"Logan Thomas",TE,28.7,4.20,78,"248 lbs",27.7,7/1/91,"10 7/8","34 1/4","6' 6""",-
"Luke Stocker",TE,30.0,4.07,77,"253 lbs",30.7,7/17/88,"9 5/8","33    ","6' 5""","Atlanta Falcons"
"Luke Willson",TE,29.8,5.25,77,"251 lbs",29.2,1/15/90,"9 3/8","32 1/4","6' 5""",-
"Manasseh Garner",TE,28.5,Undrafted,76,"234 lbs",27.0,3/11/92,"9 1/2","31 3/4","6' 4""",Washington
"MarQueis Gray",TE,30.4,Undrafted,76,"250 lbs",29.4,11/7/89,"9 7/8","34    ","6' 4""",-
"Marcedes Lewis",TE,31.8,1.28,78,"275 lbs",34.9,5/19/84,-,"35    ","6' 6""","Green Bay Packers"
"Marcel Jensen",TE,29.9,Undrafted,78,"259 lbs",29.1,2/12/90,"9 7/8","34 7/8","6' 6""",-
"Marcus Baugh",TE,30.1,Undrafted,76,"247 lbs",24.3,12/9/94,"9 1/2","33    ","6' 4""",-
"Marcus Lucas",TE,26.5,Undrafted,76,"218 lbs",27.0,3/21/92,"9 3/8","33 5/8","6' 4""","San Francisco 49ers"
"Mark Andrews",TE,30.4,3.22,77,"256 lbs",22.5,9/6/96,"10 1/2","33 1/2","6' 5""","Baltimore Ravens"
"Mark Harrison",TE,28.9,Undrafted,75,"231 lbs",28.3,12/11/90,"9 5/8","35    ","6' 3""",-
"Martellus Bennett",TE,30.6,2.30,78,"265 lbs",32.0,3/10/87,-,"33 3/8","6' 6""",-
"Mason Schreck",TE,30.8,7.33,76,"253 lbs",25.4,11/4/93,"9 7/8","33 1/8","6' 4""","Cincinnati Bengals"
"Matt Flanagan",TE,30.8,Undrafted,77,"260 lbs",24.0,3/26/95,"9 3/8","32 7/8","6' 5""",Washington
"Matt LaCosse",TE,28.9,Undrafted,78,"250 lbs",26.5,9/21/92,"8 3/8","31    ","6' 6""","New England Patriots"
"Matt Lengel",TE,30.4,Undrafted,79,"270 lbs",28.2,12/27/90,"10 1/8","33 3/4","6' 7""",-
"Matt Weiser",TE,28.6,Undrafted,77,"241 lbs",26.5,10/7/92,"8 3/4","34    ","6' 5""",-
"Matthew Mulligan",TE,32.3,Undrafted,76,"265 lbs",34.2,1/18/85,-,-,"6' 4""",-
"Maxx Williams",TE,30.3,2.23,76,"249 lbs",24.9,4/12/94,"10 3/8","33 1/2","6' 4""",-
"Michael Egnew",TE,30.2,3.15,77,"255 lbs",29.4,11/1/89,"9 3/4","33    ","6' 5""",-
"Michael Hoomanawanui",TE,32.1,5.01,76,"264 lbs",30.7,7/4/88,"10 1/8","33    ","6' 4""",-
"Michael Roberts",TE,32.9,4.21,76,"270 lbs",24.9,5/7/94,"11 1/2","33 1/4","6' 4""","Detroit Lions"
"Mickey Shuler",TE,30.1,7.07,76,"247 lbs",32.5,10/9/86,-,-,"6' 4""",-
"Mike Flacco",TE,29.8,Undrafted,77,"251 lbs",32.2,1/17/87,"10    ","32 1/4","6' 5""",-
"Mike Gesicki",TE,28.5,2.10,78,"247 lbs",23.5,10/3/95,"10 1/8","34    ","6' 6""","Miami Dolphins"
"Mike McFarland",TE,29.9,Undrafted,77,"252 lbs",27.4,11/15/91,"10 1/2","35 1/4","6' 5""",-
"Mitchell Henry",TE,29.8,Undrafted,76,"245 lbs",26.3,12/11/92,"9 1/8","31 7/8","6' 4""",-
"Mo Alie-Cox",TE,31.9,Undrafted,76,"262 lbs",25.5,9/19/93,"11 3/4","35 7/8","6' 4""","Indianapolis Colts"
"Moritz Boehringer",TE,27.6,6.05,76,"227 lbs",25.4,10/16/1993,"9 3/8","32 5/8","6' 4""","Cincinnati Bengals"
"MyCole Pruitt",TE,32.2,5.07,74,"251 lbs",27.0,3/24/92,"10 1/4","33 1/2","6' 2""","Tennessee Titans"
"Mychal Rivera",TE,30.2,6.16,75,"242 lbs",28.5,9/8/90,"10 1/4","32 5/8","6' 3""",-
"Neal Sterling",TE,31.3,7.03,76,"257 lbs",27.2,1/14/92,"9 1/4","33    ","6' 4""",-
"Nic Jacobs",TE,31.9,Undrafted,77,"269 lbs",27.4,10/13/91,"10    ","34 1/8","6' 5""",-
"Nick Boyle",TE,32.6,5.35,76,"268 lbs",26.1,2/17/93,"10 3/8","33 3/8","6' 4""","Baltimore Ravens"
"Nick Kasa",TE,31.1,6.04,78,"269 lbs",28.4,11/5/90,"9 1/8","32 7/8","6' 6""",-
"Nick Keizer",TE,30.5,Undrafted,76,"251 lbs",23.9,5/2/95,"10 1/4","32 1/4","6' 4""","Baltimore Ravens"
"Nick O'Leary",TE,31.5,6.18,75,"252 lbs",26.6,8/31/92,"9 3/8","29 3/4","6' 3""","Miami Dolphins"
"Nick Truesdell",TE,29.1,Undrafted,78,"252 lbs",29.0,3/14/90,-,-,"6' 6""",-
"Nick Vannett",TE,29.7,3.32,78,"257 lbs",25.1,3/6/94,"10    ","34 1/4","6' 6""","Seattle Seahawks"
"Niles Paul",TE,31.8,5.24,73,"241 lbs",29.6,8/9/89,"8 3/4","31    ","6' 1""",-
"Noah Fant",TE,30.3,-,76,"249 lbs",21.3,11/20/97,"9 3/4","33 1/2","6' 4""",-
"O.J. Howard",TE,29.0,1.19,78,"251 lbs",24.3,11/19/94,"10    ","33 3/4","6' 6""","Tampa Bay Buccaneers"
"Orson Charles",TE,32.2,4.21,74,"251 lbs",28.2,1/27/91,"9 1/4","32 1/2","6' 2""",-
"Owen Daniels",TE,31.2,4.01,75,"250 lbs",36.4,11/9/82,-,"32 1/8","6' 3""",-
"Paul Butler",TE,29.1,Undrafted,78,"252 lbs",25.9,4/26/93,"9 1/4","34 1/4","6' 6""","Oakland Raiders"
"Pharaoh Brown",TE,29.5,Undrafted,78,"255 lbs",24.9,5/4/94,"10 3/8","35 5/8","6' 6""","Cleveland Browns"
"Pharoah McKever",TE,29.9,Undrafted,78,"259 lbs",25.1,2/4/94,"9 3/8","33 5/8","6' 6""","Jacksonville Jaguars"
"Phazahn Odom",TE,27.6,Undrafted,80,"251 lbs",24.8,6/8/94,"10    ","35 1/4","6' 8""",-
"Phillip Supernaw",TE,28.7,Undrafted,77,"242 lbs",29.1,1/30/90,-,-,"6' 5""",-
"Randall Telfer",TE,30.4,6.22,76,"250 lbs",26.9,5/16/92,"9 5/8","33 1/2","6' 4""",-
"Reggie Jordan",TE,30.0,Undrafted,75,"240 lbs",27.7,7/3/91,"9 5/8","32 1/4","6' 3""",-
"Rhett Ellison",TE,29.6,4.33,77,"250 lbs",31.2,1/10/88,"10 1/4","32 3/4","6' 5""","New York Giants"
"Richard Rodgers",TE,31.3,3.34,76,"257 lbs",27.2,1/22/92,"10 1/8","32 5/8","6' 4""",-
"Richard Ross",TE,28.0,Undrafted,77,"236 lbs",26.8,6/16/92,-,-,"6' 5""",-
"Ricky Seals-Jones",TE,28.8,Undrafted,77,"243 lbs",23.9,5/15/95,"9 5/8","33 1/8","6' 5""","Arizona Cardinals"
"Rico Gathers",TE,31.5,6.42,78,"273 lbs",25.2,1/7/94,-,-,"6' 6""","Dallas Cowboys"
"Rob Blanchflower",TE,31.2,7.15,76,"256 lbs",28.8,6/8/90,"9 5/8","33 3/4","6' 4""",-
"Rob Gronkowski",TE,30.6,2.10,78,"265 lbs",29.9,5/14/89,"10 3/4","34 1/4","6' 6""","New England Patriots"
"Rob Housler",TE,29.6,3.05,77,"250 lbs",31.0,3/17/88,"9 5/8","34 1/2","6' 5""",-
"Robert Tonyan",TE,28.0,Undrafted,77,"236 lbs",24.9,4/30/94,"10 1/4","32 1/2","6' 5""","Green Bay Packers"
"Rory Anderson",TE,28.9,7.37,77,"244 lbs",26.5,10/2/92,"8 3/4","32 1/4","6' 5""",-
"Ross Dwelley",TE,28.1,Undrafted,77,"237 lbs",24.2,1/26/95,-,-,"6' 5""","San Francisco 49ers"
"Ross Travis",TE,26.5,Undrafted,79,"235 lbs",26.2,1/9/93,-,-,"6' 7""","Indianapolis Colts"
"Ryan Griffin",TE,28.5,6.33,78,"247 lbs",29.2,1/11/90,-,"33 1/4","6' 6""","Houston Texans"
"Ryan Izzo",TE,30.4,7.32,77,"256 lbs",23.3,12/21/95,"9 1/4","31 3/8","6' 5""","New England Patriots"
"Ryan Malleck",TE,30.1,Undrafted,76,"247 lbs",25.7,7/22/93,"9 3/8","32 1/2","6' 4""",-
"Ryan Nall",TE,30.0,Undrafted,74,"234 lbs",23.2,12/27/95,"10 1/2","31 1/2","6' 2""","Chicago Bears"
"Ryan O'Malley",TE,29.8,Undrafted,78,"258 lbs",25.7,7/24/93,"9 1/4","31 1/4","6' 6""",-
"Ryan Smith",TE,33.1,Undrafted,75,"265 lbs",23.2,1/13/96,-,-,"6' 3""",-
"Ryan Yurachek",TE,32.5,Undrafted,72,"240 lbs",22.6,8/27/96,"9 5/8","30 1/2","6' 0""","Oakland Raiders"
"Scott Chandler",TE,30.6,4.30,79,"272 lbs",33.7,7/23/85,"9 1/2","33 3/8","6' 7""",-
"Scott Orndoff",TE,30.0,Undrafted,77,"253 lbs",25.3,12/16/93,"10    ","33 1/4","6' 5""",-
"Scott Simonson",TE,29.5,Undrafted,77,"249 lbs",26.9,4/13/92,"9 1/4","32    ","6' 5""","New York Giants"
"Sean Culkin",TE,30.2,Undrafted,77,"255 lbs",25.8,6/11/93,"9 1/2","32 7/8","6' 5""","Los Angeles Chargers"
"Sean McGrath",TE,29.3,Undrafted,77,"247 lbs",31.3,12/3/87,-,-,"6' 5""",-
"Seth Devalve",TE,31.3,4.40,74,"244 lbs",26.1,1/29/93,"10    ","31 1/8","6' 2""","Cleveland Browns"
"Shane Smith",TE,32.2,Undrafted,73,"244 lbs",25.6,8/21/93,"9    ","29 1/8","6' 1""",-
"Stephen Anderson",TE,29.5,Undrafted,74,"230 lbs",26.1,1/30/93,"9 1/4","32    ","6' 2""","New England Patriots"
"Steven Scheu",TE,30.8,Undrafted,76,"253 lbs",26.7,7/7/92,"10 1/2","32 5/8","6' 4""",-
"T.J. Hockenson",TE,29.8,-,77,"251 lbs",21.7,7/3/97,"9 1/2","32 1/4","6' 5""",-
"Tanner Hudson",TE,28.3,Undrafted,77,"239 lbs",24.4,11/12/94,-,-,"6' 5""","Tampa Bay Buccaneers"
"Taylor McNamara",TE,30.7,Undrafted,76,"252 lbs",24.6,8/12/94,"9 7/8","33 1/4","6' 4""",-
"Taylor Thompson",TE,31.0,5.10,78,"268 lbs",29.4,10/19/89,"10 5/8","33 3/4","6' 6""",-
"Ted Bolser",TE,30.5,7.02,77,"257 lbs",28.4,10/22/90,"9    ","31 7/8","6' 5""",-
"Temarrick Hemingway",TE,28.9,6.02,77,"244 lbs",25.7,7/30/93,"10    ","34    ","6' 5""","Denver Broncos"
"Thomas Duarte",TE,29.7,7.10,74,"231 lbs",24.0,3/30/95,"10    ","33    ","6' 2""",-
"Tim Semisch",TE,28.8,Undrafted,79,"256 lbs",27.5,9/18/91,"10    ","33 5/8","6' 7""",-
"Timothy Wright",TE,26.8,Undrafted,76,"220 lbs",29.0,4/7/90,-,"34    ","6' 4""",-
"Tom Crabtree",TE,29.8,Undrafted,76,"245 lbs",33.4,11/4/85,-,-,"6' 4""",-
"Tommy Sweeney",TE,30.5,-,76,"251 lbs",23.7,7/1/95,"9 3/4","32 3/4","6' 4""",-
"Tony Moeaki",TE,31.5,3.29,75,"252 lbs",31.8,6/8/87,"10 1/8","33 1/4","6' 3""",-
"Travis Beckum",TE,29.2,3.36,75,"234 lbs",32.2,1/24/87,"9    ","34    ","6' 3""",-
"Travis Kelce",TE,30.8,3.01,77,"260 lbs",29.5,10/5/89,"9 5/8","33 3/4","6' 5""","Kansas City Chiefs"
"Trey Burton",TE,29.4,Undrafted,75,"235 lbs",27.4,10/29/91,"9 3/8","31    ","6' 3""","Chicago Bears"
"Troy Fumagalli",TE,29.3,5.19,77,"247 lbs",23.8,6/17/95,"9 3/8","34 1/8","6' 5""","Denver Broncos"
"Troy Niklas",TE,30.4,2.20,79,"270 lbs",26.5,9/18/92,"10    ","34 1/8","6' 7""",-
"Tyler Beck",TE,31.5,Undrafted,75,"252 lbs",27.5,9/24/91,"9 5/8","31 3/4","6' 3""",-
"Tyler Conklin",TE,31.7,5.20,75,"254 lbs",23.7,7/30/95,"9 3/4","33 1/4","6' 3""","Minnesota Vikings"
"Tyler Eifert",TE,29.0,1.21,78,"251 lbs",28.5,9/8/90,"9 1/8","33 1/8","6' 6""","Cincinnati Bengals"
"Tyler Higbee",TE,28.8,4.12,78,"249 lbs",26.2,1/1/93,"10 1/4","33 1/4","6' 6""","Los Angeles Rams"
"Tyler Kroft",TE,29.2,3.21,77,"246 lbs",26.4,10/15/92,"9 5/8","33    ","6' 5""","Buffalo Bills"
"Tyrone Swoopes",TE,30.1,Undrafted,76,"247 lbs",24.4,11/14/94,"9 5/8","33 1/4","6' 4""","Seattle Seahawks"
"Vance McDonald",TE,32.5,2.23,76,"267 lbs",28.8,6/13/90,"10 1/8","34 3/8","6' 4""","Pittsburgh Steelers"
"Vernon Davis",TE,31.2,1.06,75,"250 lbs",35.2,1/31/84,-,-,"6' 3""",Washington
"Vince Mayle",TE,28.8,4.24,74,"224 lbs",27.8,6/12/91,"9    ","31 3/4","6' 2""","Los Angeles Chargers"
"Virgil Green",TE,31.1,7.01,75,"249 lbs",30.6,8/3/88,"9 1/4","33 1/2","6' 3""","Los Angeles Chargers"
"Wes Saxton",TE,31.0,Undrafted,75,"248 lbs",25.6,8/13/93,"9 5/8","32    ","6' 3""",-
"Will Dissly",TE,31.9,4.20,76,"262 lbs",22.7,7/8/96,"10 1/4","32    ","6' 4""","Seattle Seahawks"
"Will Tye",TE,33.6,Undrafted,74,"262 lbs",27.4,11/4/91,"9 1/8","33    ","6' 2""","Philadelphia Eagles"
"Xavier Grimble",TE,31.3,Undrafted,76,"257 lbs",26.6,9/2/92,"10 1/4","33 5/8","6' 4""","Pittsburgh Steelers"
"Zach Conque",TE,27.5,Undrafted,77,"232 lbs",24.9,4/22/94,"9 5/8","32 5/8","6' 5""",-
"Zach Ertz",TE,29.5,2.03,77,"249 lbs",28.4,11/10/90,"9 3/4","31 3/4","6' 5""","Philadelphia Eagles"
"Zach Gentry",TE,29.1,-,80,"265 lbs",22.5,9/10/96,"9 1/2","34 1/8","6' 8""",-
"Zach Miller",TE,31.0,2.06,76,"255 lbs",33.3,12/11/85,-,-,"6' 4""",-
"Zach Miller",TE,28.5,6.07,77,"240 lbs",34.5,10/4/84,-,-,"6' 5""",-
"Zach Sudfeld",TE,29.5,Undrafted,78,"255 lbs",29.9,4/18/89,"10    ","33 1/2","6' 6""",-
