"Full Name",Position,"Draft Year",College,"Vertical Jump","40-Yard Dash","Broad Jump","Bench Press","3-Cone Drill","20-Yard Shuttle","Breakout Age","Breakout Year"
"A.C. Leonard",TE,2014,"Tennessee State",34.0,4.50,128,20,7.14,4.39,20.6,2012
"A.J. Derby",TE,2015,Arkansas,-,4.77,-,15,6.99,4.51,-,-
"Adam Shaheen",TE,2017,Ashland,32.5,4.79,121,24,7.09,4.38,20.9,2015
"Adrien Robinson",TE,2012,Cincinnati,39.5,4.61,135,15,7.10,4.43,-,-
"Alan Cross",TE,2016,Memphis,30.5,4.89,109,17,7.44,4.58,19.3,2012
"Alex Bayer",TE,2014,"Bowling Green",31.5,4.82,111,20,7.26,4.42,21.8,2012
"Alex Ellis",TE,2016,Tennessee,34.5,4.84,121,20,6.87,4.37,-,-
"Alize Mack",TE,2019,"Notre Dame",36.0,4.70,120,22,7.27,4.34,-,-
"Andre Hardy",TE,2013,"Cal State Fullerton",-,4.75,-,-,-,-,-,-
"Andrew Quarless",TE,2010,"Penn State",32.0,4.69,119,23,7.29,4.57,17.9,2006
"Andrew Vollert",TE,2018,"Weber State",32.0,4.65,117,12,6.90,4.08,21.5,2016
"Anthony Denham",TE,2014,Utah,32.5,4.77,113,14,7.38,4.56,-,-
"Anthony Fasano",TE,2006,"Notre Dame",33.5,4.77,112,19,6.94,4.34,-,-
"Anthony Firkser",TE,2017,Harvard,31.5,4.87,110,21,7.06,4.29,19.5,2014
"Anthony McCoy",TE,2010,USC,35.5,4.71,113,19,6.99,4.57,-,-
"Antonio Gates",TE,2003,"Kent State",39.0,4.60,126,-,-,-,-,-
"Antony Auclair",TE,2017,Laval,33.5,4.95,117,22,7.30,4.37,-,-
"Arthur Lynch",TE,2014,Georgia,29.5,4.82,116,28,7.38,4.35,-,-
"Asa Watson",TE,2014,"NC State",32.0,4.74,117,26,7.00,4.40,-,-
"Asante Cleveland",TE,2014,Miami,32.5,4.93,116,20,7.33,4.45,-,-
"Austin Hooper",TE,2016,Stanford,33.0,4.72,117,19,7.00,4.32,20.9,2015
"Austin Roberts",TE,2018,UCLA,28.5,4.73,116,21,7.65,4.60,-,-
"Austin Seferian-Jenkins",TE,2014,Washington,35.5,4.73,115,20,6.97,4.23,18.9,2011
"Austin Traylor",TE,2016,Wisconsin,33.5,4.96,113,16,7.44,4.70,22.0,2015
"Barrett Burns",TE,2017,"Appalachian State",28.5,5.04,115,19,7.17,4.57,21.5,2015
"Beau Gardner",TE,2015,"Northern Arizona",41.0,4.79,118,22,7.12,4.48,-,-
"Beau Sandland",TE,2016,"Montana State",35.0,4.74,124,23,7.10,4.33,22.5,2015
"Ben Braunecker",TE,2016,Harvard,35.5,4.73,121,20,6.90,4.20,21.6,2015
"Ben Johnson",TE,2018,Kansas,33.0,5.04,114,17,7.26,4.39,-,-
"Ben Koyack",TE,2015,"Notre Dame",30.0,4.73,116,16,7.32,4.52,-,-
"Ben Watson",TE,2004,Georgia,35.5,4.57,123,34,7.39,4.15,-,-
"Billy Brown",TE,2017,Shepherd,29.0,4.70,118,23,6.90,4.48,21.5,2014
"Billy Freeman",TE,2017,"San Jose State",30.5,4.79,112,22,7.18,4.62,22.0,2015
"Blake Annen",TE,2014,Cincinnati,34.0,4.46,120,25,7.19,4.30,-,-
"Blake Bell",TE,2015,Oklahoma,33.0,4.80,116,14,6.85,4.32,23.1,2014
"Blake Jackson",TE,2014,"Oklahoma State",29.5,4.86,113,14,7.56,4.56,-,-
"Blake Jarwin",TE,2017,"Oklahoma State",34.5,4.74,121,21,7.37,4.34,-,-
"Blake Mack",TE,2018,"Arkansas State",33.0,4.77,117,21,7.33,4.51,20.4,2016
"Braedon Bowman",TE,2016,"South Alabama",35.5,4.72,114,26,7.10,4.37,-,-
"Brandon Barnes",TE,2017,"Alabama State",35.5,4.77,114,20,7.03,4.69,21.3,2015
"Brandon Bostick",TE,2012,"Newberry College",36.0,4.64,121,19,7.41,4.25,20.3,2009
"Brandon Myers",TE,2009,Iowa,31.0,4.83,116,17,7.36,4.45,22.0,2007
"Brandon Pettigrew",TE,2009,"Oklahoma State",33.0,4.83,118,22,7.12,4.37,22.5,2007
"Brandon Williams",TE,2013,Oregon,36.0,4.61,128,26,7.25,4.53,-,-
"Braxton Deaver",TE,2016,Duke,31.5,4.85,110,26,7.50,4.44,21.3,2013
"Brent Celek",TE,2007,Cincinnati,33.0,4.84,112,19,7.20,4.31,20.6,2005
"Brian Parker",TE,2015,Albany,38.5,4.80,119,25,7.03,4.40,21.3,2013
"Bryce Williams",TE,2016,"East Carolina",29.5,4.94,111,19,7.19,4.53,22.5,2015
"Bucky Hodges",TE,2017,"Virginia Tech",39.0,4.57,134,18,-,4.45,19.1,2014
"C.J. Conrad",TE,2019,Kentucky,-,-,-,-,-,-,20.3,2016
"C.J. Fiedorowicz",TE,2014,Iowa,31.5,4.76,116,25,7.10,4.26,20.9,2012
"C.J. Uzomah",TE,2015,Auburn,31.0,4.67,118,19,7.22,4.57,-,-
"Caleb Wilson",TE,2019,UCLA,29.0,4.56,113,-,7.20,4.40,22.1,2018
"Cam Serigne",TE,2018,"Wake Forest",32.0,5.02,109,17,7.09,4.34,20.1,2014
"Cameron Brate",TE,2014,Harvard,33.5,4.82,117,24,7.16,4.48,20.2,2011
"Cameron Clear",TE,2015,"Texas A&M",32.0,4.98,108,-,7.52,4.48,-,-
"Casey Pierce",TE,2015,"Kent State",36.5,4.82,118,19,6.97,4.22,22.0,2013
"Cethan Carter",TE,2017,Nebraska,-,4.68,-,19,-,-,-,-
"Charles Clay",TE,2011,Tulsa,33.5,4.73,118,18,7.07,4.15,18.6,2007
"Chase Coffman",TE,2009,Missouri,-,4.88,-,-,-,-,18.8,2005
"Chase Dixon",TE,2014,"Central Arkansas",-,4.78,-,-,-,-,22.3,2013
"Chase Ford",TE,2012,"Miami (FL)",33.0,4.80,110,20,7.34,4.35,-,-
"Chris Bazile",TE,2016,"Grambling State",29.5,4.90,-,23,-,-,-,-
"Chris Coyle",TE,2014,"Arizona State",30.5,5.00,108,16,7.20,4.46,21.5,2012
"Chris Gragg",TE,2013,Arkansas,37.5,4.50,125,18,7.08,4.35,-,-
"Chris Herndon",TE,2018,Miami,34.0,-,116,21,7.38,4.59,21.5,2017
"Clay Harbor",TE,2010,"Missouri State",40.0,4.69,120,30,7.12,4.36,21.2,2008
"Clive Walford",TE,2015,Miami,35.0,4.79,120,20,7.32,4.57,20.9,2012
"Coby Fleener",TE,2012,Stanford,37.0,4.56,116,27,7.02,4.30,22.0,2010
"Cole Hikutini",TE,2017,Louisville,34.5,4.90,120,20,7.22,4.57,19.2,2013
"Cole Hunt",TE,2018,TCU,32.0,4.88,115,21,7.15,4.37,-,-
"Cole Wick",TE,2016,"Incarnate Word",36.5,4.98,125,14,7.16,4.32,20.8,2014
"Colin Thompson",TE,2017,Temple,28.0,5.06,108,18,7.42,4.65,-,-
"Colt Lyerla",TE,2014,Oregon,39.0,4.61,128,15,6.92,4.11,19.8,2012
"Cooper Helfet",TE,2012,Duke,32.0,4.71,119,24,6.82,4.22,21.3,2010
"Craig Stevens",TE,2008,California,27.5,4.59,114,27,7.07,4.31,-,-
"Crockett Gillmore",TE,2014,"Colorado State",33.5,4.89,120,18,7.42,4.44,19.8,2011
"D.J. Williams",TE,2011,Arkansas,33.5,4.57,111,20,7.29,4.51,20.0,2008
"Dallas Goedert",TE,2018,"South Dakota State",35.0,-,121,23,7.02,4.31,21.7,2016
"Dalton Schultz",TE,2018,Stanford,32.0,4.75,120,15,7.00,4.40,-,-
"Damon Gibson",TE,2018,"MN Moorhead",37.5,4.67,-,18,-,-,19.4,2015
"Dan Arnold",TE,2017,"WI Platteville",39.5,4.68,127,12,6.81,4.30,20.5,2015
"Daniel Brown",TE,2015,"James Madison",31.5,4.65,116,11,6.86,4.18,21.3,2013
"Daniel Fells",TE,2006,"UC Davis",29.5,4.95,108,19,7.29,4.52,-,-
"Daniel Helm",TE,2019,Duke,-,4.89,-,14,-,-,-,-
"Dante Rosario",TE,2007,Oregon,36.0,4.76,115,20,6.96,4.47,-,-
"Darion Griswold",TE,2016,"Arkansas State",31.5,4.87,107,17,7.50,4.84,20.7,2013
"Darrell Daniels",TE,2017,Washington,32.0,4.55,116,17,7.09,4.47,-,-
"Darren Waller",TE,2015,"Georgia Tech",37.0,4.46,125,12,7.07,4.25,22.0,2014
"David Ausberry",TE,2011,USC,36.0,4.53,121,23,7.08,4.43,-,-
"David Grinnage",TE,2016,"NC State",29.5,4.90,106,7,7.56,4.74,21.5,2014
"David Morgan",TE,2016,"Texas-San Antonio",30.0,5.02,115,29,6.93,4.19,21.3,2014
"David Njoku",TE,2017,Miami,37.5,4.64,133,21,6.97,4.34,20.2,2016
"David Paulson",TE,2012,Oregon,32.0,4.93,110,21,7.18,4.40,21.5,2010
"David Wells",TE,2018,"San Diego State",33.0,4.75,116,20,7.50,4.59,21.4,2016
"David Wright",TE,2014,Westminster,36.0,4.70,125,27,7.59,4.43,22.5,2013
"Dawson Knox",TE,2019,"Ole Miss",34.5,-,-,16,7.12,4.27,-,-
"Dax Raymond",TE,2019,"Utah State",32.0,4.73,109,15,7.15,4.39,-,-
"DeAndre Goolsby",TE,2018,Florida,30.5,4.84,114,13,6.97,4.36,-,-
"Delanie Walker",TE,2006,"Central Missouri",36.5,4.58,118,-,7.23,4.60,20.1,2004
"Demetrius Harris",TE,2013,"UW Milwaukee",36.5,4.57,122,-,-,-,-,-
"Dennis Pitta",TE,2010,BYU,34.0,4.68,113,27,6.72,4.17,22.1,2007
"Deon Yelder",TE,2018,"Western Kentucky",33.0,4.83,120,18,7.32,4.64,22.5,2017
"Derek Carrier",TE,2012,"Beloit College",38.0,4.55,122,15,6.65,4.08,18.1,2008
"Derrick Griffin",TE,2017,"Texas Southern",31.0,-,119,11,-,4.49,22.0,2015
"Devin Mahina",TE,2015,BYU,29.5,4.87,117,23,7.12,4.45,-,-
"Devon Cajuste",TE,2016,Stanford,36.0,4.62,123,12,6.49,4.20,20.6,2013
"Dion Sims",TE,2013,"Michigan State",35.0,4.75,112,22,7.16,4.52,21.6,2012
"Dominique Jones",TE,2011,Shepherd,-,-,-,-,-,-,23.1,2010
"Donald Parham",TE,2019,Stenson,-,-,-,-,-,-,19.1,2016
"Donnie Ernsberger",TE,2018,"Western Michigan",31.0,4.78,114,15,7.09,4.34,20.9,2017
"Drew Sample",TE,2019,Washington,33.5,4.71,115,-,7.15,4.31,-,-
"Durham Smythe",TE,2018,"Notre Dame",31.0,4.81,110,18,7.17,4.23,-,-
"Dustin Keller",TE,2008,Purdue,38.0,4.55,131,26,6.88,4.14,20.9,2005
"Dwayne Allen",TE,2012,Clemson,32.0,4.89,110,27,7.12,4.37,21.5,2011
"E.J. Bibbs",TE,2015,"Iowa State",31.5,4.93,110,20,7.22,4.52,22.0,2013
"Ed Dickson",TE,2010,Oregon,34.0,4.67,115,23,7.32,4.59,21.1,2008
"Emanuel Byrd",TE,2017,Marshall,33.6,4.71,116,20,7.37,4.51,-,-
"Eric Ebron",TE,2014,"North Carolina",32.0,4.60,120,24,7.49,4.45,19.4,2012
"Eric Frohnapfel",TE,2015,Marshall,30.5,4.85,114,16,7.42,4.43,-,-
"Eric Saubert",TE,2017,Drake,33.0,4.74,121,22,7.34,4.59,20.4,2014
"Eric Tomlinson",TE,2015,"Texas El Paso",30.5,4.98,110,19,7.46,4.54,-,-
"Eric Waters",TE,2014,Missouri,39.0,4.75,122,18,7.17,4.39,-,-
"Erik Swoope",TE,2014,Miami,-,4.78,-,-,-,-,-,-
"Ethan Wolf",TE,2018,Tennessee,29.5,5.03,110,15,7.14,4.29,21.8,2017
"Evan Baylis",TE,2017,Oregon,29.0,4.92,114,17,7.23,4.39,-,-
"Evan Engram",TE,2017,Mississippi,36.0,4.42,125,19,6.92,4.23,20.0,2014
"Evan Wilson",TE,2014,Illinois,35.5,4.90,124,19,7.38,4.50,-,-
"Foster Moreau",TE,2019,LSU,36.5,4.66,121,22,7.16,4.11,-,-
"Fred Davis",TE,2008,USC,33.0,4.73,116,24,7.36,4.68,21.6,2007
"Gabe Holmes",TE,2015,Purdue,33.5,4.93,112,21,7.31,4.30,-,-
"Garrett Celek",TE,2012,"Michigan State",34.0,4.77,119,19,7.12,4.49,-,-
"Garrett Dickerson",TE,2018,Northwestern,30.0,4.83,118,19,7.19,4.44,20.7,2016
"Garrett Graham",TE,2010,Wisconsin,34.5,4.71,112,20,7.09,4.35,21.1,2007
"Garrett Griffin",TE,2016,"Air Force",36.0,4.80,117,15,7.13,4.56,20.5,2014
"Gary Barnidge",TE,2008,Louisville,31.0,4.65,117,22,6.92,4.23,21.0,2006
"Gator Hoskins",TE,2014,Marshall,36.5,4.78,116,22,7.22,4.53,20.7,2012
"Gavin Escobar",TE,2013,"San Diego State",32.0,4.84,114,12,7.07,4.31,20.6,2011
"Geoff Swaim",TE,2015,Texas,35.5,4.75,124,-,7.31,4.52,-,-
"George Kittle",TE,2017,Iowa,35.0,4.52,132,18,6.76,4.07,21.9,2015
"Gerald Christian",TE,2015,Louisville,-,4.87,-,28,7.62,4.70,21.0,2014
"Gerald Everett",TE,2017,"South Alabama",37.5,4.62,126,22,6.99,4.33,21.2,2015
"Gerell Robinson",TE,2012,"Arizona State",35.5,4.62,113,-,7.10,4.15,21.9,2011
"Greg Olsen",TE,2007,"Miami (FL)",35.5,4.51,114,23,7.04,4.48,20.5,2005
"Hakeem Valles",TE,2016,Monmouth,33.5,4.74,118,15,7.28,4.46,-,-
"Harold Spears",TE,2015,"New Hampshire",36.5,4.80,118,20,7.25,4.53,-,-
"Hayden Hurst",TE,2018,"South Carolina",31.5,4.67,120,16,7.19,4.37,23.0,2016
"Hayden Plinke",TE,2017,"Texas-El Paso",28.0,4.97,109,18,7.55,4.59,23.7,2016
"Heath Miller",TE,2005,Virginia,32.0,4.84,115,-,-,-,19.9,2002
"Henry Krieger-Coble",TE,2016,Iowa,33.5,4.96,110,10,7.16,4.48,-,-
"Hunter Henry",TE,2016,Arkansas,31.5,4.72,113,13,7.16,4.41,18.7,2013
"Ian Thomas",TE,2018,Indiana,36.0,4.74,123,-,7.15,4.20,21.3,2017
"Ifeanyi Momah",TE,2012,"Boston College",-,4.80,-,-,-,-,-,-
"Irv Smith",TE,2019,Alabama,32.5,4.63,110,19,7.32,4.33,-,-
"Isaac Nauta",TE,2019,Georgia,28.0,4.91,-,19,7.45,4.43,19.3,2016
"J.P. Holtz",TE,2016,Pittsburgh,33.0,4.84,112,20,6.92,4.33,21.0,2014
"Jace Amaro",TE,2014,"Texas Tech",33.0,4.74,118,28,7.42,4.30,21.2,2013
"Jace Sternberger",TE,2019,"Texas A&M",31.5,4.75,113,17,7.19,4.31,22.2,2018
"Jack Doyle",TE,2013,"Western Kentucky",-,4.91,-,-,-,-,19.3,2009
"Jacob Hollister",TE,2017,Wyoming,36.5,4.69,121,-,7.12,4.34,20.8,2014
"Jacob Maxwell",TE,2014,Louisiana-Lafayette,38.5,4.73,127,21,7.26,4.40,-,-
"Jacob Pedersen",TE,2014,Wisconsin,28.5,4.89,111,20,7.55,4.40,20.4,2011
"Jacob Tamme",TE,2008,Kentucky,30.0,4.58,109,18,6.99,4.27,22.5,2007
"Jaeden Graham",TE,2018,Yale,33.0,4.78,122,0,-,-,21.9,2017
"Jake Ballard",TE,2010,"Ohio State",31.5,4.89,114,17,-,-,-,-
"Jake Butt",TE,2017,Michigan,-,-,-,-,-,-,19.2,2014
"Jake McGee",TE,2016,Florida,28.5,4.89,114,17,7.26,4.63,21.0,2012
"Jake Murphy",TE,2014,Utah,33.0,4.78,114,24,7.18,4.27,23.0,2012
"Jake Roh",TE,2018,"Boise State",32.5,5.01,109,13,7.32,4.75,22.0,2017
"Jake Sinkovec",TE,2014,"Boston College",30.5,4.93,110,23,7.28,4.58,-,-
"Jake Stoneburner",TE,2013,"Ohio State",34.5,4.65,116,18,7.12,4.27,22.0,2011
"James Casey",TE,2009,Rice,36.0,4.66,111,28,7.00,4.48,24.0,2008
"James Hanna",TE,2012,Oklahoma,36.0,4.49,122,24,6.76,4.11,21.1,2010
"James O'Shaughnessy",TE,2015,"Illinois State",35.0,4.73,116,16,7.20,4.38,22.6,2014
"Jared Cook",TE,2009,"South Carolina",41.0,4.50,123,23,7.25,4.56,21.4,2008
"Jason Croom",TE,2017,Tennessee,34.0,4.74,120,23,7.33,4.40,19.5,2013
"Jason Vander Laan",TE,2016,"Ferris State",30.5,4.83,119,27,6.76,4.16,-,-
"Jason Witten",TE,2003,Tennessee,31.0,4.70,111,25,-,-,20.3,2002
"Je'Ron Hamm",TE,2014,Louisiana-Monroe,37.0,4.70,118,15,7.13,4.39,20.2,2012
"Jean Sifrin",TE,2015,Massachusetts,33.0,4.84,114,15,7.50,4.60,27.1,2014
"Jeff Cumberland",TE,2010,Illinois,35.5,4.50,118,20,6.89,4.39,20.3,2007
"Jeff Heuerman",TE,2015,"Ohio State",34.5,4.86,120,26,-,-,-,-
"Jerell Adams",TE,2016,"South Carolina",32.5,4.64,117,18,7.05,4.31,22.7,2015
"Jeremy Eddington",TE,2014,Rice,35.5,4.82,125,17,7.67,4.53,18.1,2010
"Jeremy Sprinkle",TE,2017,Arkansas,29.0,4.69,116,15,7.10,4.53,21.1,2015
"Jermaine Gresham",TE,2010,Oklahoma,35.0,4.66,113,20,7.07,4.53,19.2,2007
"Jermichael Finley",TE,2008,Texas,27.5,4.82,117,20,7.15,4.38,-,-
"Jerome Cunningham",TE,2013,"S. Connecticut State",34.5,4.75,116,26,7.66,4.56,21.3,2012
"Jesse James",TE,2015,"Penn State",37.5,4.83,121,26,7.53,4.50,19.3,2013
"Jim Dray",TE,2010,Stanford,34.0,4.87,113,17,7.14,4.38,22.7,2009
"Jimmy Graham",TE,2010,"Miami (FL)",38.5,4.56,120,15,6.90,4.45,22.8,2009
"Joe Don Duncan",TE,2014,"Dixie St",33.0,4.80,112,35,6.86,4.28,21.0,2011
"Joel Dreessen",TE,2005,"Colorado State",36.0,4.72,113,22,7.10,4.05,21.1,2003
"John Carlson",TE,2008,"Notre Dame",30.5,4.88,113,20,7.12,4.28,22.3,2006
"John Peters",TE,2015,"Mount St. Joseph",-,4.73,127,27,-,-,20.4,2012
"John Phillips",TE,2009,"Virginia ",33.5,4.79,112,20,6.84,4.27,21.2,2008
"Johnny Mundt",TE,2017,Oregon,30.0,4.79,113,21,7.21,4.24,21.8,2016
"Jonnu Smith",TE,2017,"FL International",38.0,4.62,127,22,7.43,4.18,18.0,2013
"Jordan Akins",TE,2018,UCF,35.0,-,122,24,7.29,4.38,-,-
"Jordan Cameron",TE,2011,USC,37.5,4.59,119,23,6.82,4.03,-,-
"Jordan Franks",TE,2018,"Central Florida",31.5,4.66,111,22,7.20,4.45,19.6,2015
"Jordan Leggett",TE,2017,Clemson,33.0,4.80,114,18,7.12,4.33,20.6,2015
"Jordan Najvar",TE,2014,Baylor,32.5,4.93,112,18,7.14,4.47,-,-
"Jordan Reed",TE,2013,Florida,33.0,4.72,113,16,6.86,4.25,21.2,2011
"Jordan Thomas",TE,2018,"Mississippi State",27.0,4.74,111,16,7.50,4.75,-,-
"Joseph Fauria",TE,2013,UCLA,35.5,4.77,120,17,7.49,4.53,21.6,2011
"Josh Hill",TE,2013,"Idaho State",36.5,4.71,127,20,7.00,4.19,20.3,2010
"Josh Oliver",TE,2019,"San Jose State",34.0,4.63,117,22,7.21,4.47,21.7,2018
"Joshua Perkins",TE,2016,Washington,34.0,4.70,126,12,7.04,4.38,21.1,2014
"Josiah Price",TE,2017,"Michigan State",33.5,4.94,115,25,7.32,4.51,21.1,2014
"Julius Thomas",TE,2011,"Portland State",35.5,4.68,111,16,6.96,4.31,22.2,2010
"Justice Cunningham",TE,2013,"South Carolina",31.5,4.94,116,17,7.12,4.45,-,-
"Justin Jones",TE,2014,"East Carolina",37.0,4.95,113,22,6.88,4.60,-,-
"Justin Perillo",TE,2014,Maine,30.5,4.81,109,19,6.98,4.36,20.7,2011
"Kaden Smith",TE,2019,Stanford,32.0,4.92,108,15,7.08,4.47,20.4,2017
"Kahale Warring",TE,2019,"San Diego State",36.5,4.67,122,19,7.21,4.25,20.5,2017
"Keenen Brown",TE,2019,"Texas State",33.0,4.75,117,17,7.27,4.51,22.7,2018
"Keith Towbridge",TE,2017,Louisville,37.5,4.77,125,19,7.10,4.40,-,-
"Kellen Davis",TE,2008,"Michigan State",28.0,4.60,118,22,7.25,4.38,21.9,2007
"Kendall Blanton",TE,2019,Missouri,31.0,4.95,113,22,7.37,4.42,-,-
"Kennard Backman",TE,2015,UAB,35.5,4.71,117,17,7.23,4.49,19.5,2012
"Kent Taylor",TE,2017,UTEP,32.0,4.69,120,-,7.54,4.41,-,-
"Kevin Rader",TE,2018,"Youngstown State",34.0,4.97,112,17,7.07,4.46,-,-
"Khari Lee",TE,2015,"Bowie State",36.0,5.08,115,18,7.62,4.42,20.6,2012
"Kyle Carter",TE,2016,"Penn State",35.5,4.69,122,13,7.09,4.37,-,-
"Kyle Nelson",TE,2011,"New Mexico State",30.0,4.68,107,21,7.32,4.37,-,-
"Kyle Rudolph",TE,2011,"Notre Dame",34.5,4.88,113,19,7.24,4.37,-,-
"Ladarius Green",TE,2012,Louisiana-Lafayette,34.5,4.53,124,16,7.12,4.47,18.3,2008
"Lance Kendricks",TE,2011,Wisconsin,34.5,4.75,122,25,6.94,4.15,21.6,2009
"Larry Donnell",TE,2011,Grambling,34.5,4.96,116,-,7.41,4.59,21.8,2010
"Lee Smith",TE,2011,Marshall,29.0,5.01,108,25,7.13,4.28,-,-
"Levine Toilolo",TE,2013,Stanford,33.5,4.86,117,17,7.09,4.57,20.1,2011
"Logan Paulsen",TE,2010,UCLA,27.5,4.94,107,25,7.36,4.52,-,-
"Logan Thomas",TE,2014,"Virginia Tech",35.5,4.61,118,-,7.05,4.18,-,-
"Luke Stocker",TE,2011,Tennessee,33.0,4.79,115,27,7.03,4.40,21.1,2009
"Luke Willson",TE,2013,Rice,38.0,4.56,122,23,7.08,4.29,20.6,2010
"Manasseh Garner",TE,2015,Pittsburgh,30.5,4.81,118,25,7.12,4.47,-,-
"MarQueis Gray",TE,2013,Minnesota,30.0,4.73,111,15,7.25,4.30,-,-
"Marcedes Lewis",TE,2006,UCLA,37.0,4.80,118,23,7.24,4.84,21.3,2005
"Marcel Jensen",TE,2014,"Fresno State",35.0,4.85,115,24,7.38,4.60,-,-
"Marcus Baugh",TE,2018,"Ohio State",33.0,4.87,117,-,7.28,4.51,-,-
"Marcus Lucas",TE,2014,Missouri,36.0,4.60,124,20,7.07,4.25,19.5,2011
"Mark Andrews",TE,2018,Oklahoma,31.0,4.67,113,17,7.34,4.38,21.0,2017
"Mark Harrison",TE,2013,Rutgers,38.5,4.46,129,17,6.99,4.33,19.7,2010
"Martellus Bennett",TE,2008,"Texas A&M",34.0,4.68,118,18,7.64,4.53,18.5,2005
"Mason Schreck",TE,2017,Buffalo,34.5,4.81,118,19,7.36,4.27,22.8,2016
"Matt Flanagan",TE,2018,Pittsburgh,31.5,4.82,116,-,7.21,4.38,-,-
"Matt LaCosse",TE,2015,Illinois,30.0,4.76,116,20,7.30,4.57,-,-
"Matt Lengel",TE,2015,"Eastern Kentucky",32.0,4.96,117,26,7.26,4.33,-,-
"Matt Weiser",TE,2016,Buffalo,30.0,4.85,114,18,7.15,4.41,22.9,2015
"Matthew Mulligan",TE,2009,Maine,-,4.91,-,-,-,-,22.6,2007
"Maxx Williams",TE,2015,Minnesota,34.5,4.78,117,17,7.30,4.37,19.4,2013
"Michael Egnew",TE,2012,Missouri,36.0,4.62,131,21,7.03,4.32,20.8,2010
"Michael Hoomanawanui",TE,2010,Illinois,32.5,4.82,110,25,7.67,4.52,-,-
"Michael Roberts",TE,2017,Toledo,30.0,4.86,110,-,7.05,4.51,22.3,2016
"Mickey Shuler",TE,2010,"Penn State",37.5,4.68,131,28,6.77,4.25,-,-
"Mike Flacco",TE,2014,"New Haven",33.5,4.79,115,14,7.21,4.34,26.6,2013
"Mike Gesicki",TE,2018,"Penn State",41.5,4.54,129,22,6.76,4.10,20.9,2016
"Mike McFarland",TE,2015,"South Florida",35.0,4.85,116,18,7.15,4.40,-,-
"Mitchell Henry",TE,2015,"Western Kentucky",37.0,4.74,114,15,7.15,4.28,-,-
"Mo Alie-Cox",TE,2017,VCU,35.5,4.80,122,23,7.25,4.45,-,-
"Moritz Boehringer",TE,2016,None,39.0,4.48,131,17,6.65,4.10,-,-
"MyCole Pruitt",TE,2015,"Southern Illinois",38.0,4.58,118,17,7.25,4.37,19.5,2011
"Mychal Rivera",TE,2013,Tennessee,31.0,4.81,112,17,7.17,4.43,-,-
"Neal Sterling",TE,2015,Monmouth,35.5,4.68,116,16,7.07,4.25,21.6,2013
"Nic Jacobs",TE,2014,LSU,35.0,4.81,117,15,7.40,4.72,21.9,2013
"Nick Boyle",TE,2015,Delaware,30.5,5.04,112,20,7.13,4.23,20.6,2013
"Nick Kasa",TE,2013,Colorado,31.5,4.71,113,22,7.18,4.45,21.8,2012
"Nick Keizer",TE,2018,"Grand Valley State",32.0,4.82,121,27,7.35,4.35,22.4,2017
"Nick O'Leary",TE,2015,"Florida State",30.5,4.93,110,21,7.40,4.50,21.0,2013
"Nick Truesdell",TE,2013,Cincinnati,31.5,4.78,114,10,6.83,4.47,-,-
"Nick Vannett",TE,2016,"Ohio State",30.5,4.95,111,17,7.05,4.20,-,-
"Niles Paul",TE,2011,Nebraska,34.5,4.51,117,24,6.90,4.14,20.1,2009
"Noah Fant",TE,2019,Iowa,39.5,4.50,127,20,6.81,4.22,19.8,2017
"O.J. Howard",TE,2017,Alabama,30.0,4.51,121,22,6.85,4.16,21.8,2016
"Orson Charles",TE,2012,Georgia,30.5,4.78,113,35,-,4.37,20.6,2011
"Owen Daniels",TE,2006,Wisconsin,34.5,4.65,114,23,6.88,4.11,22.8,2005
"Paul Butler",TE,2018,"Cal - Pennsylvania",39.5,4.91,118,19,7.06,4.47,-,-
"Pharaoh Brown",TE,2017,Oregon,34.0,4.88,103,24,7.24,4.46,20.3,2014
"Pharoah McKever",TE,2018,"Florida Intl",31.5,4.84,119,15,7.26,4.72,-,-
"Phazahn Odom",TE,2017,Fordham,33.0,4.84,119,18,7.27,4.55,21.2,2015
"Phillip Supernaw",TE,2012,"Quachita Baptis",32.5,4.75,110,18,7.10,4.60,19.6,2009
"Randall Telfer",TE,2015,USC,-,4.88,-,20,-,-,-,-
"Reggie Jordan",TE,2014,"Missouri Western",30.0,4.77,116,24,7.22,4.30,21.2,2012
"Rhett Ellison",TE,2012,USC,31.5,4.88,111,-,7.16,4.39,-,-
"Richard Rodgers",TE,2014,California,31.5,4.87,116,16,7.23,4.47,-,-
"Richard Ross",TE,2015,"Old Dominion",-,4.65,-,-,-,-,-,-
"Ricky Seals-Jones",TE,2017,"Texas A&M",28.0,4.69,121,17,7.46,4.33,20.3,2015
"Rico Gathers",TE,2016,Baylor,-,4.84,115,-,-,4.56,-,-
"Rob Blanchflower",TE,2014,Massachusetts,32.0,4.87,112,22,7.15,4.47,22.2,2012
"Rob Gronkowski",TE,2010,Arizona,33.5,4.73,119,23,7.18,4.47,18.3,2007
"Rob Housler",TE,2011,"Florida Atlantic",37.0,4.55,117,22,6.90,4.21,20.5,2008
"Robert Tonyan",TE,2017,"Indiana State",35.0,4.63,125,16,7.12,4.34,20.4,2014
"Rory Anderson",TE,2015,"South Carolina",-,4.78,-,-,-,-,-,-
"Ross Dwelley",TE,2018,"San Diego",27.5,4.95,-,-,-,-,20.6,2015
"Ross Travis",TE,2015,"Penn State",-,4.65,-,-,-,-,-,-
"Ryan Griffin",TE,2013,Connecticut,34.5,4.92,113,21,7.01,4.43,21.7,2011
"Ryan Izzo",TE,2018,"Florida State",33.0,4.94,110,18,7.15,4.43,21.7,2017
"Ryan Malleck",TE,2016,"Virginia Tech",34.5,4.86,121,18,7.00,4.33,-,-
"Ryan Nall",TE,2018,"Oregon State",33.0,4.58,122,15,6.95,4.16,20.7,2016
"Ryan O'Malley",TE,2016,Pennsylvania,32.0,4.82,117,19,7.47,4.53,-,-
"Ryan Smith",TE,2018,"Miami (OH)",28.0,4.92,110,-,7.46,-,19.6,2015
"Ryan Yurachek",TE,2018,Marshall,32.5,4.75,113,18,7.34,4.44,19.0,2015
"Scott Chandler",TE,2007,Iowa,30.0,4.78,111,16,7.26,4.32,21.1,2006
"Scott Orndoff",TE,2017,Pittsburgh,27.0,4.84,112,17,7.37,4.45,21.7,2015
"Scott Simonson",TE,2014,"Assumption College",30.5,4.92,111,24,7.38,4.62,19.4,2011
"Sean Culkin",TE,2017,Missouri,35.5,4.76,120,21,7.20,4.46,-,-
"Sean McGrath",TE,2012,"Henderson State",35.5,4.83,123,-,6.99,4.16,22.8,2010
"Seth Devalve",TE,2016,Princeton,40.0,4.73,125,22,6.96,4.18,20.6,2013
"Shane Smith",TE,2017,"San Jose State",37.0,4.86,126,36,7.37,4.48,-,-
"Stephen Anderson",TE,2016,California,38.0,4.65,119,16,6.95,4.13,21.6,2014
"Steven Scheu",TE,2016,Vanderbilt,33.0,4.80,116,23,7.14,4.35,22.2,2014
"T.J. Hockenson",TE,2019,Iowa,37.5,4.70,123,17,7.02,4.18,21.2,2018
"Tanner Hudson",TE,2018,"Southern Arkansas",-,-,-,-,-,-,20.8,2015
"Taylor McNamara",TE,2017,USC,32.5,4.83,117,14,7.07,4.36,-,-
"Taylor Thompson",TE,2012,SMU,37.0,4.60,126,22,7.43,4.38,-,-
"Ted Bolser",TE,2014,Indiana,31.0,4.76,111,19,7.15,4.50,19.9,2010
"Temarrick Hemingway",TE,2016,"South Carolina State",30.5,4.71,115,18,6.88,4.31,20.1,2013
"Thomas Duarte",TE,2016,UCLA,33.5,4.72,118,12,6.97,4.24,20.4,2015
"Tim Semisch",TE,2015,"Northern Illinois",31.0,5.03,112,16,7.37,4.43,-,-
"Timothy Wright",TE,2013,Rutgers,36.0,4.70,118,19,7.27,4.47,-,-
"Tom Crabtree",TE,2010,"Miami (OH)",-,4.74,-,-,-,-,-,-
"Tommy Sweeney",TE,2019,"Boston College",-,4.83,-,17,-,-,21.2,2016
"Tony Moeaki",TE,2010,Iowa,34.0,4.69,113,18,7.10,4.42,22.2,2009
"Travis Beckum",TE,2009,Wisconsin,38.5,4.66,118,28,7.05,4.10,19.6,2006
"Travis Kelce",TE,2013,Cincinnati,35.0,4.66,124,-,7.09,4.42,22.9,2012
"Trey Burton",TE,2014,Florida,30.0,4.62,112,19,7.14,4.32,21.9,2013
"Troy Fumagalli",TE,2018,Wisconsin,-,-,-,14,-,-,21.2,2016
"Troy Niklas",TE,2014,"Notre Dame",32.0,4.89,114,27,7.57,4.55,21.0,2013
"Tyler Beck",TE,2014,"Bowling Green",35.0,4.81,118,18,7.33,4.43,-,-
"Tyler Conklin",TE,2018,"Central Michigan",38.0,4.80,120,18,7.13,4.23,21.1,2016
"Tyler Eifert",TE,2013,"Notre Dame",35.5,4.68,119,22,6.92,4.32,21.0,2011
"Tyler Higbee",TE,2016,"Western Kentucky",-,4.80,-,-,-,-,22.7,2015
"Tyler Kroft",TE,2015,Rutgers,34.0,4.80,120,17,7.18,4.50,20.9,2013
"Tyrone Swoopes",TE,2017,Texas,35.0,4.73,115,19,6.89,4.39,-,-
"Vance McDonald",TE,2013,Rice,33.5,4.69,119,31,7.08,4.53,20.2,2010
"Vernon Davis",TE,2006,Maryland,42.0,4.38,128,33,7.00,4.17,21.6,2005
"Vince Mayle",TE,2015,"Washington State",35.5,4.67,117,-,6.93,4.13,22.2,2013
"Virgil Green",TE,2011,Nevada,42.5,4.64,130,23,6.90,4.40,21.1,2009
"Wes Saxton",TE,2015,"South Alabama",36.0,4.65,119,19,7.29,4.49,-,-
"Will Dissly",TE,2018,Washington,28.0,4.87,111,15,7.07,4.40,-,-
"Will Tye",TE,2015,"Stony Brook",31.5,4.62,112,-,7.21,4.65,21.8,2013
"Xavier Grimble",TE,2014,USC,26.5,4.95,113,16,7.41,4.79,-,-
"Zach Conque",TE,2017,"Stephen F. Austin",36.5,4.64,123,12,6.86,4.28,-,-
"Zach Ertz",TE,2013,Stanford,35.5,4.76,114,24,7.08,4.47,21.8,2012
"Zach Gentry",TE,2019,Michigan,29.5,4.90,110,12,7.40,4.53,21.0,2017
"Zach Miller",TE,2007,"Arizona State",34.0,4.87,115,16,7.01,4.42,20.7,2006
"Zach Miller",TE,2009,"Nebraska Omaha",37.5,4.58,124,16,7.06,4.22,-,-
"Zach Sudfeld",TE,2013,Nevada,37.0,4.83,113,11,7.08,4.41,23.4,2012
