"Full Name",Position,"Birth Date",Age,"Hand Size","Arm Length",College,Height,BMI,"Draft Pick","Height (Inches)",Team
"A.J. Brown",WR,6/30/1997,21.7,"9 3/4","32 7/8",Mississippi,"6' 0""",30.6,-,72,-
"A.J. Green",WR,7/31/1988,30.6,"9 1/4","34 3/8",Georgia,"6' 4""",25.7,1.04,76,"Cincinnati Bengals"
"A.J. Jenkins",WR,9/30/1989,29.5,"9 1/2","32 3/4",Illinois,"6' 0""",26.0,1.30,72,-
"Aaron Burbridge",WR,12/23/1993,25.2,"8 1/4","31 5/8","Michigan State","6' 0""",27.9,6.38,72,"Denver Broncos"
"Aaron Dobson",WR,7/23/1991,27.7,"9    ","33    ",Marshall,"6' 3""",26.2,2.27,75,-
"Aaron Mellette",WR,12/28/1989,29.2,"9 5/8","33 1/8","Elon College","6' 2""",27.9,7.32,74,-
"Ace Sanders",WR,11/11/1991,27.4,"8 7/8","29 1/2","South Carolina","5' 7""",27.1,4.04,67,-
"Adam Humphries",WR,6/24/1993,25.7,"9 1/4","30    ",Clemson,"5' 11""",27.2,Undrafted,71,"Tennessee Titans"
"Adam Thielen",WR,8/22/1990,28.6,-,-,"Minnesota State","6' 3""",25.0,Undrafted,75,"Minnesota Vikings"
"Adrian Coxson",WR,8/14/1992,26.6,"9 3/4","31 3/4","Stony Brook","6' 1""",28.4,Undrafted,73,-
"Ahmad Fulwood",WR,1/10/1995,24.2,"9 1/4","32    ",Florida,"6' 4""",24.6,Undrafted,76,-
"Alan Bonner",WR,11/5/1990,28.4,"9 3/8","30 1/4","Jacksonville State","5' 10""",27.7,6.27,70,-
"Albert Wilson",WR,7/12/1992,26.7,"9 1/8","30 3/8","Georgia State","5' 9""",29.8,Undrafted,69,"Miami Dolphins"
"Aldrick Robinson",WR,11/24/1988,30.3,"8 3/4","29 1/2",SMU,"5' 10""",26.4,6.13,70,"Minnesota Vikings"
"Alex Erickson",WR,11/6/1992,26.4,"9    ","30    ",Wisconsin,"6' 0""",26.4,Undrafted,72,"Cincinnati Bengals"
"Alex Neutz",WR,3/2/1991,28.1,"9 1/4","32 1/2",Buffalo,"6' 3""",26.7,Undrafted,75,-
"Alex Wesley",WR,-,-,"9    ","31 1/4","Northern Colorado","6' 0""",25.8,-,72,-
"Allen Hurns",WR,11/12/1991,27.4,"9 1/4","32    ","Miami (FL)","6' 1""",27.0,Undrafted,73,"Dallas Cowboys"
"Allen Lazard",WR,12/11/1995,23.3,"9 3/4","32 1/4","Iowa State","6' 3""",28.1,Undrafted,75,"Green Bay Packers"
"Allen Robinson",WR,8/24/1993,25.6,"9 1/2","32    ","Penn State","6' 2""",28.2,2.29,74,"Chicago Bears"
"Allenzae Staggers",WR,-,-,"8 7/8","31 7/8","S. Mississippi","6' 0""",24.5,Undrafted,72,-
"Alonzo Moore",WR,11/10/1992,26.4,"9 7/8","31 5/8",Nebraska,"6' 0""",27.0,Undrafted,72,-
"Alonzo Russell",WR,9/29/1992,26.5,"9 1/2","33 7/8",Toledo,"6' 4""",25.1,Undrafted,76,"New York Giants"
"Alshon Jeffery",WR,2/14/1990,29.1,"10 1/4","33    ","South Carolina","6' 3""",27.0,2.13,75,"Philadelphia Eagles"
"Amara Darboh",WR,2/1/1994,25.1,"9 7/8","32 5/8",Michigan,"6' 2""",27.5,3.42,74,"Seattle Seahawks"
"Amari Cooper",WR,6/19/1994,24.8,"10    ","31 1/2",Alabama,"6' 1""",27.8,1.04,73,"Dallas Cowboys"
"Amba Etta-Tawo",WR,11/10/1993,25.4,"9 1/8","32    ",Syracuse,"6' 1""",27.4,Undrafted,73,-
"Anas Hasic",WR,-,-,"9 1/4","31    ","West Florida","5' 11""",29.6,Undrafted,71,-
"Andre Caldwell",WR,4/15/1985,33.9,"9    ","32 1/4",Florida,"6' 0""",27.1,3.34,72,-
"Andre Davis",WR,9/1/1993,25.6,"9 1/4","33 1/4","South Florida","6' 1""",27.0,Undrafted,73,-
"Andre Debose",WR,9/12/1990,28.5,"8 5/8","32 1/4",Florida,"6' 0""",26.4,7.04,72,-
"Andre Holmes",WR,6/16/1988,30.8,"8 5/8","34    ",Hillsdale,"6' 4""",27.1,Undrafted,76,-
"Andre Johnson",WR,7/11/1981,37.7,"9 1/8","34    ","Miami (FL)","6' 2""",28.9,1.03,74,-
"Andre Levrone",WR,3/9/1995,24.0,"9 1/2","32    ",Virginia,"6' 3""",27.0,Undrafted,75,"Carolina Panthers"
"Andre Patton",WR,5/28/1994,24.8,"9 3/4","31 7/8",Rutgers,"6' 2""",25.4,Undrafted,74,"Los Angeles Chargers"
"Andre Roberts",WR,1/9/1988,31.2,"9 1/2","31 1/2",Citadel,"5' 11""",27.2,3.24,71,"Buffalo Bills"
"Andrew Hawkins",WR,3/10/1986,33.0,-,-,Toledo,"5' 7""",27.4,Undrafted,67,-
"Andy Cruse",WR,1/13/1990,29.2,-,-,"Miami (OH)","6' 3""",26.5,Undrafted,75,-
"Andy Isabella",WR,11/18/1996,22.3,"8 3/8","29 3/4",Massachusetts,"5' 9""",27.8,-,69,-
"Andy Jones",WR,6/28/1994,24.7,"9 3/8","32    ",Jacksonville,"6' 1""",28.6,Undrafted,73,"Detroit Lions"
"Anquan Boldin",WR,10/3/1980,38.5,"9 7/8","30    ","Florida State","6' 1""",29.0,2.22,73,-
"Anthony Dable",WR,9/25/1988,30.5,-,-,None,"6' 5""",25.5,Undrafted,77,-
"Anthony Johnson",WR,1/29/1995,24.1,"9 3/8","31 3/8",Buffalo,"6' 2""",26.8,-,74,-
"Anthony Miller",WR,10/9/1994,24.4,"10 5/8","31 5/8",Memphis,"5' 11""",28.0,2.19,71,"Chicago Bears"
"Anthony Warrum",WR,7/10/1994,24.7,"9    ","30 1/8","Illinois State","6' 0""",25.8,Undrafted,72,-
"Antoine Wesley",WR,10/22/1997,21.4,"9 3/4","34    ","Texas Tech","6' 4""",25.1,-,76,-
"Antonio Brown",WR,7/10/1988,30.7,"9    ","31    ","Central Michigan","5' 10""",26.7,6.26,70,"Oakland Raiders"
"Antonio Callaway",WR,1/8/1997,22.2,"9 1/2","31 1/2",Florida,"5' 11""",27.9,4.05,71,"Cleveland Browns"
"Antwan Goodley",WR,9/6/1991,27.5,"9 1/4","30 3/4",Baylor,"5' 10""",30.0,Undrafted,70,-
"Antwane Grant",WR,4/14/1993,25.9,"9 1/4","31    ","Western Kentucky","6' 0""",27.4,Undrafted,72,-
"ArDarius Stewart",WR,12/8/1993,25.3,"9 3/8","32 1/2",Alabama,"5' 11""",28.4,3.15,71,-
"Armon Binns",WR,9/8/1989,29.5,"9 1/2","32 1/2",Cincinnati,"6' 3""",26.1,Undrafted,75,-
"Arrelious Benn",WR,6/20/1989,29.8,"7 7/8","33 7/8","Coastal Carolina","6' 2""",23.2,Undrafted,74,-
"Artavis Scott",WR,10/12/1994,24.4,"9 3/8","31 3/8",Clemson,"5' 10""",27.7,Undrafted,70,"Los Angeles Chargers"
"Ashton Dulin",WR,5/17/1997,21.8,"9    ","33 3/8",Malone,"6' 1""",28.4,-,73,-
"Auden Tate",WR,2/3/1997,22.1,"9 3/8","33 3/4","Florida State","6' 5""",27.0,7.35,77,"Cincinnati Bengals"
"Austin Carr",WR,12/25/1993,25.2,"9    ","30    ",Northwestern,"6' 0""",27.4,Undrafted,72,"New Orleans Saints"
"Austin Collie",WR,11/11/1985,33.4,"9    ","31    ","Brigham Young","6' 0""",27.1,4.27,72,-
"Austin Duke",WR,8/3/1993,25.6,"8 5/8","28 5/8",Charlotte,"5' 9""",25.1,Undrafted,69,-
"Austin Franklin",WR,12/6/1992,26.3,"10    ","31 1/4","New Mexico State","5' 11""",26.4,Undrafted,71,-
"Austin Hill",WR,7/17/1991,27.7,"9 1/8","31 5/8",Arizona,"6' 2""",27.0,Undrafted,74,-
"Austin Pettis",WR,2/8/1988,31.1,"9 3/4","31 3/4","Boise State","6' 3""",26.1,3.14,75,-
"Austin Proehl",WR,10/11/1995,23.4,"8 1/2","28 7/8",UNC,"5' 9""",26.9,7.37,69,"Los Angeles Rams"
"Austin Willis",WR,4/13/1992,26.9,"9 3/8","29 3/8","Emporia State","5' 9""",26.0,Undrafted,69,-
"B.J. Cunningham",WR,5/29/1989,29.8,"8 1/8","33    ","Michigan State","6' 1""",28.4,6.13,73,-
"Ben Edwards",WR,4/11/1992,26.9,"8 1/4","29 3/4",Richmond,"5' 10""",28.3,Undrafted,70,-
"Bennie Fowler",WR,6/10/1991,27.8,"9 1/2","32    ","Michigan State","6' 1""",28.6,Undrafted,73,"New York Giants"
"Bernard Reedy",WR,12/31/1991,27.2,"9 1/8","30    ",Toledo,"5' 9""",25.8,Undrafted,69,-
"Blake Jackson",WR,3/7/1994,25.0,-,-,"M. Hardin-Baylor","5' 11""",28.6,Undrafted,71,"Cleveland Browns"
"Bobo Wilson",WR,1/25/1995,24.2,"9 3/8","31 3/8","Florida State","5' 9""",27.9,Undrafted,69,"Tampa Bay Buccaneers"
"Bra'lon Cherry",WR,7/24/1995,23.7,"8 1/2","30 7/8","NC State","5' 11""",26.2,Undrafted,71,-
"Brad Smith",WR,12/12/1983,35.3,-,-,Missouri,"6' 2""",27.2,4.06,74,-
"Bradley Marquez",WR,12/14/1992,26.3,"9    ","30 1/2","Texas Tech","5' 11""",28.0,Undrafted,71,-
"Braelon Roberts",WR,8/25/1994,24.6,"8 3/8","33    ","Utah State","6' 3""",25.2,Undrafted,75,-
"Brandin Cooks",WR,9/25/1993,25.5,"9 5/8","30 3/4","Oregon State","5' 10""",27.1,1.20,70,"Los Angeles Rams"
"Brandon Coleman",WR,6/22/1992,26.7,"9 1/4","34    ",Rutgers,"6' 6""",26.0,Undrafted,78,-
"Brandon Gibson",WR,8/13/1987,31.6,-,"32    ","Washington State","6' 0""",28.5,6.21,72,-
"Brandon LaFell",WR,11/4/1986,32.4,"8 3/4","32 3/4",LSU,"6' 2""",27.1,3.14,74,-
"Brandon Lloyd",WR,7/5/1981,37.7,"9    ","31 1/4",Illinois,"6' 0""",27.1,4.25,72,-
"Brandon Marshall",WR,3/23/1984,35.0,"8 7/8","32 5/8","Central Florida","6' 4""",28.0,4.22,76,-
"Brandon Powell",WR,9/12/1995,23.5,"8 7/8","29 1/4",Florida,"5' 8""",27.5,Undrafted,68,"Detroit Lions"
"Brandon Reilly",WR,9/24/1993,25.5,"8 7/8","29 1/4",Nebraska,"6' 2""",25.9,Undrafted,74,"Detroit Lions"
"Brandon Shippen",WR,5/17/1994,24.8,"9    ","30 3/8",Temple,"5' 11""",27.2,Undrafted,71,-
"Brandon Tate",WR,10/5/1987,31.5,-,"30 3/4","North Carolina","6' 1""",25.7,3.19,73,-
"Brandon Zylstra",WR,3/24/1993,26.0,"9 1/4","31 1/4",Concordia,"6' 2""",27.5,Undrafted,74,"Minnesota Vikings"
"Braxton Berrios",WR,10/6/1995,23.5,"9 1/4","28    ",Miami,"5' 9""",27.2,6.36,69,"New England Patriots"
"Braxton Miller",WR,11/30/1992,26.3,"9 1/8","31 3/4","Ohio State","6' 1""",26.5,3.22,73,"Philadelphia Eagles"
"Brelan Chancellor",WR,8/6/1992,26.6,"9 5/8","30    ","North Texas","5' 9""",27.8,Undrafted,69,-
"Brenton Bersin",WR,5/9/1990,28.9,-,"31 1/4",Wofford,"6' 3""",26.4,Undrafted,75,-
"Breshad Perriman",WR,9/10/1993,25.5,"9 1/4","32    ",UCF,"6' 2""",27.2,1.26,74,"Tampa Bay Buccaneers"
"Brian Brown",WR,10/22/1994,24.4,"9    ","31 1/8",Richmond,"6' 1""",26.9,Undrafted,73,-
"Brian Hartline",WR,11/22/1986,32.3,"10    ","32    ","Ohio State","6' 2""",25.5,4.08,74,-
"Brian Quick",WR,6/5/1989,29.8,"9 3/4","34 1/4","Appalachian State","6' 3""",27.5,2.01,75,-
"Brian Tyms",WR,2/21/1989,30.1,-,"32 2/3","Florida A&M","6' 3""",25.5,Undrafted,75,-
"Brice Butler",WR,1/29/1990,29.1,"9 3/8","34 1/2","San Diego State","6' 3""",26.6,7.03,75,"Miami Dolphins"
"Brisly Estime",WR,12/1/1992,26.3,"8    ","29 3/4",Syracuse,"5' 8""",28.3,Undrafted,68,-
"Brittan Golden",WR,7/20/1988,30.7,-,-,"West Texas A&M","5' 11""",25.9,Undrafted,71,"New York Giants"
"Bruce Ellington",WR,8/22/1991,27.6,"9 5/8","31    ","South Carolina","5' 9""",29.1,4.06,69,"New England Patriots"
"Bryan Walters",WR,11/4/1987,31.4,-,-,Cornell,"6' 0""",25.8,Undrafted,72,-
"Bryant Mitchell",WR,8/16/1992,26.6,"9 1/2","32 3/8","Northwestern State","6' 1""",24.4,Undrafted,73,"Arizona Cardinals"
"Bryce Bobo",WR,6/21/1995,23.7,"10    ","32 7/8",Colorado,"6' 2""",26.2,Undrafted,74,-
"Bryce Treggs",WR,4/30/1994,24.9,"9 1/8","30 7/8",California,"5' 10""",26.5,Undrafted,70,-
"Bud Sasser",WR,5/29/1992,26.8,"10 1/8","33    ",Missouri,"6' 2""",27.7,6.25,74,-
"Bug Howard",WR,11/28/1994,24.3,"10 3/8","33 1/8","North Carolina","6' 4""",26.9,Undrafted,76,-
"Byron Pringle",WR,11/17/1993,25.3,"9 1/4","32    ","Kansas State","6' 1""",27.0,Undrafted,73,"Kansas City Chiefs"
"C.J. Board",WR,12/12/1993,25.3,"9 1/4","31 1/2","TN Chattanooga","6' 1""",23.9,Undrafted,73,"Jacksonville Jaguars"
"Caleb Holley",WR,12/26/1990,28.2,"9 3/4","31 5/8","East Central Okla","6' 2""",25.7,Undrafted,74,-
"Caleb Scott",WR,2/8/1996,23.1,"9    ","30 5/8",Vanderbilt,"6' 2""",26.1,Undrafted,74,"Seattle Seahawks"
"Calvin Johnson",WR,9/29/1985,33.5,"9 7/8","33 3/8","Georgia Tech","6' 5""",28.0,1.02,77,-
"Calvin Ridley",WR,12/20/1994,24.3,"9 1/8","31 5/8",Alabama,"6' 1""",24.9,1.26,73,"Atlanta Falcons"
"Cam Phillips",WR,12/16/1995,23.3,"8 7/8","30 1/2","Virginia Tech","6' 0""",27.0,Undrafted,72,"Buffalo Bills"
"Cam Sims",WR,1/6/1996,23.2,"9 5/8","33 1/4",Alabama,"6' 4""",25.8,Undrafted,76,Washington
"Cam Worthy",WR,4/6/1992,27.0,"10 1/8","33 1/2","East Carolina","6' 2""",27.1,Undrafted,74,-
"Cameron Batson",WR,12/20/1995,23.3,"9    ","28 7/8","Texas Tech","5' 8""",26.6,Undrafted,68,"Tennessee Titans"
"Cameron Meredith",WR,9/21/1992,26.5,"9 1/4","32 1/8","Illinois State","6' 3""",25.0,Undrafted,75,"New Orleans Saints"
"Canaan Severin",WR,3/16/1993,26.0,"9 3/4","33 1/8",Virginia,"6' 2""",27.2,Undrafted,74,-
"Carlos Henderson",WR,12/19/1994,24.3,"9 1/8","31 3/8","Louisiana Tech","5' 11""",27.8,3.18,71,-
"Carlton Agudosi",WR,2/1/1994,25.1,"9 1/2","35 1/2",Rutgers,"6' 5""",25.7,Undrafted,77,"Philadelphia Eagles"
"Cayleb Jones",WR,3/21/1993,26.0,"9 1/4","32 3/4",Arizona,"6' 3""",26.1,Undrafted,75,-
"Cecil Shorts",WR,12/22/1987,31.3,"9 1/4","31 5/8","Mount Union","6' 0""",27.8,4.17,72,-
"Cedrick Wilson",WR,11/20/1995,23.3,"9 3/4","31 1/2","Boise State","6' 2""",24.1,6.34,74,"Dallas Cowboys"
"Chad Beebe",WR,6/1/1994,24.8,"9 1/8","27 7/8","Northern Illinois","5' 10""",25.5,Undrafted,70,"Minnesota Vikings"
"Chad Hansen",WR,1/18/1995,24.2,"10 1/8","32 1/8",California,"6' 2""",25.9,4.35,74,"Denver Broncos"
"Chad Williams",WR,10/19/1994,24.4,"9 3/4","32    ",Grambling,"6' 0""",28.1,3.34,72,"Arizona Cardinals"
"Chance Allen",WR,1/11/1994,25.2,"9 1/2","32 7/8",Houston,"6' 1""",27.3,Undrafted,73,-
"Chandler Jones",WR,11/28/1991,27.3,"8 1/2","29 1/2","San Jose State","5' 11""",24.3,Undrafted,71,-
"Charles Johnson",WR,2/27/1989,30.1,"9 1/4","30 1/2","Grand Valley","6' 2""",27.6,7.10,74,-
"Charone Peake",WR,10/16/1992,26.4,"9 1/4","34    ",Clemson,"6' 2""",26.8,7.20,74,"New York Jets"
"Chester Rogers",WR,1/12/1994,25.2,"7 1/2","30 1/8","Grambling State","6' 0""",25.1,Undrafted,72,-
"Chris Boyd",WR,12/16/1991,27.3,"9 5/8","32 5/8",Vanderbilt,"6' 4""",25.1,Undrafted,76,-
"Chris Brown",WR,12/8/1994,24.3,"9    ","32 1/4","Notre Dame","6' 2""",24.9,Undrafted,74,-
"Chris Conley",WR,10/25/1992,26.4,"9 7/8","33 3/4",Georgia,"6' 2""",27.3,3.12,74,-
"Chris D. Harper",WR,9/10/1989,29.5,"9 3/4","32 3/4","Kansas State","6' 1""",30.2,4.26,73,-
"Chris Fields",WR,-,-,"8 7/8","31    ","Ohio State","6' 0""",26.9,Undrafted,72,-
"Chris Givens",WR,1/28/1989,30.1,"8 1/4","31 1/4","Wake Forest","5' 11""",27.6,4.01,71,-
"Chris Godwin",WR,2/27/1996,23.1,"9 1/8","31 5/8","Penn State","6' 1""",27.6,3.20,73,"Tampa Bay Buccaneers"
"Chris Harper",WR,12/7/1993,25.3,"9 1/8","31 7/8",California,"6' 0""",24.4,Undrafted,72,-
"Chris Hogan",WR,10/24/1988,30.4,-,-,Monmouth,"6' 1""",29.0,Undrafted,73,-
"Chris Lacy",WR,1/28/1996,23.1,"9 3/4","31 1/4","Oklahoma State","6' 3""",25.6,Undrafted,75,"Detroit Lions"
"Chris Matthews",WR,10/6/1989,29.5,-,-,Kentucky,"6' 5""",25.8,Undrafted,77,-
"Chris Moore",WR,6/16/1993,25.8,"9 3/8","33 3/8",Cincinnati,"6' 1""",27.2,4.09,73,"Baltimore Ravens"
"Chris Owusu",WR,1/6/1990,29.2,"8 1/2","31 3/4",Stanford,"6' 0""",27.1,Undrafted,72,-
"Chris Summers",WR,7/10/1989,29.7,-,"32 3/4",Liberty,"6' 5""",25.3,Undrafted,77,-
"Chris Thompson",WR,5/9/1994,24.9,"9 1/4","31 1/8","Florida ","5' 11""",23.8,Undrafted,71,-
"Chris Williams",WR,9/16/1987,31.5,-,-,"New Mexico State","5' 8""",26.6,Undrafted,68,-
"Christian Blake",WR,6/8/1996,22.8,"9 3/8","31 5/8","Northern Illinois","6' 0""",24.3,Undrafted,72,"Atlanta Falcons"
"Christian Kirk",WR,11/18/1996,22.3,"9 7/8","30 3/8","Texas A&M","5' 10""",28.8,2.15,70,"Arizona Cardinals"
"Christion Jones",WR,12/20/1992,26.3,"9    ","30    ",Alabama,"5' 10""",26.1,Undrafted,70,-
"Chuck Jacobs",WR,5/11/1990,28.9,"8 1/2","30 3/4","Utah State","6' 0""",24.1,Undrafted,72,-
"Clyde Gates",WR,6/13/1986,32.8,"9 1/4","30 1/2","Abilene Christian","6' 0""",25.8,Undrafted,72,-
"Cobi Hamilton",WR,11/13/1990,28.4,"8 3/4","32 1/2",Arkansas,"6' 2""",27.2,6.29,74,-
"Cody Core",WR,4/17/1994,24.9,"10 3/8","32    ",Mississippi,"6' 3""",25.6,6.24,75,"Cincinnati Bengals"
"Cody Hoffman",WR,3/13/1991,28.0,"9 3/4","33 1/4",BYU,"6' 4""",27.1,Undrafted,76,-
"Cody Hollister",WR,11/18/1993,25.3,"9 5/8","31 3/4",Arkansas,"6' 3""",26.7,Undrafted,75,-
"Cody Latimer",WR,10/10/1992,26.4,"9 5/8","32 5/8",Indiana,"6' 2""",27.6,2.24,74,"New York Giants"
"Cody Thompson",WR,1/11/1996,23.2,"9 3/8","31    ",Toledo,"6' 1""",27.0,-,73,-
"Colby Pearson",WR,1/19/1995,24.2,"9 3/8","31 3/8",BYU,"6' 0""",26.3,Undrafted,72,-
"Cole Beasley",WR,4/26/1989,29.9,-,"28 7/8",SMU,"5' 8""",26.9,Undrafted,68,"Buffalo Bills"
"Colin Lockett",WR,4/5/1991,28.0,"8 1/2","30 1/8","San Diego State","5' 11""",26.2,Undrafted,71,-
"Cooper Kupp",WR,6/15/1993,25.8,"9 1/2","31 1/2","E. Washington","6' 2""",26.2,3.05,74,"Los Angeles Rams"
"Cordarrelle Patterson",WR,3/17/1991,28.0,"9    ","31 3/4",Tennessee,"6' 2""",27.7,1.29,74,"Chicago Bears"
"Corey Brown",WR,1/23/1991,28.2,"9 3/8","31 3/4","Ohio State","5' 11""",24.8,Undrafted,71,-
"Corey Coleman",WR,7/2/1994,24.7,"9    ","30 1/4",Baylor,"5' 11""",27.1,1.15,71,"New York Giants"
"Corey Davis",WR,1/11/1995,24.2,"9 1/8","33    ","Western Michigan","6' 3""",26.1,1.05,75,"Tennessee Titans"
"Corey Fuller",WR,6/23/1990,28.7,"9 1/2","33 1/4","Virginia Tech","6' 2""",26.2,6.03,74,-
"Corey Smith",WR,3/1/1993,26.1,"9 1/8","30 5/8","Ohio State","6' 0""",24.8,Undrafted,72,-
"Corey Washington",WR,12/29/1991,27.2,"9 1/4","33    ","Newberry College","6' 4""",26.0,Undrafted,76,-
"Corey Willis",WR,5/2/1995,23.9,"9 1/8","29 1/2","Central Michigan","5' 10""",26.1,Undrafted,70,-
"Courtland Sutton",WR,10/10/1995,23.4,"9 3/4","32 3/8",SMU,"6' 3""",27.2,2.08,75,"Denver Broncos"
"Courtney Roby",WR,1/10/1983,36.2,"9 5/8","31 3/8",Indiana,"6' 0""",25.6,3.04,72,-
"Curtis Samuel",WR,8/11/1996,22.6,"9 1/2","31 1/4","Ohio State","5' 11""",27.3,2.08,71,"Carolina Panthers"
"Cyril Grayson",WR,12/5/1993,25.3,-,-,LSU,"5' 9""",27.0,Undrafted,69,"Chicago Bears"
"D.J. Chark",WR,9/23/1996,22.5,"9 1/4","32 3/8",LSU,"6' 3""",24.9,2.29,75,"Jacksonville Jaguars"
"D.J. Coles",WR,9/29/1989,29.5,"10    ","33 1/4","Virginia Tech","6' 3""",28.1,Undrafted,75,-
"D.J. Moore",WR,4/14/1997,21.9,"9 5/8","31 5/8",Maryland,"6' 0""",28.5,1.24,72,"Carolina Panthers"
"D.K. Metcalf",WR,12/14/1997,21.3,"9 7/8","34 7/8",Mississippi,"6' 3""",28.5,-,75,-
"Da'Mari Scott",WR,8/8/1995,23.6,"9    ","31 3/4","Fresno State","6' 0""",27.8,Undrafted,72,"Buffalo Bills"
"Da'Rick Rogers",WR,6/18/1991,27.8,"9 1/2","32 3/4","Tennessee Tech","6' 2""",27.9,Undrafted,74,-
"Da'Ron Brown",WR,9/21/1991,27.5,"10 1/4","32    ","Northern Illinois","6' 0""",27.8,7.16,72,-
"DaMarkus Lodge",WR,5/12/1997,21.9,"9 1/2","33 1/8",Mississippi,"6' 2""",25.9,-,74,-
"DaVaris Daniels",WR,12/18/1992,26.3,"9    ","31 1/4","Notre Dame","6' 1""",26.5,Undrafted,73,-
"DaeSean Hamilton",WR,3/10/1995,24.0,"9 3/8","31    ","Penn State","6' 1""",26.8,4.13,73,"Denver Broncos"
"Daikiel Shorts",WR,10/6/1994,24.5,"9 1/4","31    ","West Virginia","6' 0""",26.6,Undrafted,72,-
"Damaris Johnson",WR,11/22/1989,29.3,-,"27 3/8",Tulsa,"5' 8""",26.6,Undrafted,68,-
"Damarr Aultman",WR,1/13/1992,27.2,"9 1/2","30 1/8",Maine,"5' 11""",27.6,Undrafted,71,-
"Damian Copeland",WR,10/17/1990,28.4,"9    ","31 3/8",Louisville,"5' 11""",25.7,Undrafted,71,-
"Damian Williams",WR,5/26/1988,30.8,"9 1/4","31 3/4",USC,"6' 1""",26.3,3.13,73,-
"Damiere Byrd",WR,1/27/1993,26.1,"8    ","29 7/8","South Carolina","5' 9""",23.9,Undrafted,69,"Carolina Panthers"
"Damion Ratley",WR,4/16/1995,23.9,"9 1/2","31    ","Texas A&M","6' 2""",25.2,6.01,74,"Cleveland Browns"
"Damond Powell",WR,10/31/1992,26.4,"8 7/8","30 3/8",Iowa,"5' 11""",24.8,Undrafted,71,-
"Damore'ea Stringfellow",WR,10/18/1994,24.4,"10 5/8","33 1/4",Mississippi,"6' 2""",28.0,Undrafted,74,-
"Damoun Patterson",WR,9/16/1994,24.5,"8 5/8","30 3/8","Youngstown State","6' 0""",26.0,Undrafted,72,"New England Patriots"
"Danario Alexander",WR,8/7/1988,30.6,"10    ","34 3/4",Missouri,"6' 5""",26.2,Undrafted,77,-
"Dane Sanzenbacher",WR,10/13/1988,30.4,"8 1/4","30 1/2","Ohio State","5' 11""",25.1,Undrafted,71,-
"Daniel Braverman",WR,9/28/1993,25.5,"9 1/8","28 3/4","Western Michigan","5' 10""",25.1,7.09,70,-
"Daniel Williams",WR,8/6/1995,23.6,"9 1/2","32 1/2","Jackson State","6' 2""",30.0,Undrafted,74,-
"Danny Amendola",WR,11/2/1985,33.4,-,-,"Texas Tech","5' 10""",26.7,Undrafted,70,"Detroit Lions"
"Danny Coale",WR,6/27/1988,30.7,"9 1/8","30 5/8","Virginia Tech","6' 0""",25.8,5.17,72,-
"Dante Pettis",WR,10/23/1995,23.4,"9 1/2","32 1/4",Washington,"6' 1""",24.5,2.12,73,"San Francisco 49ers"
"Darius Davis",WR,3/14/1990,29.0,"9 3/8","30 5/8","Henderson State","5' 11""",29.6,Undrafted,71,-
"Darius Jennings",WR,6/28/1992,26.7,"8 3/8","28 1/2",Virginia,"5' 10""",24.2,Undrafted,70,"Tennessee Titans"
"Darius Johnson",WR,2/22/1991,28.1,"9 1/8","30 1/4",SMU,"5' 9""",26.4,Undrafted,69,-
"Darius Powe",WR,3/15/1994,25.0,"9 1/8","31 5/8","California ","6' 3""",27.5,Undrafted,75,-
"Darius Slayton",WR,-,-,"10    ","32 3/4",Auburn,"6' 1""",25.1,-,73,-
"Darren Andrews",WR,8/5/1995,23.6,"9 1/8","29 3/4",UCLA,"5' 10""",28.3,Undrafted,70,-
"Darren Carrington",WR,10/11/1994,24.4,"10 3/8","32 3/4",Utah,"6' 2""",25.5,Undrafted,74,-
"Darreus Rogers",WR,9/3/1993,25.5,"10 1/8","32    ",USC,"6' 1""",28.5,Undrafted,73,-
"Darrius Heyward-Bey",WR,2/26/1987,32.1,"9    ","33 5/8",Maryland,"6' 2""",27.0,1.07,74,-
"Darryl Surgent",WR,5/13/1992,26.9,"9 1/4","31 3/4",Louisiana-Lafayette,"5' 11""",26.5,Undrafted,71,-
"Darvin Kidsy",WR,3/19/1995,24.0,-,-,"Texas Southern","6' 0""",24.4,Undrafted,72,Washington
"Daurice Fountain",WR,12/22/1995,23.2,"10 1/8","34    ","Northern Iowa","6' 1""",27.2,5.22,73,"Indianapolis Colts"
"Davante Adams",WR,12/24/1992,26.2,"9    ","32 5/8","Fresno State","6' 1""",28.0,2.21,73,"Green Bay Packers"
"David Gettis",WR,8/27/1987,31.6,"10    ","34    ",Baylor,"6' 3""",27.1,6.29,75,-
"David Moore",WR,1/16/1995,24.2,"9 1/2","30 5/8","East Central Okla","6' 1""",28.9,7.08,73,"Seattle Seahawks"
"David Nelson",WR,11/7/1986,32.4,-,-,Florida,"6' 5""",25.4,Undrafted,77,-
"David Reed",WR,3/22/1987,32.0,"9 3/8","31 3/4",Utah,"6' 0""",25.8,5.25,72,-
"David Richards",WR,5/4/1993,25.9,"9 3/8","31 1/2",Arizona,"6' 3""",25.6,Undrafted,75,-
"David Sills",WR,5/29/1996,22.8,"9    ","32    ","West Virginia","6' 3""",26.4,-,75,-
"Davon Grayson",WR,9/5/1995,23.5,"9 3/8","31 3/8","East Carolina","6' 1""",26.3,Undrafted,73,"Kansas City Chiefs"
"Davonte Allen",WR,3/6/1993,26.0,"8 1/2","32 3/8",Marshall,"6' 1""",27.4,Undrafted,73,-
"De'Anthony Thomas",WR,1/5/1993,26.2,"8 1/8","29 7/8",Oregon,"5' 9""",25.7,4.24,69,-
"De'Mornay Pierson-El",WR,12/26/1995,23.2,"9 5/8","30 7/8",Nebraska,"5' 9""",28.6,Undrafted,69,-
"DeAndre Carter",WR,4/10/1993,25.9,"8 3/4","30 5/8","Sacramento State","5' 8""",28.1,Undrafted,68,"Houston Texans"
"DeAndre Hopkins",WR,6/6/1992,26.8,"10    ","33 3/8",Clemson,"6' 1""",28.2,1.27,73,"Houston Texans"
"DeAndre Reaves",WR,4/30/1992,26.9,"8    ","29 3/8",Marshall,"5' 10""",25.7,Undrafted,70,-
"DeAndre Smelter",WR,12/3/1991,27.3,"11    ","32 5/8","Georgia Tech","6' 2""",29.0,4.33,74,-
"DeAndrew White",WR,10/16/1991,27.4,"9 1/8","31    ",Alabama,"5' 11""",26.9,Undrafted,71,"Carolina Panthers"
"DeAngelo Yancey",WR,11/18/1994,24.3,"9 3/4","32 7/8",Purdue,"6' 2""",28.2,5.32,74,"New York Jets"
"DeMario Bennett",WR,6/20/1989,28.9,"7 7/8","33 7/8","Coastal Carolina","6' 2""",23.2,Undrafted,74,-
"DeSean Jackson",WR,12/1/1986,32.3,"9 3/8","31 1/4",California,"5' 10""",25.1,2.18,70,"Philadelphia Eagles"
"DeVante Parker",WR,1/20/1993,26.2,"9 1/4","33 1/4",Louisville,"6' 3""",26.1,1.14,75,"Miami Dolphins"
"DeVier Posey",WR,3/15/1990,29.0,"9 5/8","31 5/8","Ohio State","6' 2""",27.0,3.05,74,-
"Deante' Gray",WR,2/27/1994,25.1,"7 7/8","30 1/4",TCU,"5' 8""",28.0,Undrafted,68,-
"Dede Westbrook",WR,11/21/1993,25.3,"9    ","30 5/8",Oklahoma,"6' 0""",24.1,4.03,72,"Jacksonville Jaguars"
"Deebo Samuel",WR,1/15/1996,23.2,"10    ","31 3/8","South Carolina","5' 11""",29.8,-,71,-
"Demarcus Ayers",WR,7/7/1994,24.7,"9 1/4","31 1/4",Houston,"5' 9""",26.9,7.08,69,-
"Demarcus Robinson",WR,9/21/1994,24.5,"9 1/2","33    ",Florida,"6' 1""",26.8,4.28,73,"Kansas City Chiefs"
"Demaryius Thomas",WR,12/25/1987,31.2,"10 1/2","33    ","Georgia Tech","6' 3""",28.6,1.22,75,-
"Denarius Moore",WR,12/9/1988,30.3,"9 1/2","33    ",Tennessee,"6' 0""",26.3,5.17,72,-
"Dennis Parks",WR,7/27/1994,24.7,"8 7/8","33 5/8",Rice,"6' 1""",26.5,Undrafted,73,-
"Deon Cain",WR,8/9/1996,22.6,"8 3/4","33    ",Clemson,"6' 2""",25.9,6.11,74,"Indianapolis Colts"
"Deon Long",WR,6/14/1991,27.8,"9 1/2","31    ",Maryland,"6' 0""",26.0,Undrafted,72,-
"Deon-Tay McManus",WR,2/16/1994,25.1,"9 1/4","29 3/4",Marshall,"6' 0""",30.6,Undrafted,72,-
"Deontay Burnett",WR,10/4/1997,21.5,"8 5/8","31 1/2",USC,"6' 0""",25.2,Undrafted,72,"New York Jets"
"Deonte Greenberry",WR,3/7/1994,25.0,"9 1/2","31 1/4",Houston,"6' 1""",27.8,Undrafted,73,-
"Deonte Thompson",WR,2/14/1989,30.1,-,"32 1/2",Florida,"6' 0""",27.5,Undrafted,72,-
"Deontez Alexander",WR,7/25/1996,22.7,"8 5/8","32    ",Franklin,"6' 1""",25.9,Undrafted,73,"Detroit Lions"
"Derel Walker",WR,6/29/1991,27.7,"9    ","32 1/4","Texas A&M","6' 1""",24.8,Undrafted,73,-
"Derrick Johnson",WR,7/6/1991,27.7,"9 1/2","31 1/8",Maine,"5' 11""",26.5,Undrafted,71,-
"Derrick Willies",WR,10/12/1994,24.4,"9 3/4","33    ","Texas Tech","6' 4""",25.2,Undrafted,76,"Cleveland Browns"
"Devante Davis",WR,10/13/1992,26.4,"9 1/2","32 3/8",UNLV,"6' 3""",27.5,Undrafted,75,-
"Devin Fuller",WR,1/29/1994,25.1,"9 1/4","30 3/4",UCLA,"6' 0""",26.3,7.17,72,-
"Devin Funchess",WR,5/21/1994,24.8,"9 3/4","33 1/2",Michigan,"6' 4""",28.2,2.09,76,"Indianapolis Colts"
"Devin Gray",WR,6/15/1995,23.8,"9 3/8","30 3/4",Cincinnati,"5' 11""",25.5,Undrafted,71,"Atlanta Falcons"
"Devin Hester",WR,11/4/1982,36.4,-,-,"Miami (FL)","5' 11""",26.5,2.25,71,-
"Devin Lucien",WR,6/26/1993,25.7,"10 1/8","31 7/8","Arizona State","6' 1""",29.3,7.04,73,-
"Devin Ross",WR,8/12/1995,23.6,"9 1/4","30 7/8",Colorado,"5' 9""",28.4,Undrafted,69,"Tennessee Titans"
"Devin Smith",WR,3/3/1992,27.1,"9    ","31    ","Ohio State","6' 0""",26.6,2.05,72,"Dallas Cowboys"
"Devin Street",WR,3/30/1991,28.0,"9 1/4","33 3/8",Pittsburgh,"6' 3""",24.7,5.06,75,-
"Devon Wylie",WR,9/2/1988,30.6,"9 1/2","30 1/4","Fresno State","5' 9""",27.5,4.12,69,-
"Devonte Boyd",WR,10/5/1994,24.5,"10    ","31 1/4",UNLV,"6' 1""",25.5,Undrafted,73,-
"Dez Bryant",WR,11/4/1988,30.4,"9 3/4","34    ","Oklahoma State","6' 2""",28.2,1.24,74,"New Orleans Saints"
"Dezmin Lewis",WR,12/5/1992,26.3,"9 7/8","32 1/2","Central Arkansas","6' 4""",26.0,7.17,76,-
"Dillon Mitchell",WR,5/16/1997,21.8,"9    ","31 1/2",Oregon,"6' 1""",26.0,-,73,-
"Diontae Johnson",WR,11/5/1996,22.4,"9    ","30 3/4",Toledo,"5' 10""",26.3,-,70,-
"Diontae Spencer",WR,3/9/1992,27.0,"9 7/8","29 7/8","McNeese State","5' 8""",26.3,Undrafted,68,"Pittsburgh Steelers"
"Dom Williams",WR,12/11/1992,26.3,"9    ","32    ","Washington State","6' 2""",25.4,Undrafted,74,-
"Domenik Hixon",WR,10/8/1984,34.5,-,-,Akron,"6' 2""",25.3,4.33,74,-
"Domonique Young",WR,10/27/1994,24.4,"10 1/2","33 3/4",Purdue,"6' 2""",28.1,Undrafted,74,-
"Donnie Avery",WR,6/12/1984,34.8,"9 3/4","30 1/4",Houston,"5' 11""",25.5,2.02,71,-
"Donte Foster",WR,11/10/1990,28.4,"9    ","31 3/4",Ohio,"6' 1""",25.5,Undrafted,73,-
"Donte Moncrief",WR,8/6/1993,25.6,"9 1/8","32 3/8",Mississippi,"6' 2""",28.4,3.26,74,"Pittsburgh Steelers"
"Donteea Dye",WR,8/20/1993,25.6,"9 1/4","30 1/2",Heidelberg,"6' 0""",26.4,Undrafted,72,-
"Dontez Ford",WR,2/3/1994,25.1,"9 3/4","33 3/8",Pittsburgh,"6' 1""",28.0,Undrafted,73,-
"Dontre Wilson",WR,1/3/1995,24.2,"8 1/2","30 5/8","Ohio State","5' 10""",26.3,Undrafted,70,-
"Dontrelle Inman",WR,1/31/1989,30.1,-,-,Virginia,"6' 3""",25.6,Undrafted,75,-
"Dorial Green-Beckham",WR,4/12/1993,25.9,"9    ","32 1/2",Missouri,"6' 5""",28.1,2.08,77,-
"Dorren Miller",WR,8/3/1994,24.6,-,-,Carson-Newman,"6' 2""",25.0,Undrafted,74,"Philadelphia Eagles"
"Doug Baldwin",WR,9/21/1988,30.5,-,"27    ",Stanford,"5' 10""",27.1,Undrafted,70,"Seattle Seahawks"
"Douglas McNeil",WR,7/22/1988,30.7,-,-,"Bowie State","6' 3""",25.0,Undrafted,75,-
"Dres Anderson",WR,7/20/1992,26.7,"9 3/8","31 5/8",Utah,"6' 1""",24.7,Undrafted,73,-
"Drew Davis",WR,1/4/1989,30.2,-,-,Oregon,"6' 1""",27.0,Undrafted,73,-
"Drew Morgan",WR,12/2/1994,24.3,"9 1/2","30 3/8",Arkansas,"6' 0""",25.8,Undrafted,72,-
"Duke Williams",WR,5/13/1992,26.9,"9 1/4","32 1/2",Auburn,"6' 2""",29.4,Undrafted,74,"Buffalo Bills"
"Duron Carter",WR,3/22/1991,28.0,"9 5/8","32 1/2","Florida Atlantic","6' 4""",25.0,Undrafted,76,-
"Durron Neal",WR,11/3/1993,25.4,"9 1/4","30 1/2",Oklahoma,"5' 11""",27.8,Undrafted,71,-
"Dwayne Bowe",WR,9/21/1984,34.5,"9 7/8","33 5/8",LSU,"6' 2""",28.4,1.23,74,-
"Dwayne Harris",WR,9/16/1987,31.5,"10 1/8","31 1/8","East Carolina","5' 10""",28.7,6.11,70,-
"Dwayne Stanford",WR,9/4/1993,25.5,"10 5/8","33 1/2",Oregon,"6' 3""",26.6,Undrafted,75,-
"Dylan Cantrell",WR,6/29/1994,24.7,"9 1/4","31 3/8","Texas Tech","6' 3""",28.2,6.17,75,"Los Angeles Chargers"
"Earl Bennett",WR,3/23/1987,32.0,"9 5/8","32 1/4",Vanderbilt,"5' 11""",28.4,3.07,71,-
"Ed Eagan",WR,6/19/1993,25.8,"9 3/8","28 7/8","Northwestern St","5' 10""",27.5,Undrafted,70,-
"Ed Williams",WR,3/14/1991,28.0,-,"31 7/8","Fort Hays State","6' 0""",26.6,Undrafted,72,-
"Eddie Royal",WR,5/21/1986,32.8,"8 5/8","31    ","Virginia Tech","5' 10""",26.5,2.11,70,-
"Eli Rogers",WR,12/23/1992,26.2,"9 1/4","29 7/8",Louisville,"5' 10""",25.8,Undrafted,70,"Pittsburgh Steelers"
"Emanuel Hall",WR,5/21/1997,21.8,"9 3/4","33 1/4",Missouri,"6' 2""",25.8,-,74,-
"Emmanuel Butler",WR,8/27/1996,22.6,"10 1/8","33    ","Northern Arizona","6' 3""",27.1,-,75,-
"Emmanuel Sanders",WR,3/17/1987,32.0,"9 1/4","32    ",SMU,"5' 11""",25.1,3.18,71,"Denver Broncos"
"Emory Blake",WR,7/18/1991,27.7,"9 1/2","32 3/4",Auburn,"6' 0""",26.6,Undrafted,72,-
"Equanimeous St. Brown",WR,9/30/1996,22.5,"9 3/4","33    ","Notre Dame","6' 5""",25.4,6.33,77,"Green Bay Packers"
"Eric Decker",WR,3/15/1987,32.0,"9 1/8","31    ",Minnesota,"6' 3""",26.9,3.23,75,-
"Eric Page",WR,9/23/1991,27.5,"9    ","29    ",Toledo,"5' 10""",25.8,Undrafted,70,-
"Eric Rogers",WR,2/12/1991,28.1,"9 3/8","33 7/8","Cal Lutheran","6' 3""",26.2,Undrafted,75,-
"Eric Ward",WR,7/24/1990,28.7,"9 1/4","31 3/8","Texas Tech","6' 0""",27.8,Undrafted,72,-
"Eric Weems",WR,7/4/1985,33.7,-,-,Bethune-Cookman,"5' 9""",28.8,Undrafted,69,-
"Evan Spencer",WR,5/26/1993,25.8,"10 1/8","31 7/8","Ohio State","6' 1""",27.4,6.11,73,-
"Ezell Ruffin",WR,3/17/1992,27.0,"8 3/4","31 1/8","San Diego State","6' 0""",29.6,Undrafted,72,-
"Felton Davis",WR,2/25/1997,22.1,"10 1/4","32 3/4","Michigan State","6' 3""",26.4,-,75,-
"Francis Owusu",WR,12/27/1994,24.2,"9    ","32    ",Stanford,"6' 2""",28.4,Undrafted,74,-
"Frank Stephens",WR,10/23/1995,23.4,"9 1/8","30 1/2","Northern Colorado","5' 9""",26.0,Undrafted,69,-
"Frankie Hammond",WR,2/17/1990,29.1,"9 1/4","31 1/2",Florida,"6' 1""",24.3,Undrafted,73,-
"Fred Brown",WR,12/1/1993,25.3,"9 1/4","32 1/2","Mississippi State","6' 1""",26.3,Undrafted,73,"Denver Broncos"
"Fred Ross",WR,5/19/1995,23.8,"9 1/4","31 1/4","Mississippi State","6' 1""",28.1,Undrafted,73,-
"Freddie Martino",WR,9/7/1991,27.5,"9    ","30 3/8","North Greenville","6' 0""",26.4,Undrafted,72,-
"Gabe Marks",WR,8/6/1994,24.6,"8 3/4","30 3/8","Washington State","5' 11""",26.4,Undrafted,71,-
"Garrett Johnson",WR,-,-,"8 3/4","30 3/8",Kentucky,"5' 10""",24.2,Undrafted,70,-
"Garry Brown",WR,8/13/1994,24.6,"9    ","33    ","California (PA)","6' 0""",27.9,Undrafted,72,-
"Gary Jennings",WR,3/7/1998,21.0,"9 5/8","32 1/2","West Virginia","6' 1""",28.2,-,73,-
"Gavin Lutman",WR,3/21/1991,28.0,"10    ","31 1/4","Pittsburg State","6' 4""",24.5,Undrafted,76,-
"Gehrig Dieter",WR,2/24/1993,26.1,"9 1/2","31 1/2",Alabama,"6' 2""",26.7,Undrafted,74,"Kansas City Chiefs"
"Geraldo Boldewijn",WR,2/14/1991,28.1,"9 1/2","34 1/8","Boise State","6' 3""",26.9,Undrafted,75,-
"Geremy Davis",WR,1/10/1992,27.2,"9 1/2","32 1/4",Connecticut,"6' 2""",27.7,6.10,74,-
"Geronimo Allison",WR,1/18/1994,25.2,"9 1/2","32 7/8",Illinois,"6' 3""",24.5,Undrafted,75,"Green Bay Packers"
"Gerrard Sheppard",WR,11/16/1990,28.3,-,-,Towson,"6' 2""",27.1,Undrafted,74,-
"Golden Tate",WR,8/2/1988,30.6,"9 1/4","30 1/2","Notre Dame","5' 10""",29.0,2.28,70,"New York Giants"
"Greg Dortch",WR,5/29/1998,20.8,"9 1/4","29 1/4","Wake Forest","5' 7""",27.1,-,67,-
"Greg Hardin",WR,9/4/1990,28.5,"8 1/4","31 1/4","North Dakota","5' 10""",24.5,Undrafted,70,-
"Greg Jenkins",WR,8/23/1989,29.6,"9 1/2","32 1/8","Alabama State","6' 1""",27.4,Undrafted,73,-
"Greg Jennings",WR,9/21/1983,35.5,"9    ","30    ","Western Michigan","5' 11""",27.6,2.20,71,-
"Greg Little",WR,5/30/1989,29.8,"9 1/8","33 1/4","North Carolina","6' 2""",28.2,2.27,74,-
"Greg Salas",WR,8/25/1988,30.6,"9 1/4","32    ",Hawaii,"6' 1""",27.7,4.15,73,-
"Greg Ward",WR,7/12/1995,23.7,"9 7/8","31 1/8",Houston,"5' 11""",25.9,Undrafted,71,-
"Griff Whalen",WR,3/1/1990,29.1,-,-,Stanford,"6' 1""",24.4,Undrafted,73,-
"Hakeem Butler",WR,5/16/1996,22.8,"10 3/4","35 1/4","Iowa State","6' 5""",26.9,-,77,-
"Hakeem Nicks",WR,1/14/1988,31.2,"10 1/2","33 1/2","North Carolina","6' 1""",27.4,1.29,73,-
"Harry Douglas",WR,9/16/1984,34.5,"7 3/4","31 1/8",Louisville,"5' 11""",25.4,3.21,71,-
"Hunter Renfrow",WR,12/21/1995,23.2,"7 7/8","29 1/8",Clemson,"5' 10""",26.4,-,70,-
"Hunter Sharp",WR,4/25/1994,24.9,"9 3/8","31 5/8","Utah State","5' 11""",27.6,Undrafted,71,"Cincinnati Bengals"
"Isaac Whitney",WR,6/22/1994,24.7,"8 3/4","32 1/8",USC,"6' 2""",26.2,Undrafted,74,"Houston Texans"
"Isaiah Burse",WR,12/8/1991,27.3,"8 3/8","30 1/4","Fresno State","5' 10""",27.0,Undrafted,70,-
"Isaiah Ford",WR,2/9/1996,23.1,"9 1/4","32 5/8","Virginia Tech","6' 1""",25.6,7.19,73,"Miami Dolphins"
"Isaiah McKenzie",WR,4/9/1995,23.9,"8 7/8","28 7/8",Georgia,"5' 7""",27.1,5.29,67,"Buffalo Bills"
"Ishmael Adams",WR,1/21/1994,25.2,"9    ","29 3/4",UCLA,"5' 8""",28.3,Undrafted,68,-
"Ishmael Zamora",WR,11/26/1995,23.3,"8 3/8","33    ",Baylor,"6' 4""",27.3,Undrafted,76,-
"Issac Blakeney",WR,11/18/1992,26.3,"10 7/8","33 5/8",Duke,"6' 6""",26.0,Undrafted,78,-
"J'Mon Moore",WR,5/23/1995,23.8,"9 3/8","32 7/8",Missouri,"6' 3""",25.9,4.33,75,"Green Bay Packers"
"J.J. Arcega-Whiteside",WR,12/31/1996,22.2,"9 1/2","33 1/4",Stanford,"6' 2""",28.9,-,74,-
"J.J. Jones",WR,12/6/1992,26.3,"8 1/4","29 3/4","West Georgia","5' 10""",25.1,Undrafted,70,"New York Jets"
"J.J. Nelson",WR,4/24/1992,26.9,"8 1/4","31 1/8",UAB,"5' 10""",22.4,5.23,70,"Arizona Cardinals"
"Ja-Mes Logan",WR,10/1/1989,29.5,"8 5/8","31 1/4",Mississippi,"6' 2""",24.6,Undrafted,74,-
"Jace Billingsley",WR,5/17/1993,25.8,"9    ","28 3/4","Eastern Oregon","5' 8""",29.2,Undrafted,68,-
"Jace Davis",WR,8/22/1991,27.6,"9 1/8","30    ","Northern Colorado","6' 1""",27.2,Undrafted,73,-
"Jacoby Ford",WR,7/27/1987,31.7,"9 1/4","30 1/2",Clemson,"5' 9""",27.3,4.10,69,-
"Jacoby Jones",WR,7/11/1984,34.7,"7 1/2",-,"Lane College","6' 3""",27.5,3.09,75,-
"Jaelen Strong",WR,1/25/1994,25.2,"9    ","32 1/2","Arizona State","6' 2""",27.9,3.06,74,"Cleveland Browns"
"Jake Kumerow",WR,2/2/1992,27.1,"9 1/2","31 7/8",UW-Whitewater,"6' 5""",24.7,Undrafted,77,"Green Bay Packers"
"Jake Lampman",WR,6/11/1993,25.8,-,-,"Ferris State","5' 11""",27.9,Undrafted,71,-
"Jake Wieneke",WR,9/15/1994,24.5,"9 7/8","33    ","South Dakota State","6' 4""",26.9,Undrafted,76,-
"Jakeem Grant",WR,10/30/1992,26.4,"8 5/8","29 3/4","Texas Tech","5' 6""",26.6,6.11,66,"Miami Dolphins"
"Jakobi Meyers",WR,11/9/1996,22.4,"9 1/2","32    ","N.C. State","6' 2""",26.1,-,74,-
"Jaleel Scott",WR,2/23/1995,24.1,"10 1/2","33 1/2","New Mexico State","6' 5""",25.8,4.32,77,"Baltimore Ravens"
"Jalen Hurd",WR,1/23/1996,23.2,"10 1/4","32    ",Baylor,"6' 5""",26.8,-,77,-
"Jalen Robinette",WR,2/15/1994,25.1,"10 7/8","32 3/8","Air Force","6' 3""",27.5,Undrafted,75,-
"Jalen Saunders",WR,9/30/1992,26.5,"8 7/8","30    ",Oklahoma,"5' 9""",24.4,4.04,69,-
"Jalen Tolliver",WR,12/30/1995,23.2,"8 5/8","32 5/8","AK Monticello","6' 1""",28.1,Undrafted,73,"Arizona Cardinals"
"Jalen Williams",WR,-,-,"9 3/8","31    ",UMass,"6' 2""",26.8,Undrafted,74,-
"Jalin Marshall",WR,7/21/1995,23.7,"9 5/8","31 1/2","Ohio State","5' 10""",28.7,Undrafted,70,-
"Jamaal Jones",WR,1/31/1993,26.1,"9    ","30 5/8",Montana,"6' 0""",25.6,Undrafted,72,-
"Jamal Custis",WR,11/1/1995,23.4,"10 7/8","33 7/8",Syracuse,"6' 4""",26.0,-,76,-
"Jamal Robinson",WR,1/13/1993,26.2,"9 1/8","32 7/8",Louisiana-Lafayette,"6' 1""",28.0,Undrafted,73,-
"Jamari Staples",WR,9/10/1994,24.5,"9 1/2","33 1/2",Louisville,"6' 3""",24.4,Undrafted,75,-
"Jamarius Way",WR,11/25/1996,22.3,"10 1/4","33    ","South Alabama","6' 3""",26.9,-,75,-
"James Jones",WR,3/31/1984,35.0,"9 3/4","32 1/2","San Jose State","6' 1""",27.4,3.14,73,-
"James Quick",WR,10/6/1994,24.5,"9    ","30 3/4",Louisville,"6' 0""",25.2,Undrafted,72,-
"James Washington",WR,4/2/1996,23.0,"9 3/4","32 3/8","Oklahoma State","5' 11""",29.7,2.28,71,"Pittsburgh Steelers"
"James Wright",WR,12/31/1991,27.2,"9 5/8","32 3/8",LSU,"6' 1""",26.5,7.24,73,"Indianapolis Colts"
"Jamison Crowder",WR,6/7/1993,25.8,"8 3/4","30 3/8",Duke,"5' 8""",28.1,4.06,68,"New York Jets"
"Janarion Grant",WR,11/20/1993,25.3,"9    ","30 1/8",Rutgers,"5' 9""",26.1,Undrafted,69,-
"Jared Abbrederis",WR,12/17/1990,28.3,"9 5/8","31 3/8",Wisconsin,"6' 1""",25.7,5.36,73,-
"Jared Dangerfield",WR,8/9/1993,25.6,"9 3/8","32    ","Western Kentucky","6' 2""",27.6,Undrafted,74,-
"Jared Green",WR,4/1/1989,30.0,-,-,Southern,"6' 1""",24.8,Undrafted,73,-
"Jarius Wright",WR,11/25/1989,29.3,"8 1/2","31 1/2",Arkansas,"5' 10""",25.8,4.23,70,"Carolina Panthers"
"Jaron Brown",WR,1/8/1990,29.2,-,"31 3/4",Clemson,"6' 2""",26.3,Undrafted,74,"Seattle Seahawks"
"Jarrett Boykin",WR,11/4/1989,29.4,"10 1/4","32 1/4","Virginia Tech","6' 2""",28.0,Undrafted,74,-
"Jarvis Landry",WR,11/28/1992,26.3,"10 1/4","31 3/4",LSU,"5' 11""",28.6,2.31,71,"Cleveland Browns"
"Jason Avant",WR,4/20/1983,35.9,"9 1/2","32 1/2",Michigan,"6' 0""",28.7,4.12,72,-
"Jasper Collins",WR,11/28/1991,27.3,"9 1/4","29 3/8","Mount Union","5' 10""",27.0,Undrafted,70,-
"Javon Wims",WR,9/11/1994,24.5,"9 1/4","31 1/2",Georgia,"6' 3""",26.9,7.06,75,"Chicago Bears"
"Javone Lawson",WR,2/17/1990,29.1,"8 1/4","30 3/8",Louisiana-Lafayette,"6' 1""",24.1,Undrafted,73,-
"Javontee Herndon",WR,7/29/1991,27.6,"8 1/8","31    ",Arkansas,"6' 0""",28.1,Undrafted,72,-
"Jawill Davis",WR,4/6/1995,24.0,"9    ","32 1/2","Bethune Cookman","6' 1""",25.2,Undrafted,73,"New York Giants"
"Jaxon Shipley",WR,7/17/1992,26.7,"9 1/4","30 7/8",Texas,"6' 1""",25.7,Undrafted,73,-
"Jay Lee",WR,6/29/1993,25.7,"9 5/8","33 1/2",Baylor,"6' 2""",27.6,Undrafted,74,-
"Jaydon Mickens",WR,4/21/1994,24.9,"9 1/8","28 3/4",Washington,"5' 10""",25.0,Undrafted,70,-
"Jaylen Smith",WR,8/1/1997,21.6,"9 1/2","33 7/8",Louisville,"6' 2""",28.1,-,74,-
"Jaz Reynolds",WR,2/26/1991,28.1,"9 1/2","31 7/8",Oklahoma,"6' 2""",25.4,Undrafted,74,-
"Jazz Ferguson",WR,1/22/1997,22.2,"9 1/4","34 1/4","Northwestern State","6' 5""",26.9,-,77,-
"Jeff Badet",WR,-,-,"9 1/4","31    ",Oklahoma,"5' 11""",25.4,Undrafted,71,"Minnesota Vikings"
"Jeff Fuller",WR,4/20/1990,28.9,"9 7/8","33 5/8","Texas A&M","6' 4""",27.1,Undrafted,76,-
"Jeff Janis",WR,6/9/1991,27.8,"9    ","32 1/2","Saginaw Valley","6' 3""",27.4,7.21,75,-
"Jeff Maehl",WR,3/16/1989,30.0,"9 1/8","31 1/2",Oregon,"6' 1""",25.1,Undrafted,73,-
"Jehu Chesson",WR,12/29/1993,25.2,"9 1/8","33 1/4",Michigan,"6' 3""",25.5,4.33,75,Washington
"Jeremy Butler",WR,4/22/1991,27.9,"9 1/2","32    ",Tennessee-Martin,"6' 2""",28.8,Undrafted,74,-
"Jeremy Gallon",WR,2/9/1990,29.1,"9 3/8","29 1/2",Michigan,"5' 7""",29.0,7.29,67,-
"Jeremy Johnson",WR,11/8/1991,27.4,"8 3/4","31 1/8",SMU,"6' 0""",24.3,Undrafted,72,-
"Jeremy Kerley",WR,11/8/1988,30.4,"9    ","30    ","Texas Christian","5' 9""",27.8,5.22,69,-
"Jeremy Maclin",WR,5/11/1988,30.9,"9 1/4","32 1/4",Missouri,"6' 0""",26.9,1.19,72,-
"Jeremy Ross",WR,3/16/1988,31.0,-,-,California,"6' 0""",28.3,Undrafted,72,-
"Jermaine Jones",WR,-,-,"9 3/8","33 5/8","St. Augustines","6' 3""",24.2,Undrafted,75,-
"Jermaine Kearse",WR,2/6/1990,29.1,"9 1/4","32 1/8",Washington,"6' 1""",27.6,Undrafted,73,-
"Jerome Lane",WR,3/9/1996,23.0,"9 3/4","31 1/2",Akron,"6' 2""",29.0,Undrafted,74,-
"Jerome Simpson",WR,2/4/1986,33.1,"11    ","34 5/8","Coastal Carolina","6' 2""",24.3,2.15,74,-
"Jerrel Jernigan",WR,6/14/1989,29.8,"9 1/4","32    ",Troy,"5' 9""",27.9,3.19,69,-
"Jerricho Cotchery",WR,6/16/1982,36.8,"9    ","32 1/4","NC State","6' 0""",27.5,4.12,72,-
"Jester Weah",WR,2/7/1995,24.1,"9 5/8","31 1/8",Pittsburgh,"6' 2""",27.0,Undrafted,74,"Houston Texans"
"Jhajuan Seales",WR,11/26/1993,25.3,"9    ","31 1/2","Oklahoma State","6' 1""",27.2,Undrafted,73,-
"Jimmie Hunt",WR,9/4/1990,28.5,"9 1/2","30 3/8",Missouri,"6' 0""",29.2,Undrafted,72,-
"JoJo Natson",WR,2/1/1994,25.1,"8    ","29 1/8",Akron,"5' 9""",23.5,Undrafted,69,"Los Angeles Rams"
"Joe Morgan",WR,3/23/1988,31.0,"9 1/8","31    ",Walsh,"6' 0""",25.0,Undrafted,72,-
"John Brown",WR,4/3/1990,29.0,"8 1/2","30 1/2","Pittsburg State","5' 10""",25.7,3.27,70,"Buffalo Bills"
"John Harris",WR,11/11/1991,27.4,"9 1/4","33 1/4",Texas,"6' 2""",28.0,Undrafted,74,-
"John Ross",WR,11/27/1995,23.3,"8 3/4","31 1/2",Washington,"5' 11""",26.2,1.09,71,"Cincinnati Bengals"
"Johnnie Dixon",WR,-,-,"9 5/8","30 1/4","Ohio State","5' 10""",28.8,-,70,-
"Johnny Holton",WR,8/22/1990,28.6,"9 7/8","32 7/8",Cincinnati,"6' 1""",25.1,Undrafted,73,"Philadelphia Eagles"
"Jon Baldwin",WR,8/10/1989,29.6,"10 1/8","33 5/8",Pittsburgh,"6' 4""",28.0,1.26,76,-
"Jonah Trinnaman",WR,7/20/1996,22.7,"9    ","30 3/8",BYU,"5' 10""",27.5,Undrafted,70,-
"Jonathan Krause",WR,1/18/1992,27.2,"9    ","31    ",Vanderbilt,"5' 11""",26.1,Undrafted,71,-
"Jordan Harris",WR,12/8/1991,27.3,"9 1/2","31    ","Bryant College","6' 2""",27.6,Undrafted,74,-
"Jordan Lasley",WR,11/13/1996,22.3,"9 5/8","32 3/4",UCLA,"6' 1""",26.8,5.25,73,"Baltimore Ravens"
"Jordan Leslie",WR,10/31/1991,27.4,"10 1/4","32 1/4",BYU,"6' 2""",26.3,Undrafted,74,-
"Jordan Matthews",WR,7/16/1992,26.7,"10 3/8","33 1/4",Vanderbilt,"6' 3""",26.5,2.10,75,"San Francisco 49ers"
"Jordan Norwood",WR,9/29/1986,32.5,-,"30 3/4","Penn State","5' 11""",25.1,Undrafted,71,-
"Jordan Payton",WR,9/1/1993,25.6,"10 1/8","32 1/2",UCLA,"6' 1""",27.3,5.15,73,-
"Jordan Smallwood",WR,1/18/1995,24.2,"9 1/8","31    ",Oklahoma,"6' 2""",28.1,Undrafted,74,"San Francisco 49ers"
"Jordan Taylor",WR,2/18/1992,27.1,"9 1/8","32 3/8",Rice,"6' 5""",24.2,Undrafted,77,-
"Jordan Veasy",WR,6/23/1995,23.7,"10 3/8","31 1/2",California,"6' 3""",27.6,Undrafted,75,"Indianapolis Colts"
"Jordan Westerkamp",WR,6/23/1994,24.7,"9 3/8","30 1/2",Nebraska,"5' 11""",27.1,Undrafted,71,-
"Jordan Williams-Lambert",WR,5/9/1994,24.9,"9 1/8","33    ","Ball State","6' 3""",28.4,Undrafted,75,"Chicago Bears"
"Jordy Nelson",WR,5/31/1985,33.8,"10    ","32 1/2","Kansas State","6' 3""",27.1,2.05,75,-
"Josh Barge",WR,10/24/1992,26.4,"8 3/8","30 1/2","Jacksonville State","6' 0""",25.0,Undrafted,72,-
"Josh Bellamy",WR,5/18/1989,29.8,-,"34 1/2",Louisville,"6' 0""",27.9,Undrafted,72,"New York Jets"
"Josh Boyce",WR,5/6/1991,27.9,"9 1/4","31 1/4","Texas Christian","5' 11""",28.7,4.05,71,-
"Josh Cooper",WR,1/8/1989,30.2,"9 1/2","31    ","Oklahoma State","5' 11""",26.5,Undrafted,71,-
"Josh Crockett",WR,3/13/1995,24.0,"9 1/4","32 5/8","Central Oklahoma","6' 2""",25.3,Undrafted,74,"Kansas City Chiefs"
"Josh Doctson",WR,12/3/1992,26.3,"9 7/8","31 7/8",TCU,"6' 2""",25.9,1.22,74,Washington
"Josh Gordon",WR,4/13/1991,27.9,"10    ","33 1/3",Baylor,"6' 3""",28.1,"Supplemental (2nd)",75,"New England Patriots"
"Josh Harper",WR,12/1/1991,27.3,"8 3/4","30 7/8","Fresno State","6' 1""",25.2,Undrafted,73,-
"Josh Huff",WR,10/14/1991,27.4,"9 3/8","31 1/4",Oregon,"5' 11""",28.7,3.22,71,-
"Josh Lenz",WR,9/22/1990,28.5,"9    ","30 1/4","Iowa State","6' 0""",26.4,Undrafted,72,-
"Josh Magee",WR,10/1/1991,27.5,"8 3/4","29    ","South Alabama","5' 10""",26.4,Undrafted,70,-
"Josh Malone",WR,3/21/1996,23.0,"9 5/8","31 3/8",Tennessee,"6' 3""",26.0,4.22,75,"Cincinnati Bengals"
"Josh Morgan",WR,6/20/1985,33.8,"10 1/4","32 7/8","Virginia Tech","6' 1""",28.9,6.08,73,-
"Josh Reynolds",WR,2/16/1995,24.1,"9 3/8","31 1/2","Texas A&M","6' 3""",24.2,4.10,75,"Los Angeles Rams"
"Josh Stewart",WR,10/22/1992,26.4,"9 3/8","30    ","Oklahoma State","5' 10""",25.5,Undrafted,70,-
"Jovon Durante",WR,4/11/1996,22.9,"8 3/4","31 1/8","Florida Atlantic","5' 11""",22.3,-,71,-
"JuJu Smith-Schuster",WR,11/22/1996,22.3,"10 1/2","32 7/8",USC,"6' 1""",28.4,2.30,73,"Pittsburgh Steelers"
"Julian Edelman",WR,5/22/1986,32.8,-,-,"Kent State","5' 10""",28.4,7.23,70,"New England Patriots"
"Julian Talley",WR,6/9/1989,29.8,-,-,Massachusetts,"6' 1""",25.3,Undrafted,73,-
"Julian Williams",WR,6/9/1996,22.8,"8 7/8","29 7/8","Florida International","5' 10""",27.7,Undrafted,70,-
"Julio Jones",WR,2/3/1989,30.1,"9 3/4","33 3/4",Alabama,"6' 3""",27.5,1.06,75,"Atlanta Falcons"
"Junior Hemingway",WR,12/27/1988,30.2,"9 3/8","32 1/2",Michigan,"6' 1""",29.3,7.31,73,-
"Juron Criner",WR,12/12/1989,29.3,"10 1/2","32    ",Arizona,"6' 2""",28.2,5.33,74,-
"Justice Liggins",WR,12/14/1994,24.3,"9    ","32 1/2","Stephen F. Austin","6' 1""",27.2,Undrafted,73,"Los Angeles Chargers"
"Justin Blackmon",WR,1/9/1990,29.2,"9 1/4","32 1/2","Oklahoma State","6' 1""",27.3,1.05,73,-
"Justin Brown",WR,3/10/1991,28.0,"9 1/2","31 5/8",Oklahoma,"6' 3""",26.1,6.18,75,-
"Justin Hardy",WR,12/18/1991,27.3,"10    ","32 1/8","East Carolina","5' 10""",27.5,4.08,70,"Atlanta Falcons"
"Justin Hunter",WR,5/20/1991,27.8,"9 3/8","33 1/4",Tennessee,"6' 4""",23.9,2.02,76,-
"Justin Thomas",WR,3/15/1994,25.0,"9 1/8","29 3/4","Georgia Tech","5' 9""",27.5,Undrafted,69,-
"Justin Veltung",WR,3/30/1991,28.0,"9 3/4","29 1/2",Idaho,"5' 11""",25.4,Undrafted,71,-
"Justin Watson",WR,4/4/1996,23.0,"9 1/4","33 3/4",Penn,"6' 2""",27.6,5.07,74,"Tampa Bay Buccaneers"
"K.J. Brent",WR,8/6/1993,25.6,"9 3/4","31 5/8","Wake Forest","6' 3""",25.2,Undrafted,75,"Tampa Bay Buccaneers"
"K.J. Maye",WR,2/25/1994,25.1,"8 1/2","30 1/4",Minnesota,"5' 8""",29.0,Undrafted,68,-
"KD Cannon",WR,11/5/1995,23.4,"8 7/8","30 3/4",Baylor,"5' 11""",25.4,Undrafted,71,-
"Ka'Raun White",WR,4/7/1997,22.0,"9 5/8","32 1/4","West Virginia","6' 1""",26.3,Undrafted,73,"Pittsburgh Steelers"
"Kadron Boone",WR,9/13/1991,27.5,"8 3/4","31 5/8",LSU,"6' 0""",26.2,Undrafted,72,-
"Kaelin Clay",WR,1/2/1992,27.2,"9    ","30 7/8",Utah,"5' 10""",28.0,6.08,70,-
"Kain Colter",WR,5/24/1992,26.8,"10    ","31    ",Northwestern,"5' 10""",28.4,Undrafted,70,-
"Kalif Raymond",WR,8/8/1994,24.6,-,-,"Holy Cross","5' 9""",23.9,Undrafted,69,"Tennessee Titans"
"Kamar Aiken",WR,5/30/1989,29.8,-,-,"Central Florida","6' 2""",27.6,Undrafted,74,-
"Karel Hamilton",WR,3/30/1995,24.0,"9    ","32 1/4",Samford,"6' 0""",27.0,Undrafted,72,-
"Kasen Williams",WR,12/5/1992,26.3,"8 1/4","32    ",Washington,"6' 1""",28.9,Undrafted,73,-
"Kashif Moore",WR,11/21/1988,30.3,"9 3/8","31    ",Connecticut,"5' 9""",26.6,Undrafted,69,-
"Kassim Osgood",WR,5/20/1980,38.8,"9 1/2","33    ","San Diego State","6' 5""",26.1,Undrafted,77,-
"KeVonn Mabon",WR,10/2/1993,25.5,"9    ","32    ","Ball State","6' 1""",28.0,Undrafted,73,-
"Kealoha Pilares",WR,2/20/1988,31.1,"8 3/4","30 1/2",Hawaii,"5' 10""",28.8,5.01,70,-
"KeeSean Johnson",WR,10/9/1996,22.4,"9 1/2","32    ","Fresno State","6' 1""",26.5,-,73,-
"Keelan Cole",WR,4/20/1993,25.9,"9 1/8","32 1/8","KY Wesleyan","6' 1""",25.6,Undrafted,73,"Jacksonville Jaguars"
"Keelan Doss",WR,3/21/1996,23.0,"9 1/2","31 3/4","UC Davis","6' 2""",27.1,-,74,-
"Keenan Allen",WR,4/27/1992,26.9,"10    ","32 3/4",California,"6' 2""",26.4,3.14,74,"Los Angeles Chargers"
"Keenan Reynolds",WR,12/13/1994,24.3,"8 3/4","29 7/8",Navy,"5' 9""",28.1,6.07,69,"Seattle Seahawks"
"Keeon Johnson",WR,12/31/1994,24.2,"9 1/2","34 1/2",Virginia,"6' 2""",27.1,Undrafted,74,-
"Keevan Lucas",WR,4/10/1995,23.9,"9 7/8","31 7/8",Tulsa,"5' 9""",28.4,Undrafted,69,-
"Keith Kirkwood",WR,12/26/1993,25.2,"9 1/2","33 3/4",Temple,"6' 2""",28.4,Undrafted,74,"New Orleans Saints"
"Keith Mumphery",WR,6/5/1992,26.8,"9 1/8","31 1/8","Michigan State","6' 0""",29.2,5.39,72,-
"Keke Coutee",WR,1/14/1997,22.2,"8 3/8","29 7/8","Texas Tech","5' 10""",26.0,4.03,70,"Houston Texans"
"Kelvin Benjamin",WR,2/5/1991,28.1,"10 1/4","34 7/8","Florida State","6' 5""",28.5,1.28,77,-
"Kelvin Harmon",WR,5/30/1996,22.8,"9 1/2","32 1/2","N.C. State","6' 2""",28.4,-,74,-
"Kenbrell Thompkins",WR,7/29/1988,30.6,"8 5/8","32 1/4",Cincinnati,"6' 1""",25.1,Undrafted,73,-
"Kendall Wright",WR,11/12/1989,29.4,"8 5/8","30 1/2",Baylor,"5' 10""",28.1,1.20,70,-
"Kendrick Bourne",WR,8/4/1995,23.6,"9 1/8","32 1/2","E. Washington","6' 1""",26.8,Undrafted,73,"San Francisco 49ers"
"Kenneth Walker",WR,4/1/1994,25.0,"8 3/8","30 1/2",UCLA,"5' 9""",27.8,Undrafted,69,-
"Kenny Bell",WR,2/25/1992,27.1,"9 1/4","31 5/8",Nebraska,"6' 1""",26.0,5.26,73,-
"Kenny Britt",WR,9/19/1988,30.5,"9    ","34    ",Rutgers,"6' 3""",26.9,1.30,75,-
"Kenny Cook",WR,5/20/1992,26.8,"10 3/8","34 1/2",Gardner-Webb,"6' 4""",26.5,Undrafted,76,-
"Kenny Golladay",WR,11/3/1993,25.4,"9 3/4","32    ","Northern Illinois","6' 4""",26.5,3.32,76,"Detroit Lions"
"Kenny Lawler",WR,6/25/1994,24.7,"10 1/2","33 3/8",California,"6' 2""",26.1,7.22,74,-
"Kenny Shaw",WR,1/15/1992,27.2,"8 5/8","31 1/4","Florida State","5' 11""",24.3,Undrafted,71,-
"Kenny Stills",WR,4/22/1992,26.9,"9    ","30 1/2",Oklahoma,"6' 0""",26.3,5.11,72,"Miami Dolphins"
"Keon Hatcher",WR,9/11/1994,24.5,"9 1/2","32    ",Arkansas,"6' 1""",28.0,Undrafted,73,"Oakland Raiders"
"Kermit Whitfield",WR,10/8/1993,25.5,"8 1/2","30    ","Florida State","5' 8""",28.1,Undrafted,68,"Cincinnati Bengals"
"Kerry Taylor",WR,2/20/1989,30.1,-,"30 3/8","Arizona State","6' 0""",27.1,Undrafted,72,-
"Keshawn Martin",WR,3/15/1990,29.0,"9 1/4","31 1/2","Michigan State","5' 11""",26.4,4.26,71,-
"Kevin Cone",WR,3/20/1988,31.0,-,-,"Georgia Tech","6' 2""",27.7,Undrafted,74,-
"Kevin Dorsey",WR,2/23/1990,29.1,"9 5/8","33 3/4",Maryland,"6' 1""",27.3,7.18,73,-
"Kevin Elliott",WR,12/21/1988,30.3,-,-,"Florida A&M","6' 3""",26.6,Undrafted,75,-
"Kevin Norwood",WR,9/23/1989,29.5,"10    ","32 1/8",Alabama,"6' 2""",25.4,4.23,74,-
"Kevin Ogletree",WR,8/5/1987,31.6,"9    ","31    ",Virginia,"6' 1""",26.1,Undrafted,73,-
"Kevin Smith",WR,12/21/1991,27.3,"9 1/8","30 7/8",Washington,"6' 0""",28.2,Undrafted,72,-
"Kevin White",WR,6/25/1992,26.7,"9 1/4","32 5/8","West Virginia","6' 3""",26.9,1.07,75,"Arizona Cardinals"
"Kevonte Martin-Manley",WR,10/22/1992,26.4,"9 3/8","32 1/8",Iowa,"6' 0""",27.8,Undrafted,72,-
"Keyarris Garrett",WR,9/26/1992,26.5,"9    ","34 1/2",Tulsa,"6' 3""",27.5,Undrafted,75,-
"Khadarel Hodge",WR,1/3/1995,24.2,"9 1/2","31 1/4","Prarie View A&M","6' 2""",25.4,Undrafted,74,"Los Angeles Rams"
"Kofi Hughes",WR,3/27/1992,27.0,"9 1/2","30 5/8",Indiana,"6' 1""",27.4,Undrafted,73,-
"Kolby Listenbee",WR,1/25/1994,25.2,"8 1/4","31 3/8",TCU,"6' 0""",26.7,6.17,72,-
"Korey Robertson",WR,6/22/1995,23.7,"9 1/8","32 7/8","S. Mississippi","6' 1""",28.0,Undrafted,73,-
"Kris Durham",WR,3/17/1988,31.0,-,"31 3/8",Georgia,"6' 5""",25.5,4.10,77,-
"Krishawn Hogan",WR,5/12/1995,23.9,"9 7/8","32 1/8",Marian,"6' 3""",27.7,Undrafted,75,"Indianapolis Colts"
"Kyle Prater",WR,6/21/1991,27.8,"10 3/8","33 1/4",Northwestern,"6' 5""",26.7,Undrafted,77,-
"Kyle Williams",WR,7/19/1988,30.7,"9 1/8","30    ","Arizona State","5' 10""",26.7,6.37,70,-
"L'Damian Washington",WR,5/10/1991,27.9,"9    ","33 3/8",Missouri,"6' 4""",23.7,Undrafted,76,-
"LaRon Byrd",WR,8/18/1989,29.6,"9 5/8","32 3/8","Miami (FL)","6' 4""",26.8,Undrafted,76,-
"LaVon Brazill",WR,3/15/1989,30.0,"9 3/4","32    ",Ohio,"5' 11""",26.8,6.36,71,-
"Lamaar Thomas",WR,4/23/1990,28.9,"8 1/4","30 3/8","New Mexico","6' 0""",25.1,Undrafted,72,-
"Lamont Bryant",WR,1/6/1988,31.2,-,"33 1/4","Morgan State","6' 5""",27.2,Undrafted,77,-
"Lance Lenoir",WR,2/9/1995,24.1,"9 1/2","32 1/4","Western Illinois","6' 0""",27.0,Undrafted,72,-
"Lance Moore",WR,8/31/1983,35.6,"10    ","31    ",Toledo,"5' 9""",28.1,Undrafted,69,-
"Laquon Treadwell",WR,6/14/1995,23.8,"9 1/2","33 3/8",Mississippi,"6' 2""",28.4,1.23,74,"Minnesota Vikings"
"Larry Fitzgerald",WR,8/31/1983,35.6,"10 1/2",-,Pittsburgh,"6' 3""",27.2,1.03,75,"Arizona Cardinals"
"Larry Pinkard",WR,2/25/1992,27.1,"8 7/8","32 1/2","Old Dominion","6' 0""",26.6,Undrafted,72,-
"Lavelle Hawkins",WR,7/12/1986,32.7,"9 5/8","29 5/8",California,"5' 11""",27.1,4.27,71,-
"Lee Doss",WR,4/19/1991,27.9,"8 7/8","31 3/8",Southern,"6' 1""",23.5,Undrafted,73,-
"Lemar Durant",WR,8/20/1992,26.6,"10    ","31 1/8","Simon Fraser","6' 2""",29.7,Undrafted,74,-
"Leonard Hankerson",WR,1/30/1989,30.1,"10 5/8","32 1/4","Miami (FL)","6' 1""",27.6,3.15,73,-
"Leonte Carroo",WR,1/24/1994,25.2,"9 5/8","31 3/8",Rutgers,"6' 0""",28.6,3.23,72,-
"Lestar Jean",WR,2/5/1988,31.1,"9    ","33    ","Florida Atlantic","6' 3""",26.9,Undrafted,75,-
"Levern Jacobs",WR,1/9/1993,26.2,"9    ","31 5/8",Maryland,"5' 11""",25.4,Undrafted,71,-
"Levi Norwood",WR,6/16/1992,26.8,"9 5/8","30 7/8",Baylor,"6' 1""",25.7,Undrafted,73,-
"Lil'Jordan Humphrey",WR,4/19/1998,20.9,"9 1/2","32 3/4",Texas,"6' 4""",25.6,-,76,-
"Linell Bonner",WR,4/26/1995,23.9,"8 7/8","31 5/8",Houston,"6' 0""",27.1,Undrafted,72,-
"Louis Murphy",WR,5/11/1987,31.9,"10    ","33 5/8",Florida,"6' 2""",25.7,4.24,74,-
"Lucky Whitehead",WR,6/2/1992,26.8,"8 7/8","32    ","Florida Atlantic","5' 10""",23.4,Undrafted,70,-
"Mack Hollins",WR,9/16/1993,25.5,"9 3/4","33 1/4","North Carolina","6' 4""",26.9,4.12,76,"Philadelphia Eagles"
"Malachi Dupre",WR,10/12/1995,23.4,"9    ","31 1/2",LSU,"6' 2""",25.2,7.29,74,"Arizona Cardinals"
"Malcolm Lewis",WR,10/27/1993,25.4,"8 3/8","31 1/8",Miami,"5' 10""",27.7,Undrafted,70,-
"Malcolm Mitchell",WR,7/20/1993,25.7,"10 1/2","32 5/8",Georgia,"6' 0""",26.9,4.14,72,-
"Malcom Floyd",WR,9/8/1981,37.5,"10 1/4","33 1/4","Fresno State","6' 5""",26.7,Undrafted,77,-
"Malcome Kennedy",WR,4/3/1992,27.0,"9 3/4","31 1/4","Texas A&M","6' 0""",27.8,Undrafted,72,-
"Malik Turner",WR,1/30/1996,23.1,"9 1/4","32    ",Illinois,"6' 2""",25.9,Undrafted,74,"Seattle Seahawks"
"MarQuez North",WR,4/21/1995,23.9,"10 1/4","33 3/8",Tennessee,"6' 2""",28.6,Undrafted,74,-
"Marcell Ateman",WR,9/16/1994,24.5,"9 7/8","32 7/8","Oklahoma State","6' 5""",25.6,7.10,77,"Oakland Raiders"
"Marcus Beaurem",WR,2/16/1992,27.1,"9    ","30 1/2","Tiffin State","5' 11""",25.8,Undrafted,71,-
"Marcus Harris",WR,3/1/1989,30.1,-,-,"Murray State","6' 1""",24.7,Undrafted,73,-
"Marcus Johnson",WR,8/5/1994,24.6,"9 1/4","31 7/8",Texas,"6' 1""",26.9,Undrafted,73,"Indianapolis Colts"
"Marcus Kemp",WR,8/14/1995,23.6,"9 5/8","32 5/8",Hawaii,"6' 3""",25.0,Undrafted,75,"Kansas City Chiefs"
"Marcus Tucker",WR,6/24/1992,26.7,"8 1/2","30 1/2","N. Michigan","5' 10""",27.5,Undrafted,70,-
"Mario Alford",WR,2/25/1993,26.1,"9 3/8","31 1/4","West Virginia","5' 8""",27.4,7.21,68,-
"Mario Manningham",WR,5/25/1986,32.8,-,"32 1/8",Michigan,"6' 0""",25.1,3.32,72,-
"Marken Michel",WR,7/6/1993,25.7,"8 7/8","28 3/4",Massachusetts,"5' 11""",26.9,Undrafted,71,"Philadelphia Eagles"
"Markus Wheaton",WR,2/7/1991,28.1,"9 1/8","32 3/4","Oregon State","5' 11""",26.4,3.17,71,-
"Marlon Brown",WR,4/22/1991,27.9,"8 1/4","32 3/4",Georgia,"6' 4""",25.9,Undrafted,76,-
"Marqise Lee",WR,11/25/1991,27.3,"9 1/2","31 3/4",USC,"6' 0""",26.0,2.07,72,"Jacksonville Jaguars"
"Marques Colston",WR,6/5/1983,35.8,"9 5/8","33 3/8",Hofstra,"6' 5""",26.7,7.44,77,-
"Marquess Wilson",WR,9/14/1992,26.5,"9 1/4","31 1/8","Washington State","6' 4""",22.4,7.30,76,-
"Marquez Valdes-Scantling",WR,10/10/1994,24.4,"10 1/4","32 1/4",USF,"6' 4""",25.1,5.37,76,"Green Bay Packers"
"Marquis Bundy",WR,8/5/1994,24.6,"9    ","32 1/8","New Mexico","6' 4""",25.8,Undrafted,76,-
"Marquise Brown",WR,6/4/1997,21.8,"9    ","30 1/2",Oklahoma,"5' 9""",24.5,-,69,-
"Marquise Goodwin",WR,11/19/1990,28.3,"8 5/8","31 1/2",Texas,"5' 9""",27.0,3.16,69,"San Francisco 49ers"
"Martavis Bryant",WR,12/20/1991,27.3,"9 1/2","32 5/8",Clemson,"6' 4""",25.7,4.18,76,"Oakland Raiders"
"Marvin Hall",WR,4/10/1993,25.9,"8 1/2","30 1/4",Washington,"5' 9""",28.4,Undrafted,69,"Atlanta Falcons"
"Marvin Jones",WR,3/12/1990,29.0,"10 1/4","33 1/8",California,"6' 2""",25.7,5.31,74,"Detroit Lions"
"Marvin McNutt",WR,7/4/1989,29.7,"10    ","32    ",Iowa,"6' 3""",27.0,6.24,75,-
"Matt Hazel",WR,1/23/1992,27.2,"9 1/8","31 3/8","Coastal Carolina","6' 1""",26.1,6.14,73,-
"Matt Miller",WR,5/1/1991,27.9,"8 7/8","32 1/2","Boise State","6' 2""",28.5,Undrafted,74,-
"Matthew Slater",WR,9/9/1985,33.5,-,-,UCLA,"5' 11""",27.2,5.18,71,"New England Patriots"
"Maurice Harris",WR,11/11/1992,26.4,"9 5/8","32 1/8",California,"6' 2""",25.0,Undrafted,74,"New England Patriots"
"Max McCaffrey",WR,5/17/1994,24.8,"8 7/8","31 5/8",Duke,"6' 2""",24.4,Undrafted,74,"San Francisco 49ers"
"Mecole Hardman",WR,3/12/1998,21.0,"9    ","30 1/4",Georgia,"5' 10""",26.8,-,70,-
"Mekale McKay",WR,8/4/1993,25.6,"9 1/2","30 5/8",Cincinnati,"6' 4""",25.2,Undrafted,76,-
"Micah Hatfield",WR,8/10/1989,29.6,"8 5/8","30    ","Oregon State","6' 1""",24.0,Undrafted,73,-
"Michael Campanaro",WR,1/25/1991,28.2,"9 3/4","30    ","Wake Forest","5' 10""",27.5,7.03,70,-
"Michael Clark",WR,10/26/1995,23.4,"9 3/8","32 7/8",Marshall,"6' 6""",25.1,Undrafted,78,-
"Michael Crabtree",WR,9/14/1987,31.5,"9 1/4","34 1/4","Texas Tech","6' 1""",28.2,1.10,73,-
"Michael Floyd",WR,11/27/1989,29.3,"9 3/8","32 7/8","Notre Dame","6' 3""",27.5,1.13,75,Washington
"Michael Gallup",WR,3/4/1996,23.0,"9 1/4","31 1/2","Colorado State","6' 1""",27.0,3.17,73,"Dallas Cowboys"
"Michael Preston",WR,6/1/1989,29.8,-,"34 3/4",Heidelberg,"6' 5""",24.4,Undrafted,77,-
"Michael Rector",WR,12/16/1993,25.3,"9 1/4","32 1/2",Stanford,"6' 0""",26.2,Undrafted,72,-
"Michael Thomas",WR,3/3/1993,26.1,"10 1/2","32 1/8","Ohio State","6' 3""",26.5,2.16,75,"New Orleans Saints"
"Micheal Spurlock",WR,1/31/1983,36.1,-,-,Mississippi,"5' 11""",29.3,Undrafted,71,-
"Mike A. Thomas",WR,6/4/1987,31.8,"9 3/8","31    ",Arizona,"5' 8""",30.1,4.07,68,-
"Mike A. Williams",WR,5/18/1987,31.8,"9 1/4","31    ",Syracuse,"6' 1""",28.0,4.03,73,-
"Mike Brown",WR,2/9/1989,30.1,-,"31 1/2",Liberty,"5' 10""",29.4,Undrafted,70,-
"Mike Davis",WR,5/11/92,24.4,"10    ","32 3/4",Texas,"6' 0""",26.7,Undrafted,72,-
"Mike Evans",WR,8/21/1993,25.6,"9 3/8","35 1/8","Texas A&M","6' 5""",27.4,1.07,77,"Tampa Bay Buccaneers"
"Mike Thomas",WR,8/16/1994,24.6,"10 1/2","33 3/8","S. Mississippi","6' 1""",26.4,6.31,73,"Los Angeles Rams"
"Mike Wallace",WR,8/1/1986,32.6,"9    ","31 3/8",Mississippi,"6' 0""",27.0,3.20,72,"Philadelphia Eagles"
"Mike Williams",WR,10/4/1994,24.5,"9 3/8","33 3/8",Clemson,"6' 4""",26.5,1.07,76,"Los Angeles Chargers"
"Miles Austin",WR,6/30/1984,34.7,"10 1/8","31    ",Monmouth,"6' 2""",27.9,Undrafted,74,-
"Miles Boykin",WR,10/12/1996,22.4,"9 7/8","33 1/2","Notre Dame","6' 4""",26.8,-,76,-
"Milton Williams",WR,3/7/1994,25.0,"9 1/4","31 1/2","Delaware State","6' 3""",25.0,Undrafted,75,-
"Mitch Mathews",WR,4/15/1992,26.9,"10 3/8","33    ",BYU,"6' 5""",26.3,Undrafted,77,-
"Mohamed Sanu",WR,8/22/1989,29.6,"10 1/8","33 1/2",Rutgers,"6' 1""",27.8,3.19,73,"Atlanta Falcons"
"Montay Crockett",WR,12/11/1993,25.3,"8 3/8","31 1/2","Georgia Southern","5' 11""",26.5,Undrafted,71,-
"Mose Frazier",WR,8/30/1993,25.6,"8 3/8","31 5/8",Memphis,"5' 10""",28.1,Undrafted,70,"Carolina Panthers"
"Myles White",WR,3/30/1990,29.0,"9 1/4","31 5/8","Louisiana Tech","6' 0""",24.7,Undrafted,72,-
"N'Keal Harry",WR,12/17/1997,21.3,"9 1/2","33    ","Arizona State","6' 2""",29.3,-,74,-
"Nate Burleson",WR,8/19/1981,37.6,"9    ","31 1/8",Nevada,"6' 0""",26.9,3.07,72,-
"Nate Cole",WR,-,-,"9 3/4","31 3/4",Cincinnati,"6' 0""",27.0,Undrafted,72,-
"Nate Washington",WR,8/28/1983,35.6,-,-,"Tiffin State","6' 1""",24.1,Undrafted,73,-
"Nathan Palmer",WR,4/14/1989,29.9,-,-,"Northern Illinois","5' 11""",27.6,Undrafted,71,-
"Nathan Slaughter",WR,8/21/1992,26.6,"8 3/4","29 5/8","West Texas A&M","5' 9""",27.2,Undrafted,69,-
"Nelson Agholor",WR,5/24/1993,25.8,"9 1/4","32 1/4",USC,"6' 0""",26.9,1.20,72,"Philadelphia Eagles"
"Nelson Spruce",WR,12/5/1992,26.3,"10    ","30    ",Colorado,"6' 1""",27.2,Undrafted,73,-
"Nicholas Norris",WR,-,-,"8 5/8","29 5/8","Western Kentucky","5' 8""",24.3,Undrafted,68,-
"Nick Harwell",WR,1/21/1991,28.2,"9 5/8","31    ",Kansas,"5' 11""",26.9,Undrafted,71,-
"Nick Kurtz",WR,7/13/1993,25.7,"9 7/8","33 1/2","Brigham Young","6' 6""",25.2,Undrafted,78,-
"Nick Toon",WR,11/4/1988,30.4,"9    ","32 1/2",Wisconsin,"6' 4""",26.2,4.27,76,-
"Nick Williams",WR,11/23/1990,28.3,"10 1/4","34 1/8",Connecticut,"5' 9""",27.0,Undrafted,69,-
"Nigel King",WR,10/9/1992,26.4,"9 1/2","31 5/8",Kansas,"6' 3""",26.2,Undrafted,75,-
"Noah Brown",WR,1/6/1996,23.2,"9 1/8","31 3/4","Ohio State","6' 2""",28.5,7.21,74,"Dallas Cowboys"
"Noel Grigsby",WR,10/2/1991,27.5,"9 7/8","30 5/8","San Jose State","5' 11""",24.4,Undrafted,71,-
"Noel Thomas",WR,9/18/1994,24.5,"8 3/4","30    ",Connecticut,"6' 0""",27.8,Undrafted,72,-
"Nyqwan Murray",WR,7/28/1997,21.6,"9 3/8","31 1/8","Florida State","5' 10""",27.4,-,70,-
"Odell Beckham",WR,11/5/1992,26.4,"10    ","32 3/4",LSU,"5' 11""",27.6,1.12,71,"Cleveland Browns"
"Olabisi Johnson",WR,3/17/1997,22.0,"10 3/8","30 3/4","Colorado State","6' 0""",27.7,-,72,-
"Parris Campbell",WR,7/16/1998,20.7,"9 1/2","32 1/4","Ohio State","6' 0""",27.8,-,72,-
"Patrick Edwards",WR,10/25/1988,30.4,"8 3/8","29 5/8",Houston,"5' 9""",25.8,Undrafted,69,-
"Paul McRoberts",WR,11/15/1992,26.3,"10    ","33 7/8","SE Missouri State","6' 2""",25.9,Undrafted,74,-
"Paul Richardson",WR,4/13/1992,26.9,"8 7/8","32 5/8",Colorado,"6' 0""",23.7,2.13,72,Washington
"Paul Turner",WR,5/10/1993,25.9,"9 5/8","31    ","Louisiana Tech","5' 10""",27.7,Undrafted,70,"New Orleans Saints"
"Percy Harvin",WR,5/28/1988,30.8,"9 3/8","31 5/8",Florida,"5' 11""",25.7,1.22,71,-
"Pharoh Cooper",WR,3/7/1995,24.0,"9 1/8","32 1/4","South Carolina","5' 11""",28.3,4.19,71,"Arizona Cardinals"
"Phil Bates",WR,9/20/1989,29.5,-,"32 3/8",Ohio,"6' 1""",29.0,Undrafted,73,-
"Phil Mayhue",WR,-,-,"10 1/4","32 1/2",Memphis,"6' 2""",27.1,Undrafted,74,-
"Phillip Dorsett",WR,1/5/1993,26.2,"9 3/8","30 1/4",Miami,"5' 10""",26.5,1.29,70,"New England Patriots"
"Pierre Garcon",WR,8/8/1986,32.6,"9 1/2","31 1/8","Mount Union","6' 0""",28.5,6.39,72,-
"Pig Howard",WR,3/9/1993,26.0,"9 1/8","31    ",Tennessee,"5' 7""",28.8,Undrafted,67,-
"Preston Parker",WR,2/13/1987,32.1,"9 1/4","30 3/8","North Alabama","6' 0""",27.1,Undrafted,72,-
"Quadree Henderson",WR,9/12/1996,22.5,"9 7/8","29 1/2",Pittsburgh,"5' 8""",28.9,Undrafted,68,"New York Giants"
"Quan Bray",WR,4/28/1993,25.9,"9 1/4","30 1/2",Auburn,"5' 10""",27.8,Undrafted,70,-
"Quenton Bundrage",WR,9/13/1991,27.5,"9 1/4","33 3/4","Iowa State","6' 1""",27.2,Undrafted,73,-
"Quincy Adeboyejo",WR,5/26/1995,23.8,"9 3/8","31 3/4",Mississippi,"6' 3""",24.6,Undrafted,75,"Baltimore Ravens"
"Quincy Enunwa",WR,5/31/1992,26.8,"9 1/2","32 5/8",Nebraska,"6' 2""",28.9,6.33,74,"New York Jets"
"Quinshad Davis",WR,5/24/1994,24.8,"9 5/8","33 3/8","North Carolina","6' 3""",27.2,Undrafted,75,-
"Quinton Patton",WR,8/9/1990,28.6,"9 3/8","32 7/8","Louisiana Tech","6' 0""",27.7,4.31,72,-
"Quron Pratt",WR,4/25/1991,27.9,"9 1/4","32    ",Rutgers,"6' 0""",26.4,Undrafted,72,-
"R.J. Harris",WR,6/3/1992,26.8,"9 1/8","33 1/8","New Hampshire","6' 0""",27.1,Undrafted,72,-
"R.J. Shelton",WR,5/6/1994,24.9,"9    ","30 1/4","Michigan State","5' 10""",28.7,Undrafted,70,-
"Ramses Barden",WR,1/1/1986,33.2,"10 3/4","34 1/2","Cal Poly","6' 6""",25.9,3.21,78,-
"Randall Cobb",WR,8/22/1990,28.6,"9 3/8","31    ",Kentucky,"5' 10""",27.5,2.32,70,"Green Bay Packers"
"Rannell Hall",WR,1/30/1993,26.1,"8 5/8","30 1/2",UCF,"6' 0""",26.9,Undrafted,72,-
"Rashad Greene",WR,9/23/1992,26.5,"9    ","31 5/8","Florida State","5' 11""",25.4,5.03,71,-
"Rashad Ross",WR,2/2/1990,29.1,"8 5/8","30 1/2","Arizona State","6' 0""",23.7,Undrafted,72,-
"Rashard Davis",WR,12/7/1994,24.3,"9    ","29 1/4","James Madison","5' 8""",26.3,Undrafted,68,"Oakland Raiders"
"Rashard Higgins",WR,10/7/1994,24.5,"9 3/4","32 1/4","Colorado State","6' 1""",25.9,5.35,73,"Cleveland Browns"
"Rashawn Scott",WR,1/29/1992,27.1,"9 3/8","31 3/8",Miami,"6' 1""",26.3,Undrafted,73,-
"Rasheed Bailey",WR,7/29/1993,25.6,"9 1/2","31    ","Delaware Valley","6' 2""",26.3,Undrafted,74,-
"Ray-Ray McCloud",WR,10/15/1996,22.4,"9 1/4","30 1/4",Clemson,"5' 10""",27.3,6.13,70,"Buffalo Bills"
"Reggie Davis",WR,11/22/1995,23.3,"9 1/4","31 3/4",Georgia,"6' 0""",21.4,Undrafted,72,"Dallas Cowboys"
"Reggie Diggs",WR,5/8/1993,25.9,"9 1/4","32 5/8",Richmond,"6' 3""",26.7,Undrafted,75,-
"Reggie Wayne",WR,11/17/1978,40.4,-,-,"Miami (FL)","6' 0""",26.9,1.30,72,-
"Ricardo Lockette",WR,5/21/1986,32.8,"9 3/4","33 3/4","Fort Valley State","6' 2""",27.1,Undrafted,74,-
"Ricardo Louis",WR,3/23/1994,25.0,"9 1/2","32 3/8",Auburn,"6' 2""",27.6,4.16,74,"Cleveland Browns"
"Richard Mullaney",WR,2/23/1993,26.1,"8 5/8","31 1/4",Alabama,"6' 2""",26.2,Undrafted,74,-
"Richie James",WR,9/5/1995,23.5,"9 1/4","31 1/4","Middle Tennessee","5' 9""",27.3,7.22,69,"San Francisco 49ers"
"Ricky Collins",WR,3/5/1992,27.0,"9    ","32 3/8","TAMU Commerce","6' 0""",27.1,Undrafted,72,-
"Ricky Jeune",WR,12/3/1993,25.3,"9 5/8","32 1/2","Georgia Tech","6' 2""",27.3,Undrafted,74,-
"Rico Gafford",WR,5/23/1996,22.8,"8 1/2","29 3/4",Wyoming,"5' 10""",26.4,Undrafted,70,"Oakland Raiders"
"Rico Richardson",WR,7/1/1991,27.7,"8 3/4","31 5/8","Jackson State","6' 1""",24.4,Undrafted,73,-
"Riley Cooper",WR,9/9/1987,31.5,"10 3/8","32 5/8",Florida,"6' 3""",27.7,5.28,75,-
"Riley McCarron",WR,6/16/1993,25.8,"8 1/8","30 1/8",Iowa,"5' 9""",27.8,Undrafted,69,-
"Riley Ridley",WR,7/21/1996,22.7,"10 1/4","32 5/8",Georgia,"6' 1""",26.3,-,73,-
"Rishard Matthews",WR,10/12/1989,29.4,"9 1/8","32 1/2",Nevada,"6' 0""",28.5,7.20,72,-
"River Cracraft",WR,11/1/1994,24.4,"8 1/2","29 1/2","Washington State","6' 0""",26.2,Undrafted,72,"Denver Broncos"
"Robby Anderson",WR,5/9/1993,25.9,"8 5/8","30    ",Temple,"6' 3""",23.7,Undrafted,75,"New York Jets"
"Robert Davis",WR,4/2/1995,24.0,"9 5/8","33    ","Georgia State","6' 3""",27.4,6.25,75,Washington
"Robert Foster",WR,5/7/1994,24.9,"9 1/4","32 1/8",Alabama,"6' 2""",25.2,Undrafted,74,"Buffalo Bills"
"Robert Herron",WR,6/2/1992,26.8,"9 3/4","30 1/2",Wyoming,"5' 9""",28.5,6.09,69,-
"Robert Meachem",WR,9/28/1984,34.5,-,-,Tennessee,"6' 2""",27.6,1.27,74,-
"Robert Wheelwright",WR,12/14/1994,24.3,"9 1/8","31 7/8",Wisconsin,"6' 2""",26.3,Undrafted,74,-
"Robert Woods",WR,4/10/1992,26.9,"9 1/4","31    ",USC,"6' 0""",27.3,2.09,72,"Los Angeles Rams"
"Rod Streater",WR,2/9/1988,31.1,-,"32 1/8",Temple,"6' 3""",25.0,Undrafted,75,-
"Roddy White",WR,11/2/1981,37.4,"9 5/8","31 5/8",UAB,"6' 1""",27.4,1.27,73,-
"Rodney Adams",WR,9/15/1994,24.5,"9    ","32    ","South Florida","6' 1""",24.9,5.27,73,-
"Rodney Smith",WR,3/11/1990,29.0,"10 1/4","34 3/4","Florida State","6' 4""",26.7,Undrafted,76,-
"Roger Lewis",WR,11/27/1993,25.3,"9 3/4","32    ","Bowling Green","6' 0""",27.3,Undrafted,72,"Tennessee Titans"
"Ross Apo",WR,9/26/1990,28.5,"9 1/4","34 3/8",BYU,"6' 3""",26.2,Undrafted,75,-
"Rudy Rudolph",WR,7/10/1993,25.7,"8 3/8","31 5/8","Christ. Newport","6' 1""",22.4,Undrafted,73,-
"Rueben Randle",WR,5/7/1991,27.9,"9 1/2","33    ",LSU,"6' 3""",26.0,2.31,75,-
"Russell Gage",WR,1/22/1996,23.2,"9 1/8","33    ",LSU,"6' 0""",25.2,6.20,72,"Atlanta Falcons"
"Russell Shepard",WR,9/17/1990,28.5,"9 1/4","30 7/8",LSU,"6' 1""",25.7,Undrafted,73,"New York Giants"
"Ryan Broyles",WR,4/9/1988,31.0,"9    ","30 1/4",Oklahoma,"5' 10""",27.0,2.22,70,-
"Ryan Davis",WR,-,-,"9 1/4","30 7/8",Auburn,"5' 10""",27.1,-,70,-
"Ryan Grant",WR,12/19/1990,28.3,"9 5/8","31    ",Tulane,"6' 1""",25.2,5.02,73,-
"Ryan Spadola",WR,2/15/1991,28.1,"9 3/4","30 3/4",Lehigh,"6' 1""",26.9,Undrafted,73,-
"Ryan Switzer",WR,11/4/1994,24.4,"9 1/4","28    ","North Carolina","5' 8""",27.5,4.27,68,"Pittsburgh Steelers"
"Ryan Whalen",WR,7/26/1989,29.7,"9    ","30    ",Stanford,"6' 1""",26.6,6.02,73,-
"Saalim Hakim",WR,2/1/1990,29.1,-,-,"Tarleton State","5' 11""",26.2,Undrafted,71,-
"Saeed Blacknall",WR,3/17/1996,23.0,"9 7/8","33 3/8","Penn State","6' 2""",26.7,Undrafted,74,"Oakland Raiders"
"Sam Mentkowski",WR,-,-,-,-,"UW Oshkosh","6' 1""",25.7,Undrafted,73,-
"Sammie Coates",WR,3/31/1993,26.0,"9 3/8","33 3/8",Auburn,"6' 1""",28.0,3.23,73,"Kansas City Chiefs"
"Sammy Watkins",WR,6/14/1993,25.8,"9 5/8","32    ",Clemson,"6' 1""",27.8,1.04,73,"Kansas City Chiefs"
"Santana Moss",WR,6/1/1979,39.8,-,-,"Miami (FL)","5' 10""",28.7,1.16,70,-
"Santonio Holmes",WR,3/3/1984,35.1,"9 5/8","32    ","Ohio State","5' 11""",26.8,1.25,71,-
"Seantavius Jones",WR,8/9/1992,26.6,"9 5/8","34 7/8","Valdosta State","6' 3""",26.0,Undrafted,75,-
"Seth Roberts",WR,2/22/1991,28.1,"8 7/8","32 1/2","West Alabama","6' 2""",25.2,Undrafted,74,"Oakland Raiders"
"Seyi Ajirotutu",WR,6/12/1987,31.8,"9 3/8","32 5/8","Fresno State","6' 3""",26.4,Undrafted,75,-
"Shane Wynn",WR,11/15/1992,26.3,"8 7/8","29 1/2",Indiana,"5' 6""",25.3,Undrafted,66,"New Orleans Saints"
"Shaq Evans",WR,3/7/1991,28.0,"9 5/8","32    ",UCLA,"6' 1""",28.1,4.15,73,-
"Shaq Hill",WR,5/12/1993,25.9,"8 1/4","30    ","E. Washington","5' 9""",28.5,Undrafted,69,-
"Shay Fields",WR,6/22/1996,22.7,"8 7/8","30 1/8",Colorado,"5' 10""",26.8,Undrafted,70,-
"Shelton Gibson",WR,3/20/1994,25.0,"8 7/8","32    ","West Virginia","5' 11""",26.6,5.22,71,"Philadelphia Eagles"
"Sidney Rice",WR,9/1/1986,32.6,"9 1/4","32 1/2","South Carolina","6' 3""",25.2,2.12,75,-
"Simmie Cobbs",WR,10/25/1995,23.4,"9 1/4","32    ",Indiana,"6' 3""",27.5,Undrafted,75,"New Orleans Saints"
"Skye Dawson",WR,12/2/1990,28.3,"8 1/8","28 1/4","Texas Christian","5' 9""",23.6,Undrafted,69,-
"Solomon Patton",WR,10/17/1990,28.4,"9 1/8","29 3/4",Florida,"5' 8""",27.2,Undrafted,68,-
"Speedy Noil",WR,10/14/1995,23.4,"9 1/4","30    ","Texas A&M","5' 11""",27.8,Undrafted,71,-
"Stacy Coley",WR,5/13/1995,23.9,"9 3/4","32 1/4",Miami,"6' 0""",26.4,7.01,72,"New York Jets"
"Stanley Morgan",WR,9/7/1996,22.5,"9 7/8","32 3/8",Nebraska,"6' 0""",27.4,-,72,-
"Stedman Bailey",WR,11/11/1990,28.4,"9 7/8","32 3/4","West Virginia","5' 10""",27.7,3.30,70,-
"Stefon Diggs",WR,2/10/1994,25.1,"10    ","31 1/4",Maryland,"6' 0""",26.4,5.10,72,"Minnesota Vikings"
"Stephen Hill",WR,4/25/1991,27.9,"9 3/8","33 3/8","Georgia Tech","6' 4""",26.2,2.11,76,-
"Sterling Shepard",WR,2/10/1993,26.1,"9 3/4","30 3/8",Oklahoma,"5' 10""",27.8,2.09,70,"New York Giants"
"Steve Ishmael",WR,7/1/1995,23.7,"8 1/2","32 3/4",Syracuse,"6' 2""",27.2,Undrafted,74,"Indianapolis Colts"
"Steve Johnson",WR,7/22/1986,32.7,"9 5/8","32 3/4",Kentucky,"6' 2""",25.9,7.17,74,-
"Steve Smith",WR,5/12/1979,39.9,-,-,Utah,"5' 9""",27.3,3.12,69,-
"Steven Dunbar",WR,12/19/1995,23.3,"9 1/4","32 7/8",Houston,"6' 2""",26.3,Undrafted,74,"San Francisco 49ers"
"Steven Mitchell",WR,5/2/1994,24.9,"9 3/8","30 3/8",USC,"5' 10""",27.1,Undrafted,70,"Houston Texans"
"T.J. Graham",WR,7/27/1989,29.7,"9    ","32 3/4","NC State","5' 11""",25.1,3.06,71,-
"T.J. Jones",WR,7/19/1992,26.7,"10    ","30 5/8","Notre Dame","6' 0""",25.5,6.13,72,"Detroit Lions"
"T.J. Moe",WR,10/14/1990,28.4,"9 3/4","30 1/8",Missouri,"5' 11""",27.9,Undrafted,71,-
"T.Y. Hilton",WR,11/14/1989,29.4,"8 1/2","32    ","FL International","5' 9""",27.0,3.29,69,"Indianapolis Colts"
"Tajae Sharpe",WR,12/23/1994,24.2,"8 3/8","32 1/4",Massachusetts,"6' 2""",24.9,5.01,74,"Tennessee Titans"
"Tandon Doss",WR,9/22/1989,29.5,"10 1/8","31 1/4",Indiana,"6' 2""",26.6,4.26,74,-
"Tanner Gentry",WR,12/18/1994,24.3,"9 7/8","30 1/2",Wyoming,"6' 1""",27.4,Undrafted,73,"Chicago Bears"
"Tanner McEvoy",WR,1/26/1993,26.1,"10 3/8","31    ",Wisconsin,"6' 6""",25.7,Undrafted,78,-
"Tavares Martin",WR,2/4/1996,23.1,"9 1/8","32 1/8","Washington State","6' 1""",24.4,Undrafted,73,-
"Tavarres King",WR,7/14/1990,28.7,"9 1/2","33    ",Georgia,"6' 0""",25.6,5.28,72,-
"Taylor Gabriel",WR,2/17/1991,28.1,"8 3/8","29 3/4","Abilene Christian","5' 8""",25.4,Undrafted,68,"Chicago Bears"
"Taylor Price",WR,10/8/1987,31.5,"9 1/2","31 1/4",Ohio,"6' 0""",28.7,3.26,72,-
"Taywan Taylor",WR,3/2/1995,24.1,"9 1/4","32 5/8","Western Kentucky","5' 11""",28.3,3.08,71,"Tennessee Titans"
"Ted Ginn",WR,4/12/1985,33.9,"9 1/8","31 1/4","Ohio State","5' 11""",25.1,1.09,71,"New Orleans Saints"
"Tello Luckett",WR,2/1/1991,28.1,"9 1/4","31    ",Harding,"6' 0""",28.6,Undrafted,72,-
"Teo Redding",WR,12/8/1994,24.3,"9 3/8","32 5/8","Bowling Green","6' 1""",23.9,Undrafted,73,"Green Bay Packers"
"Terrance Williams",WR,9/8/1989,29.5,"8 3/4","31 1/4",Baylor,"6' 2""",26.7,3.12,74,-
"Terrelle Pryor",WR,6/20/1989,29.8,-,-,"Ohio State","6' 4""",28.4,Supplemental,76,-
"Terrence Toliver",WR,5/7/1988,30.9,"10    ","32    ",LSU,"6' 5""",24.2,Undrafted,77,-
"Terry Godwin",WR,10/23/1996,22.4,"9 3/8","30    ",Georgia,"5' 11""",25.7,-,71,-
"Terry McLaurin",WR,-,-,"9 1/8","31 1/2","Ohio State","6' 0""",28.2,-,72,-
"Tevaun Smith",WR,1/30/1993,26.1,"9 1/2","31 3/4",Iowa,"6' 0""",27.8,Undrafted,72,-
"Tevin Jones",WR,12/16/1992,26.3,"9 7/8","32 1/2",Memphis,"6' 2""",27.9,Undrafted,74,"Pittsburgh Steelers"
"Tevin Reese",WR,1/2/1991,28.2,"8 5/8","31 5/8",Baylor,"5' 10""",23.4,7.25,70,-
"Thomas Owens",WR,-,-,"9 5/8","31 5/8","Florida International","6' 1""",26.5,Undrafted,73,-
"Thomas Sperbeck",WR,10/21/1994,24.4,"8 7/8","29 1/4","Boise State","5' 11""",26.1,Undrafted,71,-
"Tim Benford",WR,9/7/1989,29.5,"8 7/8","33 1/8","Tennessee Tech","5' 11""",27.9,Undrafted,71,-
"Tim Patrick",WR,11/23/1993,25.3,"9 1/2","33 5/8",Utah,"6' 4""",25.3,Undrafted,76,"Denver Broncos"
"Tim White",WR,7/15/1994,24.7,"9 3/4","31 1/4","Arizona State","5' 10""",25.1,Undrafted,70,"New York Jets"
"Tiquan Underwood",WR,2/17/1987,32.1,"8 1/2","32 1/4",Rutgers,"6' 1""",23.1,7.44,73,-
"Titus Davis",WR,1/3/1993,26.2,"8 1/4","29 5/8","Central Michigan","6' 1""",25.9,Undrafted,73,-
"Tommy Streeter",WR,10/7/1988,30.5,"9 1/2","34 3/4","Miami (FL)","6' 5""",26.1,6.28,77,-
"Tommylee Lewis",WR,10/24/1992,26.4,"8 1/8","29 3/8","Northern Illinois","5' 6""",27.4,Undrafted,66,"New Orleans Saints"
"Toney Clemons",WR,10/11/1988,30.4,"9 3/8","31 5/8",Colorado,"6' 2""",27.0,7.24,74,-
"Tony Pierson",WR,-,-,"8 1/8","29 3/4",Kansas,"5' 11""",24.4,Undrafted,71,-
"Tony Stevens",WR,3/14/1995,24.0,"9 5/8","32 3/8",Auburn,"6' 4""",25.8,Undrafted,76,-
"Tony Washington",WR,10/18/1990,28.4,"9    ","30    ","Appalachian State","5' 10""",28.0,Undrafted,70,-
"Tori Gurley",WR,11/22/1987,31.3,"9 3/4","35    ","South Carolina","6' 4""",28.2,Undrafted,76,-
"Torrence Allen",WR,3/31/1991,28.0,"8 7/8","32 5/8","West Texas A&M","6' 0""",24.8,Undrafted,72,-
"Torrey Smith",WR,1/26/1989,30.2,"8 1/2","32 5/8",Maryland,"6' 0""",27.8,2.26,72,"Carolina Panthers"
"Travin Dural",WR,11/19/1993,25.3,"9 1/8","32 1/8",LSU,"6' 1""",26.6,Undrafted,73,"New Orleans Saints"
"Travis Benjamin",WR,12/29/1989,29.2,"8 3/4","31 3/4","Miami (FL)","5' 10""",25.1,4.05,70,"Los Angeles Chargers"
"Travis Fulgham",WR,-,-,"9 1/2","33 3/4","Old Dominion","6' 2""",27.6,-,74,-
"Travis Labhart",WR,1/20/1991,28.2,"8 1/8","29 1/2","Texas A&M","5' 9""",26.6,Undrafted,69,-
"Travis Rudolph",WR,9/15/1995,23.5,"9 1/4","31 7/8","Florida State","6' 0""",25.6,Undrafted,72,-
"Tre McBride",WR,12/1/1992,26.3,"9    ","32 1/8","William & Mary","6' 0""",28.5,7.28,72,Washington
"Tre'Quan Smith",WR,7/1/1996,22.7,"9 1/2","33 3/8",UCF,"6' 2""",27.0,3.27,74,"New Orleans Saints"
"Trent Bostick",WR,2/26/1995,24.1,-,-,Charlotte,"6' 0""",27.4,Undrafted,72,-
"Trent Sherfield",WR,2/26/1996,23.1,"9 5/8","31 7/8",Vanderbilt,"6' 0""",27.5,Undrafted,72,"Arizona Cardinals"
"Trent Taylor",WR,4/30/1994,24.9,"8 1/4","28 3/4","Louisiana Tech","5' 8""",27.5,5.34,68,"San Francisco 49ers"
"Trevor Davis",WR,7/4/1993,25.7,"10    ","31    ",California,"6' 1""",24.8,5.26,73,"Green Bay Packers"
"Trevor Harman",WR,10/22/1991,27.4,"9    ","31 3/8",Shippensburg,"6' 3""",25.6,Undrafted,75,-
"Trey Griffey",WR,1/19/1994,25.2,"9 3/4","32 1/8",Arizona,"6' 2""",26.8,Undrafted,74,"Pittsburgh Steelers"
"Trey Quinn",WR,12/7/1995,23.3,"10 1/8","30 3/4",SMU,"5' 11""",28.3,7.38,71,Washington
"Trindon Holliday",WR,4/27/1986,32.9,"8 1/4","28 3/8",LSU,"5' 5""",26.5,6.28,65,-
"Troy Pelletier",WR,-,-,"10    ","32 7/8",Lehigh,"6' 3""",27.1,Undrafted,75,-
"Tyler Boyd",WR,11/5/1994,24.4,"9 3/4","32    ",Pittsburgh,"6' 1""",26.0,2.24,73,"Cincinnati Bengals"
"Tyler Lockett",WR,9/28/1992,26.5,"8 3/8","30    ","Kansas State","5' 10""",26.1,3.05,70,"Seattle Seahawks"
"Tyler Rutenbeck",WR,9/15/1991,27.5,"9 1/2","31 1/4",Dubuque,"6' 2""",23.9,Undrafted,74,-
"Tyler Slavin",WR,1/29/1992,27.1,"10 3/4","33    ",UNM-Highlands,"6' 2""",27.6,Undrafted,74,-
"Tyre Brady",WR,4/19/1995,23.9,"9 3/4","33 5/8",Marshall,"6' 3""",26.4,-,75,-
"Tyreek Hill",WR,3/1/1994,25.1,"8    ","30 1/2","West Alabama","5' 10""",26.5,5.28,70,"Kansas City Chiefs"
"Tyrell Williams",WR,2/12/1992,27.1,"9 7/8","33 1/2","Western Oregon","6' 3""",25.5,Undrafted,75,"Oakland Raiders"
"Vernon Johnson",WR,4/17/1992,26.9,"9 3/4","31 3/8","TAMU Commerce","6' 1""",25.1,Undrafted,73,-
"Victor Bolden",WR,4/4/1995,24.0,"9    ","31 1/8","Oregon State","5' 8""",27.1,Undrafted,68,"Buffalo Bills"
"Victor Cruz",WR,11/11/1986,32.4,"9 1/2","31    ",Massachusetts,"6' 0""",27.7,Undrafted,72,-
"Vincent Brown",WR,1/25/1989,30.2,"10 1/4","33    ","San Diego State","5' 11""",26.5,3.18,71,-
"Vincent Jackson",WR,1/14/1983,36.2,"9 5/8","32    ","Northern Colorado","6' 5""",27.3,2.29,77,-
"Vyncint Smith",WR,6/9/1996,22.8,"9 1/2","31 1/2",Limestone,"6' 2""",25.3,Undrafted,74,"Houston Texans"
"Walter Powell",WR,12/23/1991,27.2,"9 1/2","31 5/8","Murray State","5' 11""",26.4,6.20,71,-
"Wendall Williams",WR,9/18/1990,28.5,"9    ","30 7/8",Cumberlands,"5' 11""",25.8,Undrafted,71,-
"Wes Welker",WR,5/1/1981,37.9,-,-,"Texas Tech","5' 9""",27.3,Undrafted,69,-
"Will Fuller",WR,4/16/1994,24.9,"8 1/4","30 3/4","Notre Dame","6' 0""",25.2,1.21,72,"Houston Texans"
"Willie Snead",WR,10/17/1992,26.4,"10 1/4","33    ","Ball State","5' 11""",27.2,Undrafted,71,"Baltimore Ravens"
"Wyatt Demps",WR,3/19/1996,23.0,"9 7/8","31 3/4",Nevada,"6' 3""",25.7,Undrafted,75,-
"Zach Pascal",WR,12/18/1994,24.3,"10    ","32    ","Old Dominion","6' 2""",28.1,Undrafted,74,"Indianapolis Colts"
"Zay Jones",WR,3/30/1995,24.0,"9    ","32 1/2","East Carolina","6' 2""",25.8,2.05,74,"Buffalo Bills"
