"Full Name",Position,"Draft Year",Weight,"40-Yard Dash","Broad Jump","Vertical Jump","Bench Press","3-Cone Drill","20-Yard Shuttle","Breakout Age","College Dominator Rating"
"A.J. Brown",WR,2019,"226 lbs",4.49,120,36.5,19,-,-,20.2,32.6%
"A.J. Green",WR,2011,"211 lbs",4.50,126,34.5,18,6.91,4.21,20.1,42.2%
"A.J. Jenkins",WR,2012,"192 lbs",4.39,124,38.5,12,6.73,4.12,20.9,55.2%
"A.J. Richardson",WR,2019,-,-,-,-,-,-,-,-,23.8%
"Aaron Burbridge",WR,2016,"206 lbs",4.56,115,30.5,20,7.22,4.31,21.7,32.6%
"Aaron Dobson",WR,2013,"210 lbs",4.42,121,35.0,16,7.19,4.33,18.1,26.1%
"Aaron Mellette",WR,2013,"217 lbs",4.54,123,33.5,9,7.11,4.41,20.7,54.8%
"Ace Sanders",WR,2013,"173 lbs",4.58,117,32.0,7,6.81,4.37,20.8,24.1%
"Adam Humphries",WR,2015,"195 lbs",4.58,122,32.5,14,6.96,4.32,-,9.4%
"Adam Thielen",WR,2013,"200 lbs",4.54,120,36.0,-,6.77,4.49,20.0,45.9%
"Adrian Coxson",WR,2015,"215 lbs",4.51,111,32.0,15,7.03,4.40,21.1,45.2%
"Ahmad Fulwood",WR,2017,"202 lbs",4.56,124,34.5,-,7.29,4.38,-,6.2%
"Alan Bonner",WR,2013,"193 lbs",4.59,117,33.0,14,7.04,4.09,20.8,37.6%
"Albert Wilson",WR,2014,"202 lbs",4.43,123,37.5,10,7.00,4.21,20.2,59.9%
"Aldrick Robinson",WR,2011,"184 lbs",4.43,126,40.0,17,6.65,4.09,19.8,40.2%
"Alex Erickson",WR,2016,"195 lbs",4.59,116,34.5,14,6.68,4.10,21.8,27.9%
"Alex Neutz",WR,2014,"214 lbs",4.63,117,33.0,14,7.14,4.33,19.5,49.7%
"Alex Wesley",WR,2019,"190 lbs",4.45,125,38.5,13,7.40,4.44,-,34.6%
"Allen Hurns",WR,2014,"205 lbs",4.55,120,31.0,14,7.23,4.50,19.8,28.8%
"Allen Lazard",WR,2018,"225 lbs",4.55,122,38.0,17,7.11,4.33,19.7,33.1%
"Allen Robinson",WR,2014,"220 lbs",4.56,127,39.0,17,7.00,4.00,19.0,37.9%
"Allenzae Staggers",WR,2018,"181 lbs",4.58,127,36.0,9,7.25,4.35,-,23.2%
"Alonzo Moore",WR,2017,"199 lbs",4.52,119,32.0,-,6.79,4.17,23.8,23.0%
"Alonzo Russell",WR,2016,"206 lbs",4.54,112,29.5,12,7.18,4.33,19.9,25.5%
"Alshon Jeffery",WR,2012,"216 lbs",4.53,122,36.5,18,6.71,4.17,19.6,39.7%
"Amara Darboh",WR,2017,"214 lbs",4.45,124,36.0,17,6.81,4.30,20.6,33.1%
"Amari Cooper",WR,2015,"211 lbs",4.42,120,33.0,-,6.71,3.98,18.2,47.2%
"Amba Etta-Tawo",WR,2017,"208 lbs",4.49,126,31.0,14,6.95,4.32,22.8,48.4%
"Anas Hasic",WR,2017,"212 lbs",4.50,121,35.5,30,7.03,4.34,-,23.2%
"Andre Caldwell",WR,2008,"200 lbs",4.37,124,33.0,18,6.75,4.11,22.4,28.2%
"Andre Davis",WR,2015,"205 lbs",4.55,118,32.0,-,7.09,4.33,20.0,38.5%
"Andre Debose",WR,2015,"195 lbs",4.49,123,37.5,12,6.93,4.09,21.0,12.1%
"Andre Holmes",WR,2011,"223 lbs",4.53,130,35.0,11,6.69,4.31,21.2,41.9%
"Andre Johnson",WR,2003,"225 lbs",4.40,132,39.0,17,6.81,4.10,20.2,28.8%
"Andre Levrone",WR,2018,"216 lbs",4.57,121,34.0,18,7.02,4.37,22.5,24.7%
"Andre Patton",WR,2017,"198 lbs",4.59,118,35.5,10,6.74,4.29,22.3,36.6%
"Andre Roberts",WR,2010,"195 lbs",4.46,120,36.0,15,6.77,4.15,18.7,46.1%
"Andrew Hawkins",WR,2011,"175 lbs",4.39,114,38.0,9,6.81,4.03,-,7.7%
"Andy Cruse",WR,2013,"212 lbs",4.71,126,34.0,13,6.83,4.22,22.6,21.0%
"Andy Isabella",WR,2019,"188 lbs",4.31,121,36.5,15,6.95,4.15,19.8,52.2%
"Andy Jones",WR,2016,"217 lbs",4.60,133,41.5,11,6.97,4.35,21.2,29.7%
"Anquan Boldin",WR,2003,"220 lbs",4.72,114,33.5,-,7.35,4.33,19.9,41.2%
"Anthony Dable",WR,2016,"215 lbs",4.46,-,-,12,-,-,-,-
"Anthony Johnson",WR,2019,"209 lbs",-,122,32.5,18,7.12,-,22.6,43.5%
"Anthony Miller",WR,2018,"201 lbs",4.55,125,39.0,22,6.65,4.26,21.9,39.9%
"Anthony Ratliff-Williams",WR,2019,-,-,-,-,-,-,-,20.2,22.8%
"Anthony Warrum",WR,2017,"190 lbs",4.65,112,30.5,6,6.66,4.20,21.2,53.6%
"Antoine Wesley",WR,2019,"206 lbs",-,117,37.0,6,7.07,4.26,20.9,32.7%
"Antonio Brown",WR,2010,"186 lbs",4.56,105,33.5,13,6.98,4.18,19.2,32.8%
"Antonio Callaway",WR,2018,"200 lbs",4.41,121,34.0,7,7.00,4.33,18.7,23.0%
"Antwan Goodley",WR,2015,"209 lbs",4.44,127,35.0,7,7.19,4.38,22.0,26.3%
"Antwane Grant",WR,2016,"202 lbs",4.78,123,34.5,26,7.09,4.39,-,14.2%
"ArDarius Stewart",WR,2017,"204 lbs",4.49,124,34.0,-,-,-,22.7,36.4%
"Armon Binns",WR,2011,"209 lbs",4.53,118,31.5,13,6.86,4.31,20.0,36.1%
"Arrelious Benn",WR,2014,"181 lbs",4.53,123,35.0,7,6.93,4.52,23.2,20.7%
"Artavis Scott",WR,2017,"193 lbs",4.61,116,31.0,13,7.19,4.49,19.9,21.6%
"Ashton Dulin",WR,2019,"215 lbs",4.43,121,38.0,13,7.00,4.22,18.3,60.9%
"Auden Tate",WR,2018,"228 lbs",4.68,112,31.0,-,7.37,4.58,19.6,37.4%
"Austin Carr",WR,2017,"202 lbs",4.67,116,33.5,16,6.70,4.07,21.7,46.8%
"Austin Collie",WR,2009,"200 lbs",4.63,120,34.0,17,6.78,4.07,21.8,40.5%
"Austin Duke",WR,2017,"170 lbs",4.59,121,37.0,15,6.92,4.29,20.1,38.2%
"Austin Franklin",WR,2014,"189 lbs",4.56,124,36.0,7,7.07,4.33,19.8,44.7%
"Austin Hill",WR,2015,"210 lbs",4.64,121,36.5,17,6.72,4.11,21.1,25.4%
"Austin Pettis",WR,2011,"209 lbs",4.61,120,33.5,14,6.68,3.88,20.6,27.8%
"Austin Proehl",WR,2018,"182 lbs",-,113,34.0,11,6.75,4.07,-,17.2%
"Austin Willis",WR,2015,"176 lbs",4.40,125,39.5,21,6.98,4.21,21.4,29.1%
"B.J. Cunningham",WR,2012,"215 lbs",4.59,116,31.5,12,7.10,4.31,21.3,41.5%
"Ben Edwards",WR,2014,"197 lbs",-,-,-,11,6.80,4.52,19.4,25.3%
"Bennie Fowler",WR,2014,"217 lbs",4.52,126,36.0,18,7.06,4.18,21.2,28.4%
"Bernard Reedy",WR,2014,"175 lbs",4.57,120,37.0,16,6.84,4.07,19.7,38.0%
"Bobo Wilson",WR,2017,"189 lbs",4.57,-,-,10,-,-,-,15.4%
"Bra'lon Cherry",WR,2017,"188 lbs",4.62,127,38.5,17,6.95,4.28,-,13.9%
"Brad Smith",WR,2006,"212 lbs",4.46,128,39.5,-,7.01,4.33,-,-
"Bradley Marquez",WR,2015,"201 lbs",4.59,123,38.0,11,6.80,4.04,21.7,22.2%
"Braelon Roberts",WR,2018,"202 lbs",4.57,112,32.5,4,7.44,4.70,-,13.7%
"Brandin Cooks",WR,2014,"189 lbs",4.33,120,36.0,16,6.76,3.81,18.9,38.9%
"Brandon Coleman",WR,2014,"225 lbs",4.56,113,32.5,21,7.33,4.51,19.2,26.7%
"Brandon Gibson",WR,2009,"210 lbs",4.64,113,34.0,10,6.94,4.54,19.1,35.1%
"Brandon LaFell",WR,2010,"211 lbs",4.58,115,36.0,11,6.81,4.23,21.8,45.7%
"Brandon Lloyd",WR,2003,"200 lbs",4.62,-,36.0,-,-,-,20.2,32.2%
"Brandon Marshall",WR,2006,"230 lbs",4.52,120,37.0,28,6.96,4.31,21.5,42.5%
"Brandon Powell",WR,2018,"181 lbs",4.64,115,32.0,-,6.88,4.15,22.0,25.3%
"Brandon Reilly",WR,2017,"202 lbs",4.52,120,32.0,18,6.77,4.18,-,16.8%
"Brandon Shippen",WR,2016,"195 lbs",4.60,117,31.5,17,6.76,4.20,-,7.3%
"Brandon Tate",WR,2009,"195 lbs",4.57,112,36.0,-,7.25,4.12,19.9,20.0%
"Brandon Zylstra",WR,2016,"214 lbs",4.64,124,36.0,16,-,4.25,20.5,38.6%
"Braxton Berrios",WR,2018,"184 lbs",4.49,110,36.0,11,6.72,4.18,21.9,28.1%
"Braxton Miller",WR,2016,"201 lbs",4.50,123,35.0,17,6.65,4.07,-,14.8%
"Brelan Chancellor",WR,2014,"188 lbs",4.56,121,41.0,15,6.83,4.16,19.1,29.0%
"Brenton Bersin",WR,2012,"211 lbs",4.65,119,35.0,8,7.10,4.27,19.3,54.3%
"Breshad Perriman",WR,2015,"212 lbs",4.30,127,36.5,18,-,-,20.0,36.6%
"Brian Brown",WR,2017,"204 lbs",4.66,119,31.5,14,7.12,4.34,20.9,39.9%
"Brian Hartline",WR,2009,"199 lbs",4.58,120,34.5,-,6.65,4.12,20.8,25.0%
"Brian Quick",WR,2012,"220 lbs",4.55,119,34.0,15,7.10,4.23,20.3,48.4%
"Brian Tyms",WR,2012,"204 lbs",4.53,130,39.5,19,6.86,4.14,22.5,20.1%
"Brice Butler",WR,2013,"213 lbs",4.42,129,39.0,-,6.70,4.40,-,17.1%
"Brisly Estime",WR,2017,"186 lbs",4.54,121,34.5,11,7.13,4.29,-,13.6%
"Brittan Golden",WR,2012,"186 lbs",4.53,122,36.0,16,6.80,4.25,23.1,32.4%
"Brody Oliver",WR,2019,-,-,-,-,-,-,-,-,49.3%
"Bruce Ellington",WR,2014,"197 lbs",4.45,120,39.5,15,6.69,3.95,21.0,27.5%
"Bryan Walters",WR,2010,"190 lbs",-,-,-,-,-,-,21.8,52.1%
"Bryant Mitchell",WR,2015,"185 lbs",4.75,129,37.0,4,7.08,4.19,-,10.0%
"Bryce Bobo",WR,2018,"204 lbs",4.73,116,28.5,9,7.38,4.38,22.2,24.2%
"Bryce Treggs",WR,2016,"185 lbs",4.44,122,34.0,16,7.00,4.19,-,17.7%
"Bud Sasser",WR,2015,"216 lbs",4.58,120,34.5,18,6.88,4.38,22.3,42.9%
"Bug Howard",WR,2017,"221 lbs",4.58,119,37.5,-,6.95,4.14,21.8,26.2%
"Byron Pringle",WR,2018,"205 lbs",4.46,120,33.5,15,6.87,4.40,22.8,37.7%
"C.J. Board",WR,2017,"181 lbs",4.47,132,38.5,9,6.67,4.06,21.7,23.4%
"Caleb Holley",WR,2014,"200 lbs",4.67,126,38.5,7,6.78,4.31,21.7,36.6%
"Caleb Scott",WR,2018,"203 lbs",4.51,124,37.0,13,6.58,4.35,-,12.3%
"Calvin Johnson",WR,2007,"236 lbs",4.35,139,42.5,-,-,-,19.9,55.3%
"Calvin Ridley",WR,2018,"189 lbs",4.43,110,31.0,15,6.88,4.41,20.7,30.1%
"Cam Phillips",WR,2018,"199 lbs",4.84,113,29.5,12,7.19,4.45,18.7,34.8%
"Cam Sims",WR,2018,"212 lbs",4.64,123,34.0,-,7.57,4.49,-,5.6%
"Cam Worthy",WR,2015,"211 lbs",4.64,125,36.5,12,-,-,22.4,20.0%
"Cameron Batson",WR,2018,"175 lbs",4.40,124,39.0,14,6.69,4.00,-,13.5%
"Cameron Meredith",WR,2015,"200 lbs",4.54,127,39.0,14,6.71,4.12,22.0,30.0%
"Canaan Severin",WR,2016,"212 lbs",-,-,-,-,-,-,21.5,32.3%
"Carlos Henderson",WR,2017,"199 lbs",4.46,131,36.0,13,7.18,4.35,20.7,40.0%
"Carlton Agudosi",WR,2017,"217 lbs",4.66,124,40.5,10,6.79,4.37,-,9.6%
"Cayleb Jones",WR,2016,"209 lbs",4.65,112,33.5,9,6.99,4.14,21.5,25.2%
"Cecil Shorts",WR,2011,"205 lbs",4.59,114,34.5,21,6.50,4.07,20.7,40.8%
"Cedrick Wilson",WR,2018,"188 lbs",4.55,121,37.0,9,6.89,4.23,20.8,35.5%
"Chad Beebe",WR,2018,"178 lbs",4.73,117,32.5,-,6.88,4.18,-,14.5%
"Chad Hansen",WR,2017,"202 lbs",4.53,119,35.0,11,6.74,4.13,21.6,35.2%
"Chad Williams",WR,2017,"207 lbs",4.45,123,38.5,26,7.06,4.15,20.9,37.4%
"Chance Allen",WR,2017,"207 lbs",4.93,116,32.0,7,7.45,4.64,21.7,25.0%
"Chandler Jones",WR,2014,"174 lbs",4.39,117,33.5,13,6.78,4.37,20.8,37.9%
"Charles Johnson",WR,2013,"215 lbs",4.44,133,39.5,14,6.96,4.31,22.5,49.8%
"Charone Peake",WR,2016,"209 lbs",4.45,122,35.5,12,6.96,4.46,-,15.3%
"Chase Claypool",WR,2019,-,-,-,-,-,-,-,-,18.7%
"Chester Rogers",WR,2016,"185 lbs",4.56,120,36.0,15,6.85,4.07,19.6,24.1%
"Chris Boyd",WR,2014,"206 lbs",4.65,116,33.5,12,-,-,19.7,32.7%
"Chris Brown",WR,2016,"194 lbs",4.55,130,33.5,14,7.37,4.41,-,16.9%
"Chris Conley",WR,2015,"213 lbs",4.35,139,45.0,18,7.06,4.30,20.9,29.3%
"Chris D. Harper",WR,2013,"229 lbs",4.55,116,35.5,20,6.89,4.26,21.0,29.2%
"Chris Fields",WR,2014,"198 lbs",4.63,125,34.5,14,7.03,4.26,-,18.6%
"Chris Givens",WR,2012,"198 lbs",4.41,118,33.5,19,6.97,4.23,20.6,40.7%
"Chris Godwin",WR,2017,"209 lbs",4.42,126,36.0,19,7.01,4.00,19.5,34.9%
"Chris Harper",WR,2015,"180 lbs",4.58,120,35.0,11,7.03,4.36,-,15.8%
"Chris Hogan",WR,2012,"220 lbs",4.55,126,35.5,28,6.75,4.15,-,15.6%
"Chris Lacy",WR,2018,"205 lbs",4.51,120,33.5,11,7.29,4.60,-,7.4%
"Chris Matthews",WR,2011,"218 lbs",4.62,118,33.5,14,6.90,4.29,19.9,30.5%
"Chris Moore",WR,2016,"206 lbs",4.53,130,37.0,10,6.76,4.20,20.2,23.7%
"Chris Owusu",WR,2012,"200 lbs",4.36,129,40.5,19,6.85,4.11,19.7,21.1%
"Chris Summers",WR,2012,"213 lbs",4.62,121,31.0,-,7.37,4.48,20.2,33.7%
"Chris Thompson",WR,2017,"171 lbs",4.53,121,34.5,6,7.00,4.25,-,0.9%
"Chris Williams",WR,2009,"175 lbs",4.33,127,39.0,13,6.84,4.15,19.0,38.8%
"Christian Blake",WR,2018,"179 lbs",4.56,126,34.5,9,6.83,4.40,-,16.5%
"Christian Kirk",WR,2018,"201 lbs",4.47,115,35.5,20,7.09,4.45,18.8,36.8%
"Christion Jones",WR,2015,"182 lbs",4.63,119,32.5,8,6.91,4.19,19.7,5.0%
"Chuck Jacobs",WR,2013,"178 lbs",4.55,124,36.0,10,6.88,4.06,-,18.1%
"Clyde Gates",WR,2011,"190 lbs",4.37,131,40.0,16,6.87,4.17,23.2,32.2%
"Cobi Hamilton",WR,2013,"212 lbs",4.56,107,29.5,11,7.09,4.31,21.8,29.3%
"Cody Core",WR,2016,"205 lbs",4.47,119,31.5,14,6.75,4.40,20.4,16.9%
"Cody Hoffman",WR,2014,"223 lbs",4.65,108,27.5,13,6.89,4.20,19.5,37.3%
"Cody Hollister",WR,2017,"214 lbs",-,-,-,24,-,-,-,3.7%
"Cody Latimer",WR,2014,"215 lbs",4.44,124,39.0,23,-,-,19.9,27.4%
"Cody Thompson",WR,2019,"205 lbs",4.57,119,38.5,19,6.87,4.03,19.7,26.6%
"Colby Pearson",WR,2017,"194 lbs",4.55,122,33.5,12,6.94,4.35,21.6,20.8%
"Cole Beasley",WR,2012,"177 lbs",4.54,126,38.0,17,7.16,4.40,21.4,22.4%
"Colin Lockett",WR,2014,"188 lbs",4.51,115,32.5,13,6.83,4.13,20.4,28.8%
"Collin Johnson",WR,2019,-,-,-,-,-,-,-,20.0,26.8%
"Cooper Kupp",WR,2017,"204 lbs",4.62,116,31.0,-,6.75,4.08,20.2,40.4%
"Cordarrelle Patterson",WR,2013,"216 lbs",4.42,128,37.0,-,7.28,4.40,-,17.4%
"Corey Brown",WR,2014,"178 lbs",4.51,116,33.0,13,7.16,4.22,21.6,26.7%
"Corey Coleman",WR,2016,"194 lbs",4.42,129,40.5,17,6.75,3.95,20.2,44.2%
"Corey Davis",WR,2017,"209 lbs",4.53,-,-,-,-,-,18.7,51.6%
"Corey Fuller",WR,2013,"204 lbs",4.43,120,31.5,12,7.17,4.48,22.2,31.1%
"Corey Smith",WR,2017,"183 lbs",4.76,117,35.0,-,7.28,4.23,-,2.5%
"Corey Washington",WR,2014,"214 lbs",4.55,125,33.0,14,6.83,4.42,20.7,48.3%
"Corey Willis",WR,2018,"182 lbs",4.60,123,33.0,-,6.85,4.13,21.4,34.8%
"Cortrelle Simpson",WR,2019,-,-,-,-,-,-,-,21.0,34.1%
"Courtland Sutton",WR,2018,"218 lbs",4.54,124,35.5,18,6.57,4.11,19.9,36.9%
"Courtney Roby",WR,2005,"189 lbs",4.36,126,36.5,-,6.60,3.94,19.7,46.7%
"Curtis Samuel",WR,2017,"196 lbs",4.31,119,37.0,18,7.09,4.33,20.1,29.0%
"Cyril Grayson",WR,2017,"183 lbs",4.38,127,-,-,-,-,-,-
"D.J. Chark",WR,2018,"199 lbs",4.34,129,40.0,16,-,-,20.0,25.3%
"D.J. Coles",WR,2014,"225 lbs",4.53,123,34.0,19,7.17,4.24,23.9,25.5%
"D.J. Moore",WR,2018,"210 lbs",4.42,132,39.5,15,6.95,4.07,18.4,53.3%
"D.K. Metcalf",WR,2019,"228 lbs",4.33,134,40.5,27,7.38,4.50,19.7,32.1%
"Da'Mari Scott",WR,2018,"205 lbs",4.52,116,32.5,10,6.86,4.27,-,14.3%
"Da'Rick Rogers",WR,2013,"217 lbs",4.52,132,39.5,10,6.71,4.06,20.2,42.9%
"Da'Ron Brown",WR,2015,"205 lbs",4.54,120,37.0,17,7.04,4.11,22.0,35.6%
"DaMarkus Lodge",WR,2019,"202 lbs",4.55,119,33.5,11,7.06,4.53,20.3,20.6%
"DaVaris Daniels",WR,2015,"201 lbs",4.62,122,37.0,13,6.81,4.32,19.7,24.2%
"DaeSean Hamilton",WR,2018,"203 lbs",4.57,118,34.5,16,6.84,4.15,19.5,25.4%
"Daikiel Shorts",WR,2017,"196 lbs",4.65,124,33.0,16,7.15,4.29,21.9,23.0%
"Damaris Johnson",WR,2012,"175 lbs",4.57,113,30.0,13,6.80,4.20,18.8,22.6%
"Damarr Aultman",WR,2015,"198 lbs",4.53,128,40.5,20,6.65,3.94,20.6,23.4%
"Damian Copeland",WR,2014,"184 lbs",4.50,120,40.0,12,6.53,3.90,-,17.1%
"Damian Williams",WR,2010,"199 lbs",4.52,118,38.0,19,6.79,4.24,20.3,37.4%
"Damiere Byrd",WR,2015,"162 lbs",4.32,131,42.0,13,6.59,4.09,20.6,12.5%
"Damion Ratley",WR,2018,"196 lbs",4.44,124,38.0,12,6.92,4.23,22.4,24.3%
"Damion Willis",WR,2019,-,-,-,-,-,-,-,21.2,42.1%
"Damond Powell",WR,2015,"178 lbs",4.44,123,36.5,-,6.40,4.38,-,12.3%
"Damore'ea Stringfellow",WR,2017,"218 lbs",4.65,130,36.0,17,7.20,4.50,21.9,20.6%
"Damoun Patterson",WR,2018,"192 lbs",4.55,125,32.5,10,7.14,4.51,23.0,28.8%
"Danario Alexander",WR,2010,"221 lbs",4.62,-,-,-,-,-,21.1,50.9%
"Dane Sanzenbacher",WR,2011,"180 lbs",4.59,118,33.5,-,6.46,3.97,20.9,34.3%
"Daniel Braverman",WR,2016,"175 lbs",4.58,112,28.5,10,6.88,4.16,19.9,40.0%
"Daniel Williams",WR,2017,"234 lbs",4.56,121,35.0,17,7.44,4.46,19.1,37.0%
"Danny Amendola",WR,2009,"186 lbs",4.68,103,27.5,13,6.81,4.25,-,16.1%
"Danny Coale",WR,2012,"190 lbs",4.50,115,35.0,12,6.64,4.09,21.2,21.4%
"Dante Pettis",WR,2018,"186 lbs",4.53,125,36.0,11,-,-,20.9,38.8%
"Darius Davis",WR,2015,"212 lbs",4.60,125,37.5,17,7.28,4.41,23.5,39.1%
"Darius Jennings",WR,2015,"169 lbs",4.52,123,37.0,-,6.95,4.29,21.2,19.0%
"Darius Johnson",WR,2013,"179 lbs",4.60,109,32.0,6,7.29,4.53,19.5,36.3%
"Darius Powe",WR,2016,"220 lbs",4.54,120,34.5,17,6.94,4.29,-,14.8%
"Darius Slayton",WR,2019,"190 lbs",4.39,-,40.5,11,7.00,4.15,-,25.4%
"Darren Andrews",WR,2018,"197 lbs",-,-,-,19,-,-,22.1,35.8%
"Darren Carrington",WR,2018,"199 lbs",4.83,120,36.0,9,6.96,4.51,20.9,34.4%
"Darreus Rogers",WR,2017,"216 lbs",4.94,112,26.5,8,7.22,4.54,-,15.7%
"Darrius Heyward-Bey",WR,2009,"210 lbs",4.30,126,38.5,16,6.80,4.18,19.5,30.6%
"Darryl Surgent",WR,2014,"190 lbs",4.60,133,39.5,8,6.87,4.28,-,19.3%
"Darvin Kidsy",WR,2018,"180 lbs",4.51,127,41.5,-,-,-,22.5,38.5%
"Daurice Fountain",WR,2018,"206 lbs",4.56,134,42.5,14,7.02,4.29,19.7,36.8%
"Davante Adams",WR,2014,"212 lbs",4.56,123,39.5,14,6.82,4.30,19.7,40.7%
"David Gettis",WR,2010,"217 lbs",4.43,124,34.5,15,6.94,4.41,22.0,23.1%
"David Moore",WR,2017,"219 lbs",4.48,124,36.5,26,6.98,4.38,19.6,39.1%
"David Nelson",WR,2010,"214 lbs",4.59,112,38.0,16,6.79,4.13,-,9.9%
"David Reed",WR,2010,"190 lbs",4.56,114,37.0,15,6.95,4.38,22.5,33.1%
"David Richards",WR,2016,"205 lbs",4.73,122,33.0,13,-,4.39,-,18.8%
"David Sills",WR,2019,"211 lbs",4.57,-,37.5,14,6.97,4.28,21.3,33.9%
"Davon Grayson",WR,2018,"199 lbs",4.51,124,34.5,19,7.14,4.40,22.0,25.3%
"Davonte Allen",WR,2016,"208 lbs",4.62,128,39.0,15,6.81,4.44,22.5,21.9%
"De'Anthony Thomas",WR,2014,"174 lbs",4.50,124,32.0,8,6.83,4.21,-,-
"De'Mornay Pierson-El",WR,2018,"194 lbs",4.62,120,37.5,14,6.98,4.28,21.7,20.2%
"DeAndre Carter",WR,2015,"185 lbs",4.49,126,38.5,17,6.64,3.80,20.4,43.2%
"DeAndre Hopkins",WR,2013,"214 lbs",4.57,115,36.0,15,6.83,4.50,18.2,39.3%
"DeAndre Reaves",WR,2016,"179 lbs",4.58,117,32.0,10,7.01,4.38,-,19.7%
"DeAndre Smelter",WR,2015,"226 lbs",4.57,110,32.0,-,-,-,22.8,43.7%
"DeAndrew White",WR,2015,"193 lbs",4.44,118,34.5,13,6.97,4.18,-,14.8%
"DeAngelo Yancey",WR,2017,"220 lbs",4.58,121,35.5,21,6.84,4.27,18.8,33.4%
"DeMario Bennett",WR,2014,"181 lbs",4.53,123,35.0,-,6.93,4.52,23.2,20.7%
"DeSean Jackson",WR,2008,"175 lbs",4.35,120,34.5,-,6.82,4.19,18.8,32.1%
"DeVante Parker",WR,2015,"209 lbs",4.45,125,36.5,17,-,-,19.6,46.3%
"DeVier Posey",WR,2012,"210 lbs",4.50,123,36.5,14,7.03,4.15,19.5,25.0%
"Deante' Gray",WR,2017,"184 lbs",4.48,115,32.5,12,7.01,4.28,20.5,11.4%
"Dede Westbrook",WR,2017,"178 lbs",4.44,120,34.5,8,7.20,4.34,22.8,38.2%
"Deebo Samuel",WR,2019,"214 lbs",4.48,122,39.0,15,7.03,4.14,20.6,27.2%
"Demarcus Ayers",WR,2016,"182 lbs",4.72,123,33.0,-,7.00,4.33,21.2,31.2%
"Demarcus Robinson",WR,2016,"203 lbs",4.59,123,34.5,9,6.77,4.19,20.0,26.6%
"Demaryius Thomas",WR,2010,"229 lbs",4.41,-,-,-,-,-,19.7,70.9%
"Denarius Moore",WR,2011,"194 lbs",4.45,118,36.0,13,6.78,4.15,19.7,32.1%
"Dennis Parks",WR,2016,"201 lbs",4.66,122,32.5,10,7.44,4.48,21.1,22.3%
"Deon Cain",WR,2018,"202 lbs",4.43,115,33.5,11,6.71,4.37,21.1,27.1%
"Deon Long",WR,2015,"192 lbs",4.51,120,34.0,12,6.98,4.27,20.2,31.1%
"Deon-Tay McManus",WR,2017,"226 lbs",4.59,116,34.0,20,7.38,4.41,-,14.4%
"Deondre Douglas",WR,2019,-,-,-,-,-,-,-,20.0,30.9%
"Deontay Burnett",WR,2018,"186 lbs",4.75,121,30.5,-,-,-,19.9,30.6%
"Deonte Greenberry",WR,2015,"211 lbs",4.55,116,35.5,21,7.23,4.31,19.5,34.2%
"Deonte Thompson",WR,2012,"203 lbs",4.36,125,36.5,20,6.96,4.40,-,13.3%
"Deontez Alexander",WR,2018,"196 lbs",4.40,130,37.5,15,6.91,4.08,19.1,44.1%
"Derel Walker",WR,2014,"188 lbs",4.70,126,37.5,12,6.82,4.36,-,15.2%
"Derrick Johnson",WR,2014,"190 lbs",4.52,122,33.0,12,6.60,4.20,-,13.3%
"Derrick Willies",WR,2018,"207 lbs",4.60,134,41.0,15,6.84,4.01,-,14.5%
"Devante Davis",WR,2015,"220 lbs",4.57,115,35.5,16,7.25,4.12,19.9,40.8%
"Devin Fuller",WR,2016,"194 lbs",4.44,124,36.0,-,7.03,4.07,-,14.1%
"Devin Funchess",WR,2015,"232 lbs",4.60,122,38.5,17,6.98,4.48,19.3,41.4%
"Devin Gray",WR,2018,"183 lbs",4.46,125,35.5,15,6.90,4.19,21.2,21.6%
"Devin Hester",WR,2006,"190 lbs",4.41,124,38.0,16,6.78,4.20,-,1.1%
"Devin Lucien",WR,2016,"222 lbs",4.54,117,34.5,13,6.93,4.30,22.2,27.2%
"Devin Ross",WR,2018,"192 lbs",4.57,123,35.0,16,6.94,4.23,21.1,18.4%
"Devin Smith",WR,2015,"196 lbs",4.42,122,39.0,10,6.83,4.15,20.5,26.8%
"Devin Street",WR,2014,"198 lbs",4.55,124,37.0,13,6.89,4.01,20.4,38.7%
"Devon Wylie",WR,2012,"186 lbs",4.39,123,39.0,17,6.82,4.16,21.0,16.9%
"Devonte Boyd",WR,2018,"193 lbs",4.64,122,34.5,18,6.98,4.45,19.9,33.3%
"Dez Bryant",WR,2010,"220 lbs",4.57,133,38.0,14,7.10,4.46,18.8,62.5%
"Dezmin Lewis",WR,2015,"214 lbs",4.58,119,33.5,16,7.11,4.28,19.8,28.0%
"Dillon Mitchell",WR,2019,"197 lbs",4.46,122,36.5,12,-,4.29,20.3,35.6%
"Diontae Johnson",WR,2019,"183 lbs",4.53,123,33.5,15,7.09,4.45,20.8,34.0%
"Diontae Spencer",WR,2014,"173 lbs",4.39,123,40.0,13,7.22,4.30,21.5,28.8%
"Dom Williams",WR,2016,"198 lbs",4.45,125,40.5,11,7.04,4.28,22.7,23.7%
"Domenik Hixon",WR,2006,"197 lbs",4.44,-,-,-,-,-,20.9,33.5%
"Domonique Young",WR,2017,"219 lbs",-,-,-,-,-,-,-,13.6%
"Donnie Avery",WR,2008,"183 lbs",4.43,126,37.5,16,6.30,3.91,21.2,34.7%
"Donte Foster",WR,2014,"193 lbs",4.52,130,42.0,14,6.79,4.30,21.8,31.9%
"Donte Moncrief",WR,2014,"221 lbs",4.40,132,39.5,13,7.02,4.30,18.1,32.1%
"Donteea Dye",WR,2015,"195 lbs",4.50,123,36.5,17,7.02,4.22,19.0,42.7%
"Dontez Ford",WR,2017,"212 lbs",4.61,127,36.0,16,6.98,4.47,-,14.4%
"Dontre Wilson",WR,2017,"183 lbs",4.63,112,33.0,-,6.96,4.10,-,18.8%
"Dontrelle Inman",WR,2011,"205 lbs",4.52,118,34.0,11,6.53,4.13,21.6,21.2%
"Dorial Green-Beckham",WR,2015,"237 lbs",4.49,119,33.5,13,6.89,4.45,20.4,31.8%
"Dorren Miller",WR,2018,"195 lbs",4.44,-,39.0,17,-,-,23.1,62.8%
"Doug Baldwin",WR,2011,"189 lbs",4.53,123,37.0,6,6.56,4.26,20.0,27.0%
"Douglas McNeil",WR,2013,"200 lbs",4.67,-,-,-,-,-,22.1,47.2%
"Dredrick Snelson",WR,2019,-,-,-,-,-,-,-,20.4,20.5%
"Dres Anderson",WR,2015,"187 lbs",4.58,121,37.5,13,6.83,4.22,21.1,32.5%
"Drew Davis",WR,2012,"205 lbs",4.60,120,33.0,15,7.03,4.21,-,12.8%
"Drew Morgan",WR,2017,"190 lbs",4.74,112,30.0,10,6.85,4.12,20.8,22.4%
"Duke Williams",WR,2016,"229 lbs",4.72,121,30.0,14,7.43,4.47,22.3,19.3%
"Duron Carter",WR,2013,"205 lbs",4.63,124,33.0,-,6.90,4.47,-,6.5%
"Durron Neal",WR,2016,"199 lbs",4.59,121,32.5,13,7.22,4.46,-,14.7%
"Dwayne Bowe",WR,2007,"221 lbs",4.51,125,33.0,-,6.81,4.35,21.0,35.4%
"Dwayne Harris",WR,2011,"200 lbs",4.55,111,34.0,10,6.77,4.21,22.0,32.9%
"Dwayne Stanford",WR,2017,"213 lbs",-,-,-,17,-,-,-,9.6%
"Dylan Cantrell",WR,2018,"226 lbs",4.59,130,38.5,18,6.56,4.03,22.2,19.4%
"Earl Bennett",WR,2008,"204 lbs",4.48,110,32.5,15,7.15,4.22,18.5,38.4%
"Ed Eagan",WR,2016,"192 lbs",4.56,118,34.0,6,7.09,4.13,21.2,32.1%
"Ed Williams",WR,2014,"196 lbs",4.58,121,35.0,-,-,-,22.5,31.3%
"Eddie Royal",WR,2008,"185 lbs",4.39,124,36.0,24,7.07,4.34,20.3,21.7%
"Eli Rogers",WR,2015,"180 lbs",4.62,117,34.5,19,6.71,4.10,18.7,15.2%
"Emanuel Hall",WR,2019,"201 lbs",4.39,141,43.5,15,-,-,20.3,35.7%
"Emmanuel Butler",WR,2019,"217 lbs",-,115,36.0,11,-,4.22,19.0,42.9%
"Emmanuel Sanders",WR,2010,"180 lbs",4.41,126,39.5,12,6.64,4.10,19.5,34.2%
"Emory Blake",WR,2013,"196 lbs",4.67,120,36.5,-,7.00,4.26,19.1,41.5%
"Equanimeous St. Brown",WR,2018,"214 lbs",4.48,-,34.5,20,-,-,19.9,25.2%
"Eric Decker",WR,2010,"215 lbs",4.60,-,-,15,-,-,20.5,44.5%
"Eric Page",WR,2012,"180 lbs",4.60,112,30.0,15,6.95,3.98,18.0,35.3%
"Eric Rogers",WR,2013,"210 lbs",4.55,121,37.0,9,7.08,4.20,18.6,46.4%
"Eric Ward",WR,2014,"205 lbs",4.71,110,32.5,13,7.04,4.44,21.1,24.0%
"Eric Weems",WR,2007,"195 lbs",4.57,-,-,-,-,-,19.2,43.1%
"Evan Spencer",WR,2015,"208 lbs",4.50,124,35.0,20,7.03,4.29,20.3,6.7%
"Ezell Ruffin",WR,2015,"218 lbs",4.68,110,27.5,17,7.35,4.58,21.5,35.5%
"Felton Davis",WR,2019,"211 lbs",-,-,-,21,-,-,20.5,46.5%
"Francis Owusu",WR,2017,"221 lbs",4.40,127,39.0,12,7.07,4.13,-,11.3%
"Frank Stephens",WR,2018,"176 lbs",4.47,122,36.0,13,6.82,4.08,21.9,24.5%
"Frankie Hammond",WR,2013,"184 lbs",4.49,121,33.0,14,6.57,4.21,-,19.4%
"Fred Brown",WR,2017,"199 lbs",4.53,118,37.0,13,6.82,4.32,-,9.6%
"Fred Ross",WR,2017,"213 lbs",4.51,113,35.0,10,6.99,4.28,21.3,41.8%
"Freddie Martino",WR,2014,"195 lbs",4.54,115,33.5,13,6.59,4.36,19.0,51.2%
"Gabe Marks",WR,2017,"189 lbs",4.56,117,29.5,11,7.01,4.20,21.1,27.9%
"Garrett Johnson",WR,2018,"169 lbs",4.55,118,40.0,12,6.81,4.26,-,23.9%
"Garry Brown",WR,2017,"206 lbs",4.63,126,37.0,21,6.81,4.34,20.1,48.7%
"Gary Jennings",WR,2019,"214 lbs",4.42,127,37.0,20,7.32,4.15,20.5,34.0%
"Gavin Lutman",WR,2015,"201 lbs",4.55,126,36.5,9,6.65,4.20,22.5,34.1%
"Gehrig Dieter",WR,2017,"208 lbs",4.61,119,32.5,15,7.20,4.33,22.5,15.9%
"Geraldo Boldewijn",WR,2014,"215 lbs",4.61,127,34.0,18,6.88,4.19,-,11.5%
"Geremy Davis",WR,2015,"216 lbs",4.52,124,36.5,23,6.86,4.18,20.7,28.1%
"Geronimo Allison",WR,2016,"196 lbs",4.67,127,33.0,-,7.40,4.28,20.6,24.5%
"Gerrard Sheppard",WR,2013,"211 lbs",4.43,121,35.5,15,7.22,4.41,-,14.5%
"Golden Tate",WR,2010,"202 lbs",4.42,120,35.0,17,7.12,4.34,20.1,44.3%
"Grant Perry",WR,2019,-,-,-,-,-,-,-,-,8.7%
"Greg Campbell",WR,2019,-,-,-,-,-,-,-,22.0,30.8%
"Greg Dortch",WR,2019,"173 lbs",-,-,-,-,-,-,19.3,39.4%
"Greg Hardin",WR,2014,"171 lbs",4.49,116,33.5,12,6.82,4.41,20.0,38.0%
"Greg Jenkins",WR,2013,"208 lbs",4.77,113,30.0,15,7.16,4.25,-,-
"Greg Jennings",WR,2006,"198 lbs",4.42,117,36.5,-,6.69,4.18,22.0,46.5%
"Greg Little",WR,2011,"220 lbs",4.53,129,40.5,27,6.80,4.21,20.3,10.9%
"Greg Salas",WR,2011,"210 lbs",4.56,120,37.0,15,6.65,4.10,21.0,34.0%
"Greg Ward",WR,2017,"186 lbs",4.64,115,34.5,10,6.90,4.31,-,5.1%
"Griff Whalen",WR,2012,"185 lbs",4.60,110,36.5,15,6.89,4.06,-,15.6%
"Hakeem Butler",WR,2019,"227 lbs",4.48,128,36.0,18,-,-,21.3,43.5%
"Hakeem Nicks",WR,2009,"208 lbs",4.63,121,36.0,-,6.96,4.43,18.6,52.2%
"Harry Douglas",WR,2008,"182 lbs",4.51,120,31.0,11,6.57,4.12,22.0,30.1%
"Hunter Renfrow",WR,2019,"184 lbs",4.59,116,35.0,7,6.80,4.19,21.7,23.7%
"Hunter Sharp",WR,2016,"198 lbs",4.58,116,32.5,12,7.12,4.19,20.4,43.8%
"Isaac Whitney",WR,2017,"204 lbs",4.39,126,36.0,12,7.04,4.45,-,2.6%
"Isaiah Burse",WR,2014,"188 lbs",4.58,115,31.0,16,6.74,3.94,-,17.0%
"Isaiah Ford",WR,2017,"194 lbs",4.61,127,35.5,14,6.94,4.34,18.6,35.5%
"Isaiah McKenzie",WR,2017,"173 lbs",4.42,123,36.0,11,6.64,4.15,21.4,34.5%
"Ishmael Adams",WR,2017,"186 lbs",4.55,111,27.0,15,7.03,4.25,-,2.7%
"Ishmael Zamora",WR,2017,"224 lbs",4.58,125,37.5,13,7.10,4.11,20.8,30.2%
"Issac Blakeney",WR,2015,"225 lbs",4.67,129,36.5,17,6.89,4.26,21.8,25.1%
"J'Mon Moore",WR,2018,"207 lbs",4.60,120,38.0,21,6.56,4.04,20.3,27.6%
"J.J. Arcega-Whiteside",WR,2019,"225 lbs",-,-,-,-,-,-,19.7,42.7%
"J.J. Jones",WR,2018,"175 lbs",4.40,128,38.0,5,6.83,4.26,-,8.5%
"J.J. Nelson",WR,2015,"156 lbs",4.28,127,36.0,-,7.02,4.15,21.4,24.2%
"Ja-Mes Logan",WR,2014,"192 lbs",4.74,115,32.0,14,6.76,4.00,-,14.7%
"Jace Billingsley",WR,2016,"192 lbs",4.53,116,35.5,24,6.88,4.10,19.3,30.8%
"Jace Davis",WR,2014,"206 lbs",4.50,118,35.0,18,6.88,4.28,19.0,35.6%
"Jacoby Ford",WR,2010,"185 lbs",4.28,115,33.5,15,7.00,4.44,21.1,27.5%
"Jacoby Jones",WR,2007,"220 lbs",4.50,129,34.0,-,7.03,4.31,-,-
"Jaelen Strong",WR,2015,"217 lbs",4.44,123,42.0,17,7.33,4.19,19.6,31.1%
"Jake Kumerow",WR,2015,"208 lbs",4.58,113,31.0,15,6.90,4.26,21.6,40.7%
"Jake Lampman",WR,2015,"200 lbs",4.52,122,39.0,27,6.76,4.35,19.2,25.7%
"Jake Wieneke",WR,2018,"221 lbs",4.67,114,34.0,9,7.24,4.37,20.0,42.0%
"Jakeem Grant",WR,2016,"165 lbs",4.42,117,36.5,15,7.03,4.03,22.9,25.4%
"Jakobi Meyers",WR,2019,"203 lbs",4.63,118,37.0,13,7.07,4.23,20.8,35.2%
"Jaleel Scott",WR,2018,"218 lbs",4.56,124,34.5,16,7.20,4.40,22.5,27.7%
"Jalen Guyton",WR,2019,-,-,-,-,-,-,-,-,22.2%
"Jalen Hurd",WR,2019,"226 lbs",-,-,-,23,-,-,22.6,24.0%
"Jalen Robinette",WR,2017,"220 lbs",4.62,120,31.5,13,6.77,4.46,19.6,48.8%
"Jalen Saunders",WR,2014,"165 lbs",4.44,122,34.0,-,7.29,4.42,18.9,34.4%
"Jalen Tolliver",WR,2018,"213 lbs",4.61,122,37.5,20,6.99,4.23,19.7,46.7%
"Jalen Williams",WR,2017,"209 lbs",4.60,119,40.5,14,-,-,-,21.3%
"Jalin Marshall",WR,2016,"200 lbs",4.60,125,37.5,16,6.80,4.13,20.1,24.8%
"Jamaal Jones",WR,2016,"189 lbs",4.64,122,36.0,18,7.31,4.50,21.6,38.7%
"Jamal Custis",WR,2019,"214 lbs",4.50,124,34.5,-,-,-,22.8,21.1%
"Jamal Robinson",WR,2016,"212 lbs",4.55,118,36.5,24,6.91,4.39,20.6,35.8%
"Jamari Staples",WR,2017,"195 lbs",4.51,130,36.0,-,-,4.41,19.0,18.5%
"Jamarius Way",WR,2019,"215 lbs",4.63,119,32.5,16,-,4.66,20.8,38.6%
"James Gardner",WR,2019,-,-,-,-,-,-,-,20.4,21.1%
"James Jones",WR,2007,"208 lbs",4.54,119,34.0,22,7.06,4.20,22.4,44.1%
"James Quick",WR,2017,"186 lbs",4.60,115,31.0,11,7.00,4.39,20.9,22.6%
"James Washington",WR,2018,"213 lbs",4.54,120,34.5,14,7.11,4.32,18.4,33.3%
"James Wright",WR,2014,"201 lbs",4.50,128,38.5,16,7.18,4.32,-,2.3%
"Jamison Crowder",WR,2015,"185 lbs",4.56,115,37.0,10,7.17,4.32,19.2,33.3%
"Janarion Grant",WR,2018,"177 lbs",4.61,122,32.0,22,7.07,4.43,23.8,22.6%
"Jared Abbrederis",WR,2014,"195 lbs",4.50,117,30.5,4,6.80,4.08,20.7,37.0%
"Jared Dangerfield",WR,2016,"215 lbs",4.79,119,33.5,23,6.92,4.32,-,17.9%
"Jared Green",WR,2012,"188 lbs",4.47,129,35.0,3,6.96,4.42,-,9.8%
"Jarius Wright",WR,2012,"180 lbs",4.42,120,38.0,11,6.93,4.03,21.8,40.2%
"Jaron Brown",WR,2013,"205 lbs",4.45,124,35.2,17,6.82,4.07,-,11.2%
"Jarrett Boykin",WR,2012,"218 lbs",4.74,123,36.0,11,7.12,4.28,18.8,29.9%
"Jarvis Landry",WR,2014,"205 lbs",4.65,110,28.5,12,7.56,4.59,19.8,40.0%
"Jason Avant",WR,2006,"212 lbs",4.67,118,37.0,20,7.02,4.19,22.4,36.2%
"Jasper Collins",WR,2013,"188 lbs",4.53,121,34.5,12,6.85,4.07,18.8,45.1%
"Javon Wims",WR,2018,"215 lbs",4.53,113,33.5,-,7.00,-,23.0,28.2%
"Javone Lawson",WR,2013,"183 lbs",4.73,113,32.0,7,7.38,4.47,21.6,28.2%
"Javontee Herndon",WR,2014,"207 lbs",4.49,118,34.0,23,6.87,4.34,22.1,25.6%
"Jawill Davis",WR,2018,"191 lbs",4.43,123,39.0,14,7.52,4.56,20.4,24.0%
"Jaxon Shipley",WR,2015,"195 lbs",4.57,128,35.5,10,6.82,4.37,19.1,18.8%
"Jay Lee",WR,2016,"215 lbs",4.58,119,33.5,13,6.75,4.28,-,19.2%
"Jaydon Mickens",WR,2016,"174 lbs",4.59,121,35.5,15,6.62,3.93,19.4,19.3%
"Jaylen Smith",WR,2019,"219 lbs",4.47,-,34.5,14,7.55,4.48,20.1,23.9%
"Jaz Reynolds",WR,2014,"198 lbs",4.62,125,35.0,9,-,-,20.5,15.5%
"Jazz Ferguson",WR,2019,"227 lbs",4.45,123,37.0,8,7.25,4.59,21.6,36.1%
"Jeff Badet",WR,2018,"182 lbs",4.39,131,39.5,16,7.24,4.54,-,16.4%
"Jeff Fuller",WR,2012,"223 lbs",4.58,120,32.0,17,7.09,4.42,18.4,28.8%
"Jeff Janis",WR,2014,"219 lbs",4.42,123,37.5,20,6.64,3.98,20.2,45.2%
"Jeff Maehl",WR,2011,"190 lbs",4.62,115,33.5,8,6.42,3.94,19.5,36.4%
"Jehu Chesson",WR,2017,"204 lbs",4.47,132,35.5,10,6.70,4.09,21.7,23.9%
"Jeremy Butler",WR,2014,"224 lbs",4.65,114,36.0,15,7.19,4.28,21.4,50.8%
"Jeremy Gallon",WR,2014,"185 lbs",4.49,130,39.5,15,7.07,4.26,22.6,42.7%
"Jeremy Johnson",WR,2014,"179 lbs",4.69,114,32.5,15,6.91,4.44,20.8,26.6%
"Jeremy Kerley",WR,2011,"188 lbs",4.62,120,34.5,16,6.70,3.99,21.8,26.9%
"Jeremy Maclin",WR,2009,"198 lbs",4.48,120,35.5,-,7.06,4.25,19.3,29.5%
"Jeremy Ross",WR,2012,"209 lbs",4.49,115,39.0,22,7.20,4.19,-,7.3%
"Jermaine Jones",WR,2014,"194 lbs",4.50,125,33.5,12,7.47,4.35,-,19.1%
"Jermaine Kearse",WR,2012,"209 lbs",4.58,119,34.0,14,7.03,4.12,18.6,36.1%
"Jerome Lane",WR,2017,"226 lbs",4.60,125,35.0,16,6.87,4.12,19.5,33.2%
"Jerome Simpson",WR,2008,"189 lbs",4.47,136,37.5,-,7.08,4.52,18.6,59.6%
"Jerrel Jernigan",WR,2011,"189 lbs",4.46,117,37.5,11,7.07,4.25,19.2,21.8%
"Jerricho Cotchery",WR,2004,"203 lbs",4.54,121,36.0,-,6.95,3.92,19.2,29.2%
"Jesper Horsted",WR,2019,-,-,-,-,-,-,-,20.5,48.8%
"Jester Weah",WR,2018,"210 lbs",4.43,129,38.0,15,7.24,4.41,21.6,31.5%
"Jhajuan Seales",WR,2017,"206 lbs",4.56,123,41.5,20,7.27,4.36,-,14.2%
"Jimmie Hunt",WR,2015,"215 lbs",4.60,116,31.5,12,7.00,4.46,24.0,27.2%
"JoJo Natson",WR,2017,"159 lbs",4.51,122,34.0,16,7.20,4.19,22.6,33.7%
"Joe Morgan",WR,2011,"184 lbs",4.44,123,35.5,10,6.91,4.25,21.5,49.3%
"John Brown",WR,2014,"179 lbs",4.34,119,36.5,8,6.91,4.12,21.4,42.4%
"John Harris",WR,2015,"218 lbs",4.64,118,33.5,19,6.82,4.45,22.8,45.2%
"John Ross",WR,2017,"188 lbs",4.22,133,37.0,-,-,-,18.8,34.1%
"John Ursua",WR,2019,-,-,-,-,-,-,-,-,43.4%
"Johnnie Dixon",WR,2019,"201 lbs",4.41,120,37.5,16,-,4.43,-,15.8%
"Johnny Holton",WR,2016,"190 lbs",4.54,123,31.5,8,6.90,4.20,25.0,22.0%
"Jon Baldwin",WR,2011,"230 lbs",4.50,129,42.0,20,7.07,4.34,19.1,34.5%
"Jon Duhart",WR,2019,-,-,-,-,-,-,-,19.2,36.1%
"Jonah Trinnaman",WR,2018,"192 lbs",4.35,144,40.5,14,6.96,4.36,-,7.8%
"Jonathan Giles",WR,2019,-,-,-,-,-,-,-,20.4,12.7%
"Jonathan Krause",WR,2014,"187 lbs",4.42,128,37.5,13,6.94,4.04,21.6,23.8%
"Jonâ€™Vea Johnson",WR,2019,-,-,-,-,-,-,-,20.7,25.2%
"Jordan Harris",WR,2014,"215 lbs",4.70,119,34.5,7,7.29,4.39,18.7,40.8%
"Jordan Lasley",WR,2018,"203 lbs",4.50,112,34.5,8,7.27,4.19,19.8,41.4%
"Jordan Leslie",WR,2015,"205 lbs",4.51,130,36.0,18,6.87,4.08,19.8,28.5%
"Jordan Matthews",WR,2014,"212 lbs",4.46,120,35.5,21,6.95,4.18,18.1,48.3%
"Jordan Norwood",WR,2009,"180 lbs",4.62,119,38.0,-,6.80,4.20,20.9,26.1%
"Jordan Payton",WR,2016,"207 lbs",4.47,121,34.5,-,7.08,4.33,21.0,27.2%
"Jordan Smallwood",WR,2018,"219 lbs",4.58,130,39.0,21,6.95,4.26,-,2.0%
"Jordan Taylor",WR,2015,"204 lbs",4.57,122,36.5,9,6.69,4.46,20.6,32.5%
"Jordan Veasy",WR,2018,"221 lbs",4.58,123,34.5,16,7.07,4.47,22.2,23.7%
"Jordan Westerkamp",WR,2017,"194 lbs",-,-,-,-,-,-,20.2,30.5%
"Jordan Williams-Lambert",WR,2016,"227 lbs",4.69,116,33.5,21,7.03,4.45,19.3,41.1%
"Jordy Nelson",WR,2008,"217 lbs",4.51,123,31.0,-,7.03,4.35,20.3,49.6%
"Josh Barge",WR,2017,"184 lbs",4.82,113,32.0,8,7.38,4.44,20.9,36.0%
"Josh Bellamy",WR,2012,"206 lbs",4.52,124,36.5,19,6.67,4.13,21.3,16.9%
"Josh Boyce",WR,2013,"206 lbs",4.38,131,34.0,22,6.68,4.10,19.3,31.3%
"Josh Cooper",WR,2012,"190 lbs",4.70,115,31.5,11,7.12,4.35,-,13.2%
"Josh Crockett",WR,2018,"197 lbs",4.64,137,41.0,9,7.47,4.50,21.5,29.1%
"Josh Doctson",WR,2016,"202 lbs",4.50,131,41.0,14,6.84,4.08,18.8,38.6%
"Josh Gordon",WR,2012,"225 lbs",4.57,121,36.0,13,-,-,19.4,25.0%
"Josh Harper",WR,2015,"191 lbs",4.64,108,32.0,13,7.15,4.36,21.8,31.5%
"Josh Huff",WR,2014,"206 lbs",4.51,116,35.5,14,6.96,4.12,20.9,33.8%
"Josh Lenz",WR,2013,"195 lbs",4.44,121,38.5,21,6.59,4.20,21.0,19.0%
"Josh Magee",WR,2017,"184 lbs",4.54,107,31.5,14,6.91,4.26,23.9,32.1%
"Josh Malone",WR,2017,"208 lbs",4.40,121,30.5,10,7.05,4.19,20.5,35.3%
"Josh Morgan",WR,2008,"219 lbs",4.51,120,40.5,14,7.06,4.29,20.2,24.7%
"Josh Reynolds",WR,2017,"194 lbs",4.52,124,37.0,-,6.83,4.13,19.6,39.7%
"Josh Stewart",WR,2014,"178 lbs",4.69,117,35.0,11,7.10,4.33,19.9,20.3%
"Jovon Durante",WR,2019,"160 lbs",4.55,120,31.5,-,7.00,4.31,22.4,33.1%
"JuJu Smith-Schuster",WR,2017,"215 lbs",4.54,120,32.5,15,6.88,4.19,18.8,31.9%
"JuWann Winfree",WR,2019,-,-,-,-,-,-,-,-,16.0%
"Julian Edelman",WR,2009,"198 lbs",4.57,123,36.5,14,6.62,3.92,-,-
"Julian Talley",WR,2012,"192 lbs",4.62,128,41.5,14,6.65,4.09,21.2,30.2%
"Julian Williams",WR,2018,"193 lbs",4.77,119,34.0,15,6.95,4.21,-,11.1%
"Julio Jones",WR,2011,"220 lbs",4.39,135,38.5,17,6.66,4.25,19.6,34.4%
"Junior Hemingway",WR,2012,"222 lbs",4.53,124,35.5,21,6.59,3.98,21.7,24.8%
"Juron Criner",WR,2012,"220 lbs",4.68,117,38.0,17,7.15,4.30,19.7,34.9%
"Justice Liggins",WR,2017,"206 lbs",4.56,127,39.0,16,6.86,4.25,-,18.5%
"Justin Blackmon",WR,2012,"207 lbs",4.53,123,35.0,14,7.13,4.38,20.7,44.0%
"Justin Brown",WR,2013,"209 lbs",4.65,117,30.5,8,6.96,4.31,20.5,19.8%
"Justin Hardy",WR,2015,"192 lbs",4.56,114,36.5,11,6.63,4.21,19.7,31.6%
"Justin Hunter",WR,2013,"196 lbs",4.44,136,39.5,-,7.19,4.33,19.3,27.2%
"Justin Thomas",WR,2017,"186 lbs",4.40,115,32.0,-,7.19,4.14,-,-
"Justin Veltung",WR,2013,"182 lbs",4.51,129,41.5,8,6.79,4.15,-,3.1%
"Justin Watson",WR,2018,"215 lbs",4.49,124,40.0,20,7.08,4.26,19.4,60.3%
"Juston Christian",WR,2019,-,-,-,-,-,-,-,17.7,51.4%
"K.J. Brent",WR,2016,"202 lbs",4.59,118,34.0,6,6.89,4.30,-,14.5%
"K.J. Hill",WR,2019,-,-,-,-,-,-,-,-,15.4%
"K.J. Maye",WR,2016,"191 lbs",4.66,113,33.0,10,7.18,4.35,21.5,30.5%
"KD Cannon",WR,2017,"182 lbs",4.41,119,37.0,13,7.10,4.37,18.8,39.4%
"Ka'Raun White",WR,2018,"199 lbs",4.52,118,33.5,24,7.16,4.57,19.4,28.7%
"Kadron Boone",WR,2014,"193 lbs",4.52,118,33.0,9,7.37,4.60,21.0,15.1%
"Kaelin Clay",WR,2015,"195 lbs",4.51,113,33.0,10,6.97,4.26,22.7,20.2%
"Kain Colter",WR,2014,"198 lbs",4.76,113,33.5,11,6.68,4.20,-,-
"Kalif Raymond",WR,2016,"162 lbs",4.39,-,-,-,-,-,21.1,30.5%
"Kamar Aiken",WR,2011,"215 lbs",4.50,128,36.5,17,7.19,4.63,18.3,25.9%
"Karel Hamilton",WR,2017,"199 lbs",4.66,115,34.0,12,7.10,4.62,18.4,38.2%
"Kasen Williams",WR,2015,"219 lbs",4.65,119,35.0,17,7.10,4.46,20.8,20.1%
"Kashif Moore",WR,2012,"180 lbs",4.42,126,43.5,19,6.82,4.05,21.8,31.1%
"Kassim Osgood",WR,2003,"220 lbs",4.68,122,31.0,-,7.19,4.44,-,-
"KeVonn Mabon",WR,2017,"212 lbs",4.71,122,31.5,14,6.91,4.33,20.9,28.4%
"Kealoha Pilares",WR,2011,"201 lbs",4.47,125,40.5,19,6.85,4.11,22.5,31.6%
"KeeSean Johnson",WR,2019,"201 lbs",4.60,117,30.0,14,7.28,4.23,19.9,35.7%
"Keelan Cole",WR,2017,"194 lbs",4.64,-,-,-,6.69,4.40,20.4,60.7%
"Keelan Doss",WR,2019,"211 lbs",-,-,-,8,-,-,20.5,35.9%
"Keenan Allen",WR,2013,"206 lbs",4.71,-,-,-,-,-,18.4,49.5%
"Keenan Reynolds",WR,2016,"190 lbs",4.62,120,37.0,15,-,-,-,-
"Keeon Johnson",WR,2017,"211 lbs",4.62,132,35.5,25,7.00,4.34,-,15.7%
"Keevan Lucas",WR,2017,"192 lbs",4.55,119,32.5,11,7.23,4.43,19.4,41.5%
"Keith Kirkwood",WR,2018,"221 lbs",4.50,123,35.0,-,6.94,4.43,23.7,26.9%
"Keith Mumphery",WR,2015,"215 lbs",4.54,121,32.5,15,7.07,4.25,-,12.9%
"Keke Coutee",WR,2018,"181 lbs",4.43,113,34.5,14,6.93,4.15,20.6,30.8%
"Kelvin Benjamin",WR,2014,"240 lbs",4.61,119,32.5,13,7.33,4.39,22.6,29.3%
"Kelvin Harmon",WR,2019,"221 lbs",4.60,117,32.5,18,7.15,4.32,21.3,31.2%
"Kenbrell Thompkins",WR,2013,"190 lbs",4.54,121,33.5,8,6.88,4.21,-,14.5%
"Kendall Wright",WR,2012,"196 lbs",4.61,121,38.5,4,6.93,4.18,18.8,35.7%
"Kendrick Bourne",WR,2017,"203 lbs",4.68,125,34.0,9,6.73,4.21,19.1,20.6%
"Kenneth Walker",WR,2017,"188 lbs",4.35,115,32.0,19,7.28,4.40,-,15.5%
"Kenny Bell",WR,2015,"197 lbs",4.42,129,41.5,7,6.66,4.15,19.5,29.2%
"Kenny Britt",WR,2009,"215 lbs",4.56,124,37.0,23,-,-,19.0,36.1%
"Kenny Cook",WR,2015,"218 lbs",4.65,120,33.0,12,7.13,4.37,20.3,30.0%
"Kenny Golladay",WR,2017,"218 lbs",4.50,120,35.5,18,7.00,4.15,19.8,41.8%
"Kenny Lawler",WR,2016,"203 lbs",4.64,111,31.0,-,7.13,4.20,20.2,22.0%
"Kenny Shaw",WR,2014,"174 lbs",4.61,120,33.0,8,6.62,4.27,-,17.7%
"Kenny Stills",WR,2013,"194 lbs",4.38,124,33.5,16,7.13,4.13,19.4,29.3%
"Keon Hatcher",WR,2017,"212 lbs",4.64,-,-,16,-,-,20.0,28.4%
"Kermit Whitfield",WR,2017,"185 lbs",4.44,120,32.5,8,7.17,4.37,21.9,16.8%
"Kerry Taylor",WR,2011,"200 lbs",4.56,120,38.0,16,6.63,4.18,19.5,19.1%
"Keshawn Martin",WR,2012,"189 lbs",4.45,122,39.5,13,6.85,4.13,-,18.7%
"Kevin Cone",WR,2011,"216 lbs",4.46,121,36.0,20,7.53,4.35,-,10.0%
"Kevin Dorsey",WR,2013,"207 lbs",4.52,130,38.0,17,7.08,4.28,21.5,21.7%
"Kevin Elliott",WR,2012,"213 lbs",4.58,122,34.0,-,6.72,4.20,19.7,34.6%
"Kevin Norwood",WR,2014,"198 lbs",4.48,121,33.0,8,6.68,4.32,24.0,21.0%
"Kevin Ogletree",WR,2009,"198 lbs",4.46,122,36.0,-,6.67,4.08,19.1,42.5%
"Kevin Smith",WR,2014,"208 lbs",4.59,126,37.0,10,6.96,4.36,-,19.3%
"Kevin White",WR,2015,"215 lbs",4.35,123,36.5,23,6.92,4.14,21.2,36.8%
"Kevonte Martin-Manley",WR,2015,"205 lbs",4.63,124,35.5,-,6.94,4.21,19.9,13.2%
"Keyarris Garrett",WR,2016,"220 lbs",4.53,128,36.5,14,7.30,4.33,19.9,34.3%
"Khadarel Hodge",WR,2018,"198 lbs",4.63,124,38.0,-,-,-,21.7,36.9%
"Kofi Hughes",WR,2014,"208 lbs",4.57,126,35.5,24,6.90,4.20,19.4,24.0%
"Kolby Listenbee",WR,2016,"197 lbs",4.39,129,35.5,15,-,-,-,15.4%
"Korey Robertson",WR,2018,"212 lbs",4.56,123,34.0,13,7.55,4.40,22.2,42.7%
"Kris Durham",WR,2011,"215 lbs",4.51,121,36.0,17,6.89,4.41,22.5,16.5%
"Krishawn Hogan",WR,2017,"222 lbs",4.56,124,36.5,13,6.74,4.21,19.3,44.8%
"Kyle Prater",WR,2015,"225 lbs",4.76,121,31.0,20,7.12,4.29,23.2,20.3%
"Kyle Williams",WR,2010,"186 lbs",4.43,118,33.0,11,7.00,4.19,21.1,39.3%
"L'Damian Washington",WR,2014,"195 lbs",4.46,115,32.0,8,7.19,4.35,21.3,31.1%
"LaRon Byrd",WR,2012,"220 lbs",4.50,125,35.0,15,7.07,4.10,-,9.7%
"LaVon Brazill",WR,2012,"192 lbs",4.48,118,32.5,11,7.08,4.37,20.5,34.8%
"Lamaar Thomas",WR,2013,"185 lbs",4.45,123,38.0,16,6.80,4.24,22.4,20.6%
"Lamont Bryant",WR,2012,"229 lbs",4.44,128,43.0,19,6.78,4.38,23.7,20.2%
"Lance Lenoir",WR,2017,"199 lbs",4.70,107,33.0,13,6.87,4.39,18.6,36.2%
"Lance Moore",WR,2006,"190 lbs",4.57,117,40.0,-,7.12,4.32,20.0,33.4%
"Laquon Treadwell",WR,2016,"221 lbs",4.68,117,33.0,12,7.05,4.25,19.2,29.0%
"Larry Fitzgerald",WR,2004,"218 lbs",4.53,-,35.5,-,-,-,19.0,51.3%
"Larry Pinkard",WR,2015,"196 lbs",4.56,128,36.5,18,7.15,4.31,20.5,24.0%
"Lavelle Hawkins",WR,2008,"194 lbs",4.57,117,33.5,14,6.95,4.24,20.2,28.0%
"Lee Doss",WR,2014,"178 lbs",4.59,122,36.0,11,6.95,4.31,21.4,34.7%
"Lemar Durant",WR,2015,"231 lbs",4.64,119,36.0,27,7.35,4.60,20.0,36.0%
"Leonard Hankerson",WR,2011,"209 lbs",4.43,117,36.0,14,6.94,4.21,20.6,49.6%
"Leonte Carroo",WR,2016,"211 lbs",4.50,120,35.5,14,-,-,19.6,63.9%
"Lestar Jean",WR,2011,"215 lbs",4.65,113,37.5,14,7.45,4.43,22.6,43.3%
"Levern Jacobs",WR,2017,"182 lbs",4.50,135,39.0,13,6.85,4.07,22.7,20.2%
"Levi Norwood",WR,2015,"195 lbs",4.64,123,34.5,-,6.78,4.19,-,12.6%
"Lil'Jordan Humphrey",WR,2019,"210 lbs",4.75,119,33.5,13,7.09,4.29,20.4,32.3%
"Linell Bonner",WR,2018,"200 lbs",4.81,115,33.5,16,6.97,4.33,21.4,32.5%
"Louis Murphy",WR,2009,"200 lbs",4.43,117,34.5,12,6.87,4.02,21.3,21.5%
"Lucky Whitehead",WR,2015,"163 lbs",4.44,121,36.0,20,6.89,4.18,22.3,31.4%
"Mack Hollins",WR,2017,"221 lbs",4.53,-,-,-,-,-,21.0,22.4%
"Malachi Dupre",WR,2017,"196 lbs",4.52,135,39.5,11,7.19,4.26,18.9,32.3%
"Malcolm Lewis",WR,2017,"193 lbs",4.63,115,31.5,14,7.23,4.59,-,5.3%
"Malcolm Mitchell",WR,2016,"198 lbs",4.45,129,36.0,15,6.94,4.34,22.1,35.8%
"Malcolm Williams",WR,2019,-,-,-,-,-,-,-,20.6,33.4%
"Malcom Floyd",WR,2004,"225 lbs",4.55,-,38.0,-,6.66,4.18,20.0,26.3%
"Malcome Kennedy",WR,2015,"205 lbs",4.67,119,31.5,10,7.10,4.26,22.4,15.4%
"Malik Turner",WR,2018,"202 lbs",-,-,-,17,-,-,20.6,26.5%
"MarQuez North",WR,2016,"223 lbs",4.48,123,35.0,17,6.90,4.13,-,10.3%
"Marcell Ateman",WR,2018,"216 lbs",4.62,121,34.0,13,7.07,4.25,23.0,22.2%
"Marcus Beaurem",WR,2015,"185 lbs",4.45,113,35.0,12,6.85,4.33,19.6,31.4%
"Marcus Harris",WR,2011,"187 lbs",4.55,124,33.0,9,6.68,4.16,19.5,35.8%
"Marcus Johnson",WR,2016,"204 lbs",4.44,135,37.0,22,7.26,4.39,-,12.6%
"Marcus Kemp",WR,2017,"200 lbs",4.59,126,35.5,10,7.10,4.36,19.1,33.3%
"Marcus Tucker",WR,2016,"192 lbs",4.60,122,34.5,13,7.14,4.33,21.2,31.3%
"Mario Alford",WR,2015,"180 lbs",4.43,121,34.0,13,6.64,4.07,20.5,32.6%
"Mario Manningham",WR,2008,"185 lbs",4.59,117,32.0,16,7.34,4.27,19.3,47.9%
"Marken Michel",WR,2016,"193 lbs",4.62,125,35.5,25,7.17,4.29,-,17.1%
"Markus Wheaton",WR,2013,"189 lbs",4.45,120,37.0,20,6.80,4.02,19.6,36.0%
"Marlon Brown",WR,2013,"213 lbs",4.65,-,-,10,-,-,21.4,20.2%
"Marqise Lee",WR,2014,"192 lbs",4.52,127,38.0,11,6.96,4.01,19.8,34.5%
"Marques Colston",WR,2006,"225 lbs",4.50,123,37.0,16,6.96,4.44,19.3,34.6%
"Marquess Wilson",WR,2013,"184 lbs",4.51,122,34.5,7,6.65,4.33,18.0,32.0%
"Marquez Valdes-Scantling",WR,2018,"206 lbs",4.37,124,30.5,15,6.85,4.17,22.9,26.7%
"Marquis Bundy",WR,2016,"212 lbs",4.54,118,32.0,15,7.12,4.39,19.1,11.9%
"Marquise Brown",WR,2019,"166 lbs",-,-,-,-,-,-,21.3,26.2%
"Marquise Goodwin",WR,2013,"183 lbs",4.27,132,40.0,13,6.66,4.09,-,13.6%
"Martavis Bryant",WR,2014,"211 lbs",4.42,124,39.0,16,7.18,4.15,-,18.5%
"Marvin Hall",WR,2016,"192 lbs",4.45,125,40.0,15,6.86,4.24,-,6.3%
"Marvin Jones",WR,2012,"200 lbs",4.46,112,33.0,22,6.81,4.11,19.5,26.3%
"Marvin McNutt",WR,2012,"216 lbs",4.54,122,37.0,-,7.15,4.07,20.2,45.5%
"Matt Hazel",WR,2014,"198 lbs",4.50,118,36.5,15,7.08,4.20,19.6,28.6%
"Matt Miller",WR,2015,"222 lbs",4.83,114,34.0,9,7.12,4.43,22.4,24.3%
"Matthew Slater",WR,2008,"195 lbs",4.45,-,-,-,-,-,-,-
"Maurice Harris",WR,2016,"195 lbs",4.61,-,-,-,6.95,4.35,-,12.5%
"Max McCaffrey",WR,2016,"190 lbs",4.51,122,36.5,9,7.09,4.15,21.3,23.9%
"Mecole Hardman",WR,2019,"187 lbs",4.33,119,36.5,17,-,-,-,18.7%
"Mekale McKay",WR,2016,"207 lbs",4.55,123,35.0,12,7.08,4.63,21.1,15.1%
"Micah Hatfield",WR,2014,"182 lbs",4.49,121,38.0,11,6.50,4.04,-,3.7%
"Michael Campanaro",WR,2014,"192 lbs",4.46,122,39.0,20,6.77,4.01,20.6,59.5%
"Michael Clark",WR,2017,"217 lbs",4.58,126,33.0,17,7.54,4.31,-,19.8%
"Michael Crabtree",WR,2009,"214 lbs",4.59,122,34.0,-,6.87,4.06,20.0,34.3%
"Michael Floyd",WR,2012,"220 lbs",4.47,122,36.5,16,7.11,4.37,18.8,39.4%
"Michael Gallup",WR,2018,"205 lbs",4.51,122,36.0,10,6.95,4.37,20.5,37.4%
"Michael Preston",WR,2011,"206 lbs",4.65,120,35.0,13,6.83,4.13,20.3,43.9%
"Michael Rector",WR,2017,"193 lbs",4.42,129,36.5,13,6.77,4.19,19.7,20.8%
"Michael Thomas",WR,2016,"212 lbs",4.57,126,35.0,18,6.80,4.13,21.5,39.6%
"Mike A. Thomas",WR,2009,"198 lbs",4.40,126,40.5,16,6.65,4.28,18.3,27.5%
"Mike A. Williams",WR,2010,"212 lbs",4.53,118,36.5,8,6.90,4.31,19.3,38.5%
"Mike Brown",WR,2012,"205 lbs",4.74,116,30.5,17,6.96,4.25,20.6,23.4%
"Mike Davis",WR,2014,"197 lbs",4.55,117,32.5,-,7.11,4.39,18.3,39.0%
"Mike Evans",WR,2014,"231 lbs",4.53,123,37.0,12,7.08,4.26,19.0,30.2%
"Mike Thomas",WR,2016,"200 lbs",4.59,126,36.0,16,7.06,4.26,20.1,35.1%
"Mike Wallace",WR,2009,"199 lbs",4.33,129,40.0,14,6.90,4.27,20.1,29.6%
"Mike Williams",WR,2017,"218 lbs",4.59,121,32.5,15,-,-,19.9,27.0%
"Miles Austin",WR,2006,"217 lbs",4.47,123,40.5,21,7.09,4.14,18.2,48.0%
"Miles Boykin",WR,2019,"220 lbs",4.42,140,43.5,12,6.77,4.07,21.9,30.1%
"Milton Williams",WR,2015,"200 lbs",4.74,120,37.5,10,6.91,4.45,19.5,50.0%
"Mitch Mathews",WR,2016,"222 lbs",4.54,129,36.0,12,6.99,4.25,21.4,30.7%
"Mohamed Sanu",WR,2012,"211 lbs",4.67,126,36.0,19,6.88,4.22,20.0,35.9%
"Montay Crockett",WR,2017,"190 lbs",4.44,131,38.0,18,6.82,4.25,-,14.2%
"Mose Frazier",WR,2016,"196 lbs",4.60,125,37.0,15,-,-,-,16.6%
"Myles White",WR,2013,"182 lbs",4.42,121,37.5,11,6.90,4.15,-,17.9%
"N'Keal Harry",WR,2019,"228 lbs",4.53,122,38.5,27,-,-,18.7,43.9%
"Nate Burleson",WR,2003,"198 lbs",4.51,126,42.5,-,6.96,4.16,19.0,45.1%
"Nate Cole",WR,2017,"199 lbs",4.98,109,33.5,11,7.31,4.60,-,19.0%
"Nate Washington",WR,2005,"183 lbs",4.60,-,-,-,-,-,19.0,71.8%
"Nathan Palmer",WR,2012,"198 lbs",4.39,125,37.0,13,6.92,4.25,21.4,23.0%
"Nathan Slaughter",WR,2014,"184 lbs",4.39,138,44.5,16,7.18,4.18,-,14.7%
"Nelson Agholor",WR,2015,"198 lbs",4.42,125,36.5,12,6.83,4.34,20.3,32.4%
"Nelson Spruce",WR,2016,"206 lbs",4.69,114,35.0,12,7.09,4.20,19.8,38.2%
"Nicholas Norris",WR,2017,"160 lbs",4.54,125,37.0,8,7.03,4.14,-,29.5%
"Nick Harwell",WR,2015,"193 lbs",4.45,123,34.5,9,6.65,4.22,19.6,33.1%
"Nick Kurtz",WR,2017,"218 lbs",4.73,117,34.0,7,7.05,4.39,-,17.2%
"Nick Toon",WR,2012,"215 lbs",4.49,130,37.5,18,-,-,20.8,31.2%
"Nick Williams",WR,2013,"183 lbs",4.64,114,37.0,-,6.79,4.11,-,9.1%
"Nigel King",WR,2015,"210 lbs",4.62,128,39.5,15,6.58,4.38,-,16.3%
"Noah Brown",WR,2017,"222 lbs",4.64,-,-,19,7.07,4.33,20.7,22.4%
"Noel Grigsby",WR,2014,"175 lbs",4.74,121,37.5,13,7.00,4.34,18.9,16.1%
"Noel Thomas",WR,2017,"205 lbs",4.54,118,32.5,9,-,-,20.0,43.0%
"Nyqwan Murray",WR,2019,"191 lbs",4.63,113,34.0,8,7.20,4.40,20.1,21.0%
"Odell Beckham",WR,2014,"198 lbs",4.43,122,38.5,7,6.69,3.94,19.8,34.5%
"Olabisi Johnson",WR,2019,"204 lbs",4.51,124,38.0,14,6.88,4.16,21.5,20.3%
"Olamide Zaccheaus",WR,2019,-,-,-,-,-,-,-,-,36.5%
"Papi White",WR,2019,-,-,-,-,-,-,-,20.1,36.2%
"Parris Campbell",WR,2019,"205 lbs",4.31,135,40.0,11,-,4.03,20.1,23.5%
"Patrick Edwards",WR,2012,"175 lbs",4.62,118,33.5,5,7.12,4.20,21.9,32.8%
"Paul McRoberts",WR,2016,"202 lbs",4.74,125,35.5,8,7.28,4.42,19.8,62.3%
"Paul Richardson",WR,2014,"175 lbs",4.40,124,38.0,10,6.98,4.23,18.4,46.3%
"Paul Turner",WR,2016,"193 lbs",4.60,130,39.0,18,7.25,4.31,-,15.9%
"Penny Hart",WR,2019,-,-,-,-,-,-,-,19.2,32.0%
"Percy Harvin",WR,2009,"184 lbs",4.41,121,37.5,19,-,-,19.3,21.4%
"Pharoh Cooper",WR,2016,"203 lbs",4.70,118,30.5,19,7.15,4.26,19.5,43.1%
"Phil Bates",WR,2012,"220 lbs",4.53,128,40.5,19,6.87,4.39,-,-
"Phil Mayhue",WR,2018,"211 lbs",4.67,117,34.5,11,7.11,4.39,-,12.1%
"Phillip Dorsett",WR,2015,"185 lbs",4.33,122,37.0,13,6.70,4.11,19.7,32.6%
"Pierre Garcon",WR,2008,"210 lbs",4.48,125,36.5,20,6.90,4.19,19.1,37.7%
"Pig Howard",WR,2016,"184 lbs",4.65,117,32.5,11,6.92,4.29,20.5,12.2%
"Preston Parker",WR,2010,"200 lbs",4.65,117,35.0,16,6.92,4.16,20.6,18.7%
"Preston Williams",WR,2019,-,-,-,-,-,-,-,21.4,45.3%
"Quadree Henderson",WR,2018,"190 lbs",4.50,120,32.5,12,6.89,4.28,-,5.2%
"Quan Bray",WR,2015,"194 lbs",4.55,116,34.0,12,6.87,4.28,21.4,16.6%
"Quenton Bundrage",WR,2016,"206 lbs",4.59,123,37.5,17,7.07,4.64,22.0,35.5%
"Quincy Adeboyejo",WR,2017,"197 lbs",4.42,123,34.5,8,6.73,4.14,-,13.1%
"Quincy Enunwa",WR,2014,"225 lbs",4.45,-,-,19,-,-,21.3,41.7%
"Quinshad Davis",WR,2016,"218 lbs",4.74,113,31.5,17,7.07,4.35,19.3,21.6%
"Quinton Patton",WR,2013,"204 lbs",4.53,118,33.0,8,6.91,4.01,21.1,40.6%
"Quron Pratt",WR,2014,"195 lbs",4.55,128,34.5,14,6.85,4.19,-,9.0%
"R.J. Harris",WR,2015,"200 lbs",4.57,127,37.5,18,7.23,4.20,19.3,47.4%
"R.J. Shelton",WR,2017,"200 lbs",4.69,109,32.0,17,6.91,4.23,22.3,27.9%
"Ramses Barden",WR,2009,"224 lbs",4.68,118,33.5,17,6.97,4.26,19.7,70.7%
"Randall Cobb",WR,2011,"192 lbs",4.46,115,33.5,16,7.08,4.34,20.0,28.2%
"Rannell Hall",WR,2015,"198 lbs",4.60,132,41.0,16,6.86,4.15,19.6,13.8%
"Rashad Greene",WR,2015,"182 lbs",4.53,122,36.5,-,6.88,4.12,20.0,29.5%
"Rashad Ross",WR,2013,"175 lbs",4.41,115,35.0,12,7.19,4.37,-,18.7%
"Rashard Davis",WR,2017,"173 lbs",4.52,121,35.5,9,6.90,4.05,20.7,17.1%
"Rashard Higgins",WR,2016,"196 lbs",4.64,116,32.0,13,7.13,4.53,18.9,43.6%
"Rashawn Scott",WR,2016,"199 lbs",4.59,116,32.5,17,6.88,4.33,23.6,23.5%
"Rasheed Bailey",WR,2015,"205 lbs",4.62,118,34.0,14,6.90,4.40,20.1,57.0%
"Ray-Ray McCloud",WR,2018,"190 lbs",4.53,113,34.5,13,6.89,4.32,-,10.6%
"Reggie Davis",WR,2017,"158 lbs",4.41,115,32.0,4,6.94,4.12,-,4.9%
"Reggie Diggs",WR,2016,"214 lbs",4.69,132,38.5,12,7.08,4.29,21.3,25.8%
"Reggie Wayne",WR,2001,"198 lbs",4.45,121,36.0,-,-,-,18.8,32.1%
"Reggie White",WR,2019,-,-,-,-,-,-,-,-,50.5%
"Ricardo Lockette",WR,2011,"211 lbs",4.37,127,35.5,22,7.15,4.19,-,-
"Ricardo Louis",WR,2016,"215 lbs",4.43,132,38.0,18,7.07,4.32,21.5,31.6%
"Richard Mullaney",WR,2016,"204 lbs",4.81,111,30.0,12,7.16,4.39,-,17.1%
"Richie James",WR,2018,"185 lbs",4.48,122,35.5,6,6.87,4.16,20.0,22.8%
"Ricky Collins",WR,2015,"200 lbs",4.58,119,36.0,-,7.43,4.39,22.5,28.8%
"Ricky Jeune",WR,2018,"213 lbs",4.61,119,36.0,15,6.96,4.39,21.8,59.4%
"Rico Gafford",WR,2018,"184 lbs",4.27,122,36.5,10,-,4.46,-,-
"Rico Richardson",WR,2013,"185 lbs",4.43,121,35.5,12,6.77,4.12,20.2,30.8%
"Riley Cooper",WR,2010,"222 lbs",4.53,114,33.0,-,6.73,4.15,22.0,30.6%
"Riley McCarron",WR,2017,"188 lbs",4.46,124,40.5,-,6.59,4.16,23.2,24.7%
"Riley Ridley",WR,2019,"199 lbs",4.58,124,30.5,13,7.22,4.28,22.1,22.2%
"Rishard Matthews",WR,2012,"210 lbs",4.62,123,36.0,20,6.88,4.19,20.9,44.1%
"River Cracraft",WR,2017,"193 lbs",-,-,-,15,-,-,19.8,19.3%
"Robby Anderson",WR,2016,"190 lbs",4.41,128,36.5,8,7.07,4.27,20.3,34.8%
"Robert Davis",WR,2017,"219 lbs",4.44,136,41.0,10,6.82,4.28,18.4,31.1%
"Robert Foster",WR,2018,"196 lbs",4.41,116,31.0,-,6.90,4.20,-,4.3%
"Robert Herron",WR,2014,"193 lbs",4.48,125,35.5,18,6.84,4.27,20.3,31.4%
"Robert Meachem",WR,2007,"215 lbs",4.39,121,37.5,-,6.97,4.31,21.9,41.8%
"Robert Wheelwright",WR,2017,"205 lbs",4.65,128,38.0,15,6.68,4.14,20.7,24.6%
"Robert Woods",WR,2013,"201 lbs",4.51,117,33.5,14,7.15,4.47,18.4,31.6%
"Rod Streater",WR,2012,"200 lbs",4.51,133,37.5,18,7.06,4.07,22.6,33.3%
"Roddy White",WR,2005,"208 lbs",4.50,126,41.0,18,7.12,4.01,20.8,50.5%
"Rodney Adams",WR,2017,"189 lbs",4.44,125,29.5,8,6.98,4.28,21.0,28.6%
"Rodney Smith",WR,2013,"219 lbs",4.51,120,34.5,-,7.03,4.07,-,14.9%
"Roger Lewis",WR,2016,"201 lbs",4.57,116,33.5,8,7.58,4.45,20.8,33.8%
"Ron'Quavion Tarver",WR,2019,-,-,-,-,-,-,-,-,25.9%
"Ross Apo",WR,2015,"210 lbs",4.61,134,36.5,12,6.99,4.27,20.9,23.2%
"Rudy Rudolph",WR,2015,"170 lbs",4.56,104,30.0,-,7.06,4.46,18.2,45.1%
"Rueben Randle",WR,2012,"208 lbs",4.55,121,31.0,15,6.99,4.36,19.3,40.5%
"Russell Gage",WR,2018,"186 lbs",4.55,122,39.0,15,7.03,4.25,-,14.2%
"Russell Shepard",WR,2013,"195 lbs",4.51,122,38.5,8,7.09,4.37,-,10.7%
"Ryan Broyles",WR,2012,"188 lbs",4.57,117,32.5,21,-,-,21.4,42.9%
"Ryan Davis",WR,2019,"189 lbs",-,124,35.0,12,7.09,4.23,-,12.5%
"Ryan Grant",WR,2014,"191 lbs",4.64,119,35.5,8,6.68,4.11,21.7,45.3%
"Ryan Spadola",WR,2013,"204 lbs",4.48,119,33.5,15,6.72,4.07,19.6,31.3%
"Ryan Switzer",WR,2017,"181 lbs",4.51,116,32.0,11,6.77,4.00,21.8,24.6%
"Ryan Whalen",WR,2011,"202 lbs",4.62,123,38.5,18,6.67,4.09,20.1,21.5%
"Saalim Hakim",WR,2012,"188 lbs",4.33,-,-,-,-,-,20.6,15.4%
"Saeed Blacknall",WR,2018,"208 lbs",4.42,127,32.5,24,6.77,4.19,-,11.2%
"Sam Mentkowski",WR,2018,"195 lbs",4.46,120,35.5,3,6.76,4.00,-,41.3%
"Sammie Coates",WR,2015,"212 lbs",4.43,131,41.0,23,6.98,4.06,20.4,29.5%
"Sammy Watkins",WR,2014,"211 lbs",4.43,126,34.0,16,6.95,4.34,18.2,34.2%
"Santana Moss",WR,2001,"200 lbs",4.31,127,42.0,-,-,-,19.3,24.8%
"Santonio Holmes",WR,2006,"192 lbs",4.40,126,38.0,-,6.82,4.26,21.5,48.6%
"Scott Miller",WR,2019,-,-,-,-,-,-,-,19.1,41.5%
"Seantavius Jones",WR,2014,"208 lbs",4.58,125,38.5,14,6.96,4.32,20.1,42.6%
"Seth Roberts",WR,2014,"196 lbs",4.46,117,34.0,9,6.77,4.41,22.5,35.6%
"Seyi Ajirotutu",WR,2010,"211 lbs",4.60,115,36.0,14,7.22,4.39,21.2,29.7%
"Shane Wynn",WR,2015,"157 lbs",4.34,120,36.0,13,6.89,4.25,21.8,42.3%
"Shaq Evans",WR,2014,"213 lbs",4.51,122,34.5,13,7.07,4.21,21.5,29.6%
"Shaq Hill",WR,2017,"193 lbs",4.53,124,35.5,21,-,-,23.3,26.0%
"Shawn Poindexter",WR,2019,-,-,-,-,-,-,-,22.7,31.5%
"Shay Fields",WR,2018,"187 lbs",4.51,123,35.5,13,6.97,4.14,19.2,27.2%
"Shelton Gibson",WR,2017,"191 lbs",4.50,118,32.0,8,6.83,4.20,21.5,31.5%
"Shun Brown",WR,2019,-,-,-,-,-,-,-,-,24.5%
"Sidney Rice",WR,2007,"202 lbs",4.51,119,39.5,14,7.09,4.34,19.0,47.0%
"Simmie Cobbs",WR,2018,"220 lbs",4.64,113,30.0,11,6.70,4.32,19.9,29.2%
"Skye Dawson",WR,2013,"160 lbs",4.44,118,35.5,-,6.90,4.26,-,14.1%
"Solomon Patton",WR,2014,"179 lbs",4.43,120,33.0,16,7.02,4.13,22.9,40.8%
"Speedy Noil",WR,2017,"199 lbs",4.50,133,43.5,18,-,-,-,13.2%
"Stacy Coley",WR,2017,"195 lbs",4.45,122,34.0,10,7.15,4.40,18.3,27.2%
"Stanley Morgan",WR,2019,"202 lbs",4.53,125,38.5,14,6.78,4.13,21.0,37.5%
"Stedman Bailey",WR,2013,"193 lbs",4.52,117,34.5,11,6.81,4.09,20.8,47.4%
"Stefon Diggs",WR,2015,"195 lbs",4.46,115,35.0,11,7.03,4.32,18.6,36.1%
"Stephen Hill",WR,2012,"215 lbs",4.36,133,39.5,14,6.88,4.48,19.4,44.9%
"Sterling Shepard",WR,2016,"194 lbs",4.48,123,41.0,20,7.00,4.35,20.6,33.2%
"Steve Ishmael",WR,2018,"212 lbs",4.64,120,32.5,16,6.84,4.38,19.2,36.5%
"Steve Johnson",WR,2008,"202 lbs",4.58,121,32.5,-,7.07,4.26,21.1,30.3%
"Steve Smith",WR,2001,"185 lbs",4.41,120,38.0,-,6.68,4.19,20.3,31.0%
"Steven Dunbar",WR,2018,"205 lbs",4.83,120,36.0,9,7.03,4.45,21.7,26.4%
"Steven Mitchell",WR,2018,"189 lbs",4.56,121,32.5,13,6.75,4.40,-,17.9%
"T.J. Graham",WR,2012,"180 lbs",4.41,120,33.5,8,6.77,4.18,22.1,23.1%
"T.J. Jones",WR,2014,"188 lbs",4.48,119,33.0,13,6.82,4.27,21.1,33.4%
"T.J. Moe",WR,2013,"200 lbs",4.74,120,36.0,26,6.53,3.96,19.9,22.2%
"T.Y. Hilton",WR,2012,"183 lbs",4.39,119,35.5,7,7.03,4.36,18.8,41.9%
"Tajae Sharpe",WR,2016,"194 lbs",4.55,114,33.5,11,-,-,18.7,37.8%
"Tandon Doss",WR,2011,"207 lbs",4.67,116,33.5,14,6.91,4.22,20.0,28.9%
"Tanner Gentry",WR,2017,"208 lbs",4.63,123,38.0,19,7.29,4.43,20.7,44.8%
"Tanner McEvoy",WR,2016,"222 lbs",4.62,117,33.5,17,7.00,4.29,-,1.8%
"Tavares Martin",WR,2018,"185 lbs",4.80,-,31.5,-,-,-,20.6,24.7%
"Tavarres King",WR,2013,"189 lbs",4.47,123,36.5,11,6.91,4.33,21.1,24.1%
"Taylor Gabriel",WR,2014,"167 lbs",4.45,125,40.0,17,6.84,4.21,20.6,28.7%
"Taylor Price",WR,2010,"212 lbs",4.41,114,37.0,16,6.82,4.34,19.9,25.1%
"Taywan Taylor",WR,2017,"203 lbs",4.50,132,33.5,13,6.57,4.21,20.5,38.6%
"Ted Ginn",WR,2007,"180 lbs",4.43,-,34.5,-,-,-,20.4,28.5%
"Tello Luckett",WR,2015,"211 lbs",4.65,118,34.0,17,7.51,4.50,21.6,49.8%
"Teo Redding",WR,2018,"181 lbs",4.51,132,38.5,10,6.85,4.22,22.7,32.8%
"Terrance Williams",WR,2013,"208 lbs",4.52,119,32.5,11,7.01,4.32,22.0,38.3%
"Terrelle Pryor",WR,2011,"233 lbs",4.41,124,31.0,-,7.20,4.30,-,-
"Terren Encalade",WR,2019,-,-,-,-,-,-,-,-,39.8%
"Terrence Toliver",WR,2011,"204 lbs",4.59,122,32.0,-,6.48,4.03,21.3,39.3%
"Terry Godwin",WR,2019,"184 lbs",4.55,117,36.5,-,6.96,-,20.9,17.8%
"Terry McLaurin",WR,2019,"208 lbs",4.35,125,37.5,18,7.01,4.15,-,17.7%
"Terry Wright",WR,2019,-,-,-,-,-,-,-,-,14.8%
"Tevaun Smith",WR,2016,"205 lbs",4.46,122,38.0,13,6.68,4.27,22.6,20.1%
"Tevin Jones",WR,2016,"217 lbs",4.53,125,36.5,18,6.88,4.18,-,12.2%
"Tevin Reese",WR,2014,"163 lbs",4.46,132,41.0,13,6.63,4.18,21.7,28.3%
"Thomas Owens",WR,2018,"201 lbs",4.83,116,33.5,14,7.14,4.37,-,42.2%
"Thomas Sperbeck",WR,2017,"187 lbs",4.64,113,32.0,10,6.71,4.05,20.9,33.3%
"Tim Benford",WR,2012,"200 lbs",4.51,121,33.0,15,7.30,4.35,19.0,59.1%
"Tim Patrick",WR,2017,"208 lbs",4.52,128,37.5,22,6.99,4.38,22.8,38.1%
"Tim White",WR,2017,"175 lbs",4.56,130,38.5,14,7.11,4.44,21.1,19.6%
"Tiquan Underwood",WR,2009,"175 lbs",4.41,129,41.5,7,6.62,4.11,19.6,25.3%
"Titus Davis",WR,2015,"196 lbs",4.51,119,32.5,12,7.14,4.28,18.7,49.1%
"Tommy Streeter",WR,2012,"220 lbs",4.40,125,33.0,17,7.08,4.36,22.9,33.6%
"Tommylee Lewis",WR,2016,"170 lbs",4.53,120,34.0,11,7.13,4.22,19.9,19.3%
"Toney Clemons",WR,2012,"210 lbs",4.45,128,36.0,11,6.93,4.33,22.9,33.2%
"Tony Pierson",WR,2015,"175 lbs",4.48,134,37.0,9,6.89,4.35,-,7.7%
"Tony Stevens",WR,2017,"212 lbs",4.54,126,34.5,12,7.15,4.34,21.5,27.8%
"Tony Washington",WR,2014,"195 lbs",4.55,125,38.5,21,6.98,4.45,22.9,26.9%
"Tori Gurley",WR,2011,"232 lbs",4.53,118,33.5,15,7.05,4.25,-,16.0%
"Torrence Allen",WR,2014,"183 lbs",4.46,129,40.0,15,7.14,4.56,21.4,26.3%
"Torrey Smith",WR,2011,"205 lbs",4.43,126,41.0,19,6.72,4.13,20.6,41.1%
"Traveon Samuel",WR,2019,-,-,-,-,-,-,-,-,2.9%
"Travin Dural",WR,2017,"202 lbs",4.57,116,30.5,-,7.29,4.55,20.8,24.9%
"Travis Benjamin",WR,2012,"175 lbs",4.36,119,38.0,14,6.96,4.17,-,19.0%
"Travis Fulgham",WR,2019,"215 lbs",4.58,126,36.5,15,-,-,-,36.0%
"Travis Labhart",WR,2014,"180 lbs",4.72,120,35.5,9,6.71,4.28,-,19.1%
"Travis Rudolph",WR,2017,"189 lbs",4.65,114,31.5,12,6.93,4.46,20.0,28.6%
"Tre McBride",WR,2015,"210 lbs",4.41,122,38.0,16,6.96,4.08,19.8,37.8%
"Tre'Quan Smith",WR,2018,"210 lbs",4.49,130,37.5,12,6.97,4.50,19.2,33.0%
"Trent Bostick",WR,2018,"202 lbs",4.62,118,39.5,-,7.12,4.34,18.5,25.8%
"Trent Sherfield",WR,2018,"203 lbs",4.50,125,32.5,19,6.90,4.20,19.5,25.7%
"Trent Taylor",WR,2017,"181 lbs",4.63,117,33.0,13,6.74,4.01,20.4,31.7%
"Trenton Irwin",WR,2019,-,-,-,-,-,-,-,-,14.2%
"Trevon Brown",WR,2019,-,-,-,-,-,-,-,-,41.4%
"Trevor Davis",WR,2016,"188 lbs",4.42,124,38.5,11,6.60,4.22,19.2,14.7%
"Trevor Harman",WR,2015,"205 lbs",4.67,117,31.0,19,6.77,4.21,19.9,42.5%
"Trey Griffey",WR,2017,"209 lbs",4.64,118,32.5,17,7.32,4.50,-,16.6%
"Trey Quinn",WR,2018,"203 lbs",4.55,116,33.5,17,6.91,4.19,21.8,34.7%
"Trindon Holliday",WR,2010,"159 lbs",4.34,116,42.0,10,6.54,4.48,-,0.8%
"Troy Pelletier",WR,2018,"217 lbs",4.71,112,31.5,14,7.09,4.44,-,36.3%
"Tyler Boyd",WR,2016,"197 lbs",4.58,119,34.0,11,6.90,4.35,18.8,42.7%
"Tyler Lockett",WR,2015,"182 lbs",4.40,121,35.5,-,6.89,4.07,19.9,44.2%
"Tyler Rutenbeck",WR,2015,"186 lbs",4.50,123,38.0,-,6.62,4.08,22.0,39.2%
"Tyler Slavin",WR,2015,"215 lbs",4.67,117,34.0,13,7.01,4.23,22.6,39.0%
"Tyre Brady",WR,2019,"211 lbs",-,117,32.0,12,-,4.25,22.4,40.8%
"Tyreek Hill",WR,2016,"185 lbs",4.34,129,40.5,13,6.53,4.06,-,19.4%
"Tyrell Williams",WR,2015,"204 lbs",4.48,127,39.5,-,6.74,4.17,20.6,30.5%
"Tyron Johnson",WR,2019,-,-,-,-,-,-,-,22.7,23.6%
"Vernon Johnson",WR,2015,"190 lbs",4.61,127,37.0,18,7.37,4.47,22.4,27.3%
"Victor Bolden",WR,2017,"178 lbs",4.54,117,32.0,9,6.83,4.22,19.4,23.9%
"Victor Cruz",WR,2010,"204 lbs",4.52,125,41.5,16,6.96,4.17,21.8,39.9%
"Vincent Brown",WR,2011,"190 lbs",4.68,121,33.5,12,6.64,4.25,19.6,35.5%
"Vincent Jackson",WR,2005,"230 lbs",4.46,129,39.0,23,6.84,4.00,20.6,70.3%
"Vyncint Smith",WR,2018,"197 lbs",4.43,130,39.5,-,6.89,4.27,19.2,32.4%
"Walter Powell",WR,2014,"189 lbs",4.63,120,31.5,10,6.70,4.23,20.7,42.7%
"Wendall Williams",WR,2016,"185 lbs",4.32,127,45.0,-,6.64,4.11,24.0,48.3%
"Wes Welker",WR,2004,"185 lbs",4.70,113,30.0,-,7.09,4.01,20.4,17.4%
"Will Fuller",WR,2016,"186 lbs",4.32,126,33.5,10,6.93,4.27,20.4,46.7%
"Willie Snead",WR,2014,"195 lbs",4.62,113,33.5,11,7.19,4.39,19.9,39.4%
"Wyatt Demps",WR,2018,"206 lbs",4.78,121,34.5,9,7.47,4.59,20.5,35.5%
"Xavier Ubosi",WR,2019,-,-,-,-,-,-,-,24.6,36.9%
"Zach Pascal",WR,2017,"219 lbs",4.55,126,36.0,14,7.11,4.29,19.7,34.3%
"Zay Jones",WR,2017,"201 lbs",4.45,133,36.5,15,6.79,4.01,20.4,37.1%
